rx_time_s,src,seq,ts_ms_json,ts_ms_frame,accel_m_s2_x,accel_m_s2_y,accel_m_s2_z,gyro_rad_s_x,gyro_rad_s_y,gyro_rad_s_z,mag_uT_x,mag_uT_y,mag_uT_z,bmp_temp_c,pressure_pa,altitude_m,battery_v,decode_error
,,,,,,,,,,,,,,,92979.97,719.17,0.729,
,,,,,,,,,,,,,,,92979.97,719.17,0.729,
,,,,,,,,,,,,,,,92979.97,719.17,0.727,
,,,,,,,,,,,,,,,92979.97,719.17,0.725,
1784291354.5404475,T,1,281151,924,0.2059013396501541,0.22744916379451752,-10.254365921020508,0.0026646247133612633,-0.015721285715699196,0.04210107401013374,4.933333396911621,2.758333444595337,-3.625,17.719999313354492,93023.59375,715.2757568359375,1.7773598432540894,
1784291354.560968,T,2,281172,1024,0.15322890877723694,0.19871874153614044,-10.235212326049805,0.0015987749211490154,-0.021316997706890106,0.04210107401013374,4.958333492279053,2.8583333492279053,-3.6666667461395264,17.719999313354492,93023.59375,715.2757568359375,1.7773598432540894,
1784291354.5782537,T,3,281193,1124,0.16998831927776337,0.181959331035614,-10.230423927307129,0.0010658499086275697,-0.019718224182724953,0.04183461144566536,4.974999904632568,2.9000000953674316,-3.7916667461395264,17.719999313354492,93023.59375,715.2757568359375,1.7773598432540894,
1784291354.597443,T,4,281212,1224,0.1388636976480484,0.1867477297782898,-10.249577522277832,0.0015987749211490154,-0.018652373924851418,0.04183461144566536,5.041666507720947,2.883333444595337,-3.558333396911621,17.719999313354492,93023.59375,715.2757568359375,1.7773598432540894,
1784291354.6136396,T,5,281229,1324,0.15322890877723694,0.19153612852096558,-10.256759643554688,0.0015987749211490154,-0.019718224182724953,0.04183461144566536,4.916666507720947,3.0416667461395264,-3.9166667461395264,17.719999313354492,93023.59375,715.2757568359375,1.7733747959136963,
1784291354.630718,T,6,281246,1424,0.15083470940589905,0.1867477297782898,-10.230423927307129,0.0007993874605745077,-0.019984684884548187,0.04210107401013374,5.108333110809326,2.933333396911621,-3.8499999046325684,17.649999618530273,93013.1953125,716.2036743164062,1.7733747959136963,
1784291354.6543524,T,7,281263,1524,0.15083470940589905,0.20350714027881622,-10.249577522277832,0.0002664624771568924,-0.02025114931166172,0.04263399541378021,4.958333492279053,2.8583333492279053,-3.8499999046325684,17.649999618530273,93013.1953125,716.2036743164062,1.7773598432540894,
1784291354.6733973,T,8,281286,1624,0.15562310814857483,0.19153612852096558,-10.211270332336426,0.0013323123566806316,-0.019185297191143036,0.04236753284931183,5.0,3.0,-3.7916667461395264,17.649999618530273,93013.1953125,716.2036743164062,1.7813448905944824,
1784291354.68964,T,9,281305,1724,0.15322890877723694,0.1867477297782898,-10.261548042297363,0.0010658499086275697,-0.019984684884548187,0.04156814515590668,5.083333492279053,2.9583332538604736,-3.7916667461395264,17.649999618530273,93013.1953125,716.2036743164062,1.775367259979248,
1784291354.7068315,T,10,281322,1824,0.1604115068912506,0.17717093229293823,-10.244789123535156,0.0013323123566806316,-0.0189188364893198,0.04236753284931183,5.016666889190674,2.9583332538604736,-3.75,17.649999618530273,93013.1953125,716.2036743164062,1.775367259979248,
1784291354.7264671,T,11,281339,1924,0.1412578970193863,0.18914192914962769,-10.251971244812012,0.0013323123566806316,-0.019185297191143036,0.04263399541378021,5.016666889190674,2.883333444595337,-3.933333396911621,17.649999618530273,93014.2265625,716.111572265625,1.7773598432540894,
1784291354.7487776,T,12,281358,2024,0.17238251864910126,0.1843535304069519,-10.228029251098633,0.0010658499086275697,-0.02025114931166172,0.04263399541378021,5.016666889190674,2.933333396911621,-3.8916666507720947,17.649999618530273,93014.2265625,716.111572265625,1.7773598432540894,
1784291354.7655287,T,13,281381,2124,0.15083470940589905,0.1867477297782898,-10.228029251098633,0.0007993874605745077,-0.019185297191143036,0.04316692054271698,5.041666507720947,2.883333444595337,-3.8333332538604736,17.649999618530273,93014.2265625,716.111572265625,1.771382212638855,
1784291354.7831001,T,14,281398,2224,0.16998831927776337,0.19632454216480255,-10.228029251098633,0.0007993874605745077,-0.019185297191143036,0.04236753284931183,5.041666507720947,2.9583332538604736,-3.8499999046325684,17.649999618530273,93014.2265625,716.111572265625,1.775367259979248,
1784291354.8011568,T,15,281415,2324,0.15322890877723694,0.19632454216480255,-10.247182846069336,0.0007993874605745077,-0.018652373924851418,0.04210107401013374,5.108333110809326,3.0416667461395264,-3.6416666507720947,17.649999618530273,93014.8984375,716.0517578125,1.775367259979248,
1784291354.8192906,T,16,281434,2424,0.14604631066322327,0.20350714027881622,-10.223240852355957,0.0002664624771568924,-0.018652373924851418,0.04236753284931183,5.083333492279053,3.058333396911621,-3.7083332538604736,17.649999618530273,93014.8984375,716.0517578125,1.7793524265289307,
1784291354.8369517,T,17,281451,2524,0.15562310814857483,0.19632454216480255,-10.249577522277832,0.0005329249543137848,-0.0189188364893198,0.04183461144566536,4.958333492279053,2.9166667461395264,-3.7666666507720947,17.649999618530273,93014.8984375,716.0517578125,1.7813448905944824,
1784291354.8548634,T,18,281470,2624,0.16998831927776337,0.19393034279346466,-10.232817649841309,0.0007993874605745077,-0.0189188364893198,0.04210107401013374,4.958333492279053,2.933333396911621,-3.875,17.649999618530273,93014.8984375,716.0517578125,1.7773598432540894,
1784291354.873745,T,19,281487,2724,0.14604631066322327,0.1867477297782898,-10.218452453613281,0.0010658499086275697,-0.0189188364893198,0.04183461144566536,4.958333492279053,3.0416667461395264,-3.8499999046325684,17.649999618530273,93014.8984375,716.0517578125,1.7793524265289307,
1784291354.8906484,T,20,281506,2824,0.16759411990642548,0.1867477297782898,-10.24239444732666,0.0010658499086275697,-0.019185297191143036,0.04183461144566536,5.058333396911621,3.0,-3.8333332538604736,17.639999389648438,93015.546875,715.9940795898438,1.7813448905944824,
1784291354.9093504,T,21,281523,2924,0.14365209639072418,0.18914192914962769,-10.228029251098633,0.0007993874605745077,-0.019185297191143036,0.04236753284931183,5.016666889190674,2.9749999046325684,-3.7249999046325684,17.639999389648438,93015.546875,715.9940795898438,1.7793524265289307,
1784291354.931778,T,22,281542,3024,0.14365209639072418,0.19393034279346466,-10.228029251098633,0.0007993874605745077,-0.01811944879591465,0.04183461144566536,5.058333396911621,2.9583332538604736,-3.875,17.639999389648438,93015.546875,715.9940795898438,1.7773598432540894,
1784291354.948481,T,23,281563,3124,0.1412578970193863,0.19632454216480255,-10.249577522277832,0.0,-0.018652373924851418,0.04263399541378021,4.916666507720947,3.0,-3.9666666984558105,17.639999389648438,93015.546875,715.9940795898438,1.7773598432540894,
1784291354.966178,T,24,281580,3224,0.15322890877723694,0.17477671802043915,-10.213664054870605,0.0005329249543137848,-0.019185297191143036,0.04263399541378021,5.058333396911621,3.0416667461395264,-3.875,17.639999389648438,93015.546875,715.9940795898438,1.7793524265289307,
1784291354.9849625,T,25,281599,3324,0.15083470940589905,0.2082955539226532,-10.232817649841309,0.0,-0.019185297191143036,0.04236753284931183,5.041666507720947,3.1083333492279053,-3.808333396911621,17.639999389648438,93016.234375,715.9326171875,1.7773598432540894,
1784291355.0029905,T,26,281618,3424,0.14365209639072418,0.181959331035614,-10.20648193359375,0.0005329249543137848,-0.018385911360383034,0.042900457978248596,5.041666507720947,2.883333444595337,-3.8333332538604736,17.639999389648438,93016.234375,715.9326171875,1.7793524265289307,
1784291355.020533,T,27,281635,3524,0.1412578970193863,0.19632454216480255,-10.232817649841309,0.0018652373692020774,-0.019185297191143036,0.04210107401013374,5.016666889190674,2.933333396911621,-3.8333332538604736,17.639999389648438,93016.234375,715.9326171875,1.7773598432540894,
1784291355.0367892,T,28,281652,3624,0.14365209639072418,0.20350714027881622,-10.20648193359375,-0.0002664624771568924,-0.019718224182724953,0.04263399541378021,4.974999904632568,2.9583332538604736,-3.9166667461395264,17.639999389648438,93016.234375,715.9326171875,1.7793524265289307,
1784291355.0538063,T,29,281669,3724,0.15083470940589905,0.19632454216480255,-10.235212326049805,0.0010658499086275697,-0.018385911360383034,0.04236753284931183,5.0,2.9583332538604736,-3.8499999046325684,17.639999389648438,93016.234375,715.9326171875,1.7793524265289307,
1784291355.071033,T,30,281686,3824,0.15083470940589905,0.19632454216480255,-10.230423927307129,0.0002664624771568924,-0.018652373924851418,0.04210107401013374,4.933333396911621,2.883333444595337,-3.9166667461395264,17.639999389648438,93016.875,715.87548828125,1.775367259979248,
1784291355.088459,T,31,281703,3924,0.16998831927776337,0.17717093229293823,-10.249577522277832,0.0002664624771568924,-0.018652373924851418,0.04263399541378021,4.958333492279053,2.816666603088379,-3.933333396911621,17.639999389648438,93016.875,715.87548828125,1.7773598432540894,
1784291355.1046996,T,32,281720,4024,0.16759411990642548,0.19153612852096558,-10.249577522277832,0.0015987749211490154,-0.018652373924851418,0.04236753284931183,4.958333492279053,2.9166667461395264,-3.808333396911621,17.639999389648438,93016.875,715.87548828125,1.7793524265289307,
1784291374.5378413,T,33,301149,4124,0.13168109953403473,0.1867477297782898,-10.244789123535156,0.0,-0.01811944879591465,0.04210107401013374,5.0,2.8416666984558105,-3.875,17.639999389648438,93016.875,715.87548828125,1.7773598432540894,
1784291374.5581064,T,34,301172,4224,0.1388636976480484,0.17956513166427612,-10.235212326049805,0.0010658499086275697,-0.01945176161825657,0.04263399541378021,5.016666889190674,3.0416667461395264,-3.7916667461395264,17.639999389648438,93016.875,715.87548828125,1.7773598432540894,
1784291374.5786436,T,35,301193,4324,0.1388636976480484,0.17956513166427612,-10.228029251098633,0.0010658499086275697,-0.018652373924851418,0.04263399541378021,4.974999904632568,2.816666603088379,-3.7666666507720947,17.639999389648438,93017.171875,715.84912109375,1.7793524265289307,
1784291374.6021266,T,36,301212,4424,0.14844051003456116,0.1867477297782898,-10.24000072479248,0.0015987749211490154,-0.01811944879591465,0.04236753284931183,4.974999904632568,2.8416666984558105,-3.8499999046325684,17.639999389648438,93017.171875,715.84912109375,1.7793524265289307,
1784291374.6194475,T,37,301237,4524,0.13407529890537262,0.19393034279346466,-10.247182846069336,0.0005329249543137848,-0.0189188364893198,0.04263399541378021,5.058333396911621,2.8416666984558105,-3.9666666984558105,17.639999389648438,93017.171875,715.84912109375,1.7813448905944824,
1784291374.6381288,T,38,301253,4624,0.15322890877723694,0.16998831927776337,-10.228029251098633,0.0,-0.01945176161825657,0.042900457978248596,5.041666507720947,2.933333396911621,-3.8499999046325684,17.639999389648438,93017.171875,715.84912109375,1.7773598432540894,
1784291374.6542382,T,39,301272,4724,0.13407529890537262,0.19632454216480255,-10.247182846069336,0.0010658499086275697,-0.018385911360383034,0.04316692054271698,5.058333396911621,2.799999952316284,-3.9166667461395264,17.639999389648438,93017.171875,715.84912109375,1.7793524265289307,
1784291374.6713295,T,40,301289,4824,0.1604115068912506,0.1843535304069519,-10.225635528564453,0.0007993874605745077,-0.018385911360383034,0.042900457978248596,5.099999904632568,2.9000000953674316,-3.7249999046325684,17.639999389648438,93017.5078125,715.8189086914062,1.7813448905944824,
1784291374.6903145,T,41,301306,4924,0.1412578970193863,0.18914192914962769,-10.247182846069336,0.0018652373692020774,-0.017852986231446266,0.04236753284931183,5.016666889190674,2.883333444595337,-3.808333396911621,17.639999389648438,93017.5078125,715.8189086914062,1.7793524265289307,
1784291374.7082708,T,42,301326,5024,0.16998831927776337,0.19393034279346466,-10.220847129821777,0.0018652373692020774,-0.018652373924851418,0.04236753284931183,5.0,2.883333444595337,-3.8916666507720947,17.639999389648438,93017.5078125,715.8189086914062,1.7793524265289307,
1784291374.726728,T,43,301343,5124,0.15322890877723694,0.17477671802043915,-10.256759643554688,-0.0002664624771568924,-0.018652373924851418,0.04263399541378021,5.0,2.8583333492279053,-3.9166667461395264,17.639999389648438,93017.5078125,715.8189086914062,1.7793524265289307,
1784291374.7466936,T,44,301360,5224,0.1628057211637497,0.181959331035614,-10.247182846069336,0.0010658499086275697,-0.018652373924851418,0.04263399541378021,5.0,2.933333396911621,-3.9166667461395264,17.639999389648438,93017.5078125,715.8189086914062,1.775367259979248,
1784291374.766859,T,45,301381,5324,0.1604115068912506,0.181959331035614,-10.24239444732666,0.0002664624771568924,-0.017852986231446266,0.04183461144566536,5.016666889190674,2.799999952316284,-3.8333332538604736,17.639999389648438,93018.3671875,715.742431640625,1.775367259979248,
1784291374.788055,T,46,301402,5424,0.14844051003456116,0.19632454216480255,-10.230423927307129,0.0,-0.019185297191143036,0.04343338683247566,4.974999904632568,2.9000000953674316,-3.8333332538604736,17.639999389648438,93018.3671875,715.742431640625,1.7773598432540894,
1784291374.8070161,T,47,301423,5524,0.1628057211637497,0.19871874153614044,-10.259154319763184,0.0005329249543137848,-0.0189188364893198,0.04156814515590668,5.0,2.933333396911621,-3.875,17.639999389648438,93018.3671875,715.742431640625,1.7793524265289307,
1784291374.8269408,T,48,301441,5624,0.1628057211637497,0.17477671802043915,-10.216058731079102,0.0005329249543137848,-0.018652373924851418,0.04263399541378021,5.041666507720947,2.9000000953674316,-3.933333396911621,17.639999389648438,93018.3671875,715.742431640625,1.7793524265289307,
1784291374.846994,T,49,301462,5724,0.14844051003456116,0.19632454216480255,-10.254365921020508,0.0005329249543137848,-0.01811944879591465,0.042900457978248596,5.058333396911621,2.7333333492279053,-3.8499999046325684,17.6299991607666,93018.8359375,715.7003784179688,1.7773598432540894,
1784291374.8669946,T,50,301481,5824,0.14844051003456116,0.19393034279346466,-10.24239444732666,0.0005329249543137848,-0.018652373924851418,0.042900457978248596,4.974999904632568,2.9000000953674316,-3.9166667461395264,17.6299991607666,93018.8359375,715.7003784179688,1.7813448905944824,
1784291374.8869624,T,51,301502,5924,0.15322890877723694,0.19153612852096558,-10.232817649841309,0.0013323123566806316,-0.018652373924851418,0.04236753284931183,5.041666507720947,2.8583333492279053,-3.8499999046325684,17.6299991607666,93018.8359375,715.7003784179688,1.7773598432540894,
1784291374.9072077,T,52,301521,6024,0.16759411990642548,0.19393034279346466,-10.216058731079102,0.0,-0.019185297191143036,0.04263399541378021,5.133333206176758,2.8583333492279053,-3.8333332538604736,17.6299991607666,93018.8359375,715.7003784179688,1.7773598432540894,
1784291374.9270215,T,53,301542,6124,0.15322890877723694,0.17477671802043915,-10.24000072479248,0.0,-0.01811944879591465,0.042900457978248596,5.041666507720947,2.8416666984558105,-3.9166667461395264,17.6299991607666,93018.8359375,715.7003784179688,1.7793524265289307,
1784291374.9470272,T,54,301562,6224,0.14844051003456116,0.16519992053508759,-10.223240852355957,0.0005329249543137848,-0.017586523666977882,0.04236753284931183,5.083333492279053,2.7750000953674316,-3.875,17.6299991607666,93019.5234375,715.638916015625,1.7773598432540894,
1784291374.96721,T,55,301581,6324,0.15083470940589905,0.19153612852096558,-10.223240852355957,-0.0007993874605745077,-0.017586523666977882,0.042900457978248596,5.0,2.7750000953674316,-3.9166667461395264,17.6299991607666,93019.5234375,715.638916015625,1.7773598432540894,
1784291374.987278,T,56,301602,6424,0.1364694982767105,0.1867477297782898,-10.235212326049805,0.0007993874605745077,-0.018652373924851418,0.04263399541378021,5.041666507720947,2.7750000953674316,-3.875,17.6299991607666,93019.5234375,715.638916015625,1.7793524265289307,
1784291375.0070271,T,57,301621,6524,0.15562310814857483,0.1843535304069519,-10.225635528564453,0.0002664624771568924,-0.018652373924851418,0.04236753284931183,5.0,2.9749999046325684,-3.875,17.6299991607666,93019.5234375,715.638916015625,1.775367259979248,
1784291375.0269606,T,58,301642,6624,0.1628057211637497,0.17956513166427612,-10.235212326049805,0.0007993874605745077,-0.0189188364893198,0.04183461144566536,4.933333396911621,2.799999952316284,-3.933333396911621,17.6299991607666,93019.5234375,715.638916015625,1.7773598432540894,
1784291375.0469465,T,59,301661,6724,0.14844051003456116,0.19153612852096558,-10.20887565612793,0.0005329249543137848,-0.018652373924851418,0.04210107401013374,5.083333492279053,2.8416666984558105,-3.875,17.6299991607666,93019.65625,715.6276245117188,1.7793524265289307,
1784291375.067017,T,60,301682,6824,0.15322890877723694,0.18914192914962769,-10.232817649841309,0.0005329249543137848,-0.018385911360383034,0.04183461144566536,5.133333206176758,2.8416666984558105,-3.7916667461395264,17.6299991607666,93019.65625,715.6276245117188,1.775367259979248,
1784291375.0870674,T,61,301701,6924,0.14365209639072418,0.181959331035614,-10.225635528564453,0.0005329249543137848,-0.01945176161825657,0.04210107401013374,5.041666507720947,2.816666603088379,-3.8499999046325684,17.6299991607666,93019.65625,715.6276245117188,1.7793524265289307,
1784291375.1072898,T,62,301722,7024,0.12928688526153564,0.17717093229293823,-10.216058731079102,0.0010658499086275697,-0.018652373924851418,0.042900457978248596,4.974999904632568,2.933333396911621,-3.808333396911621,17.6299991607666,93019.65625,715.6276245117188,1.7793524265289307,
1784291375.1271024,T,63,301741,7124,0.14844051003456116,0.17956513166427612,-10.24000072479248,0.0005329249543137848,-0.018385911360383034,0.04183461144566536,4.933333396911621,2.799999952316284,-3.9666666984558105,17.6299991607666,93019.65625,715.6276245117188,1.7773598432540894,
1784291375.1478398,T,64,301762,7224,0.14604631066322327,0.17956513166427612,-10.235212326049805,0.0,-0.018652373924851418,0.04263399541378021,5.058333396911621,2.7333333492279053,-3.9166667461395264,17.6299991607666,93020.15625,715.5828857421875,1.7773598432540894,
1784291394.5306818,T,65,321149,7324,0.15083470940589905,0.16998831927776337,-10.235212326049805,0.0007993874605745077,-0.017586523666977882,0.04236753284931183,5.108333110809326,2.816666603088379,-3.875,17.6299991607666,93020.15625,715.5828857421875,1.7793524265289307,
1784291394.5506182,T,66,321168,7424,0.13168109953403473,0.17956513166427612,-10.225635528564453,0.0005329249543137848,-0.018385911360383034,0.04343338683247566,5.083333492279053,2.8583333492279053,-3.8916666507720947,17.6299991607666,93020.15625,715.5828857421875,1.7793524265289307,
1784291394.570087,T,67,321187,7524,0.14604631066322327,0.1867477297782898,-10.235212326049805,0.0,-0.017852986231446266,0.04236753284931183,5.083333492279053,2.816666603088379,-3.9166667461395264,17.6299991607666,93020.15625,715.5828857421875,1.7813448905944824,
1784291394.5859592,T,68,321206,7624,0.1388636976480484,0.16759411990642548,-10.223240852355957,0.0010658499086275697,-0.018652373924851418,0.04183461144566536,5.041666507720947,2.9000000953674316,-3.933333396911621,17.6299991607666,93020.15625,715.5828857421875,1.7793524265289307,
1784291394.601798,T,69,321222,7724,0.14604631066322327,0.17238251864910126,-10.220847129821777,0.0005329249543137848,-0.0173200611025095,0.04210107401013374,5.016666889190674,2.7083332538604736,-3.875,17.6299991607666,93020.84375,715.521484375,1.7813448905944824,
1784291394.6189597,T,70,321239,7824,0.1364694982767105,0.16519992053508759,-10.251971244812012,0.0002664624771568924,-0.01945176161825657,0.04210107401013374,5.0,2.8416666984558105,-3.7916667461395264,17.6299991607666,93020.84375,715.521484375,1.7793524265289307,
1784291394.6358118,T,71,321256,7924,0.1388636976480484,0.181959331035614,-10.225635528564453,-0.0010658499086275697,-0.018385911360383034,0.04156814515590668,5.016666889190674,2.8416666984558105,-3.9166667461395264,17.6299991607666,93020.84375,715.521484375,1.7793524265289307,
1784291394.652762,T,72,321273,8024,0.14365209639072418,0.17477671802043915,-10.232817649841309,0.0,-0.018385911360383034,0.04236753284931183,5.016666889190674,2.816666603088379,-3.8499999046325684,17.6299991607666,93020.84375,715.521484375,1.7773598432540894,
1784291394.6697712,T,73,321290,8124,0.1604115068912506,0.17956513166427612,-10.247182846069336,0.0005329249543137848,-0.019718224182724953,0.04210107401013374,5.0,2.8416666984558105,-3.8333332538604736,17.6299991607666,93020.84375,715.521484375,1.7793524265289307,
1784291394.6867626,T,74,321307,8224,0.14365209639072418,0.17717093229293823,-10.24239444732666,0.0,-0.018385911360383034,0.04263399541378021,5.099999904632568,2.9166667461395264,-3.8499999046325684,17.6299991607666,93021.140625,715.4945068359375,1.7733747959136963,
1784291394.7044997,T,75,321325,8324,0.1388636976480484,0.16998831927776337,-10.244789123535156,0.0005329249543137848,-0.018385911360383034,0.04263399541378021,5.041666507720947,2.8416666984558105,-3.941666603088379,17.6299991607666,93021.140625,715.4945068359375,1.7773598432540894,
1784291394.720078,T,76,321340,8424,0.1604115068912506,0.1867477297782898,-10.254365921020508,0.0,-0.01811944879591465,0.04210107401013374,5.041666507720947,2.7750000953674316,-3.7916667461395264,17.6299991607666,93021.140625,715.4945068359375,1.7793524265289307,
1784291394.7368355,T,77,321357,8524,0.14844051003456116,0.18914192914962769,-10.220847129821777,0.0005329249543137848,-0.018652373924851418,0.04263399541378021,4.958333492279053,2.9166667461395264,-3.875,17.6299991607666,93021.140625,715.4945068359375,1.7793524265289307,
1784291394.753812,T,78,321374,8624,0.15801730751991272,0.17717093229293823,-10.237606048583984,0.0013323123566806316,-0.01811944879591465,0.042900457978248596,5.0,2.799999952316284,-3.8333332538604736,17.6200008392334,93021.28125,715.4821166992188,1.775367259979248,
1784291394.7708716,T,79,321391,8724,0.16759411990642548,0.1867477297782898,-10.237606048583984,0.0005329249543137848,-0.0189188364893198,0.04210107401013374,4.933333396911621,2.7750000953674316,-3.9166667461395264,17.6200008392334,93021.28125,715.4821166992188,1.7793524265289307,
1784291394.7880878,T,80,321408,8824,0.15322890877723694,0.181959331035614,-10.237606048583984,-0.0002664624771568924,-0.018652373924851418,0.042900457978248596,5.058333396911621,2.8583333492279053,-3.875,17.6200008392334,93021.28125,715.4821166992188,1.7773598432540894,
1784291394.8057628,T,81,321426,8924,0.1412578970193863,0.19393034279346466,-10.244789123535156,0.0002664624771568924,-0.01811944879591465,0.04263399541378021,4.958333492279053,2.7750000953674316,-3.941666603088379,17.6200008392334,93021.28125,715.4821166992188,1.7793524265289307,
1784291394.8228722,T,82,321443,9212,0.1388636976480484,0.19153612852096558,-10.247182846069336,-0.0005329249543137848,-0.01811944879591465,0.04183461144566536,5.108333110809326,2.883333444595337,-3.7249999046325684,17.6200008392334,93021.9609375,715.4217529296875,1.7793524265289307,
1784291394.8400877,T,83,321460,9214,0.1388636976480484,0.18914192914962769,-10.251971244812012,-0.0007993874605745077,-0.018385911360383034,0.04183461144566536,5.058333396911621,2.816666603088379,-3.808333396911621,17.6200008392334,93021.9609375,715.4217529296875,1.7773598432540894,
1784291394.8567321,T,84,321477,9224,0.14365209639072418,0.1843535304069519,-10.244789123535156,-0.0005329249543137848,-0.018652373924851418,0.04263399541378021,4.916666507720947,2.799999952316284,-3.8499999046325684,17.6200008392334,93021.9609375,715.4217529296875,1.7773598432540894,
1784291394.8737295,T,85,321494,9324,0.1604115068912506,0.19153612852096558,-10.216058731079102,0.0,-0.018385911360383034,0.04183461144566536,5.0,2.9166667461395264,-3.941666603088379,17.6200008392334,93021.9609375,715.4217529296875,1.775367259979248,
1784291394.8907657,T,86,321511,9424,0.13407529890537262,0.17717093229293823,-10.24239444732666,-0.0005329249543137848,-0.018385911360383034,0.04316692054271698,5.133333206176758,2.9000000953674316,-3.7916667461395264,17.6200008392334,93021.9609375,715.4217529296875,1.775367259979248,
1784291394.9081159,T,87,321528,9524,0.15083470940589905,0.20111294090747833,-10.225635528564453,-0.0005329249543137848,-0.018385911360383034,0.04210107401013374,5.016666889190674,2.816666603088379,-3.933333396911621,17.6200008392334,93021.9609375,715.4217529296875,1.7972854375839233,
1784291394.924088,T,88,321544,9624,0.14365209639072418,0.17717093229293823,-10.249577522277832,-0.0007993874605745077,-0.018652373924851418,0.04236753284931183,5.058333396911621,2.799999952316284,-3.8916666507720947,17.6200008392334,93021.921875,715.4249877929688,1.7793524265289307,
1784291394.9408047,T,89,321561,9724,0.14604631066322327,0.17238251864910126,-10.237606048583984,0.0010658499086275697,-0.018652373924851418,0.04210107401013374,5.016666889190674,2.8583333492279053,-3.8916666507720947,17.6200008392334,93021.921875,715.4249877929688,1.775367259979248,
1784291394.957782,T,90,321578,9824,0.14365209639072418,0.17717093229293823,-10.24239444732666,0.0002664624771568924,-0.01811944879591465,0.04210107401013374,4.933333396911621,2.9000000953674316,-3.8499999046325684,17.6200008392334,93021.921875,715.4249877929688,1.7813448905944824,
1784291394.9749134,T,91,321595,9924,0.15562310814857483,0.17956513166427612,-10.249577522277832,-0.0010658499086275697,-0.01811944879591465,0.04236753284931183,4.958333492279053,2.816666603088379,-3.8499999046325684,17.6200008392334,93021.921875,715.4249877929688,1.7793524265289307,
1784291394.9926567,T,92,321612,10024,0.15322890877723694,0.18914192914962769,-10.228029251098633,0.0002664624771568924,-0.018652373924851418,0.04210107401013374,4.974999904632568,2.9000000953674316,-3.8333332538604736,17.6200008392334,93021.921875,715.4249877929688,1.771382212638855,
1784291395.0109134,T,93,321629,10124,0.14844051003456116,0.19153612852096558,-10.261548042297363,-0.0002664624771568924,-0.018385911360383034,0.04236753284931183,5.058333396911621,3.0,-3.9166667461395264,17.6200008392334,93022.078125,715.4115600585938,1.7773598432540894,
1784291395.0281143,T,94,321647,10224,0.15322890877723694,0.19393034279346466,-10.251971244812012,0.0,-0.017852986231446266,0.04236753284931183,5.016666889190674,2.9166667461395264,-3.8499999046325684,17.6200008392334,93022.078125,715.4115600585938,1.7813448905944824,
1784291395.0437958,T,95,321664,10324,0.15562310814857483,0.18914192914962769,-10.24000072479248,0.0,-0.018385911360383034,0.042900457978248596,4.858333110809326,2.9166667461395264,-3.875,17.6200008392334,93022.078125,715.4115600585938,1.7773598432540894,
1784291395.0607674,T,96,321681,10424,0.12928688526153564,0.17477671802043915,-10.220847129821777,0.0,-0.018652373924851418,0.042900457978248596,5.058333396911621,2.883333444595337,-3.8916666507720947,17.6200008392334,93022.078125,715.4115600585938,1.7813448905944824,
1784291434.5301151,T,97,361149,10524,0.13168109953403473,0.181959331035614,-10.24239444732666,0.0010658499086275697,-0.019185297191143036,0.04236753284931183,5.133333206176758,2.933333396911621,-3.875,17.6200008392334,93022.078125,715.4115600585938,1.7793524265289307,
1784291434.5499625,T,98,361172,10624,0.15801730751991272,0.17238251864910126,-10.235212326049805,0.0010658499086275697,-0.018385911360383034,0.042900457978248596,5.016666889190674,2.8583333492279053,-3.9166667461395264,17.6200008392334,93022.59375,715.3651733398438,1.7793524265289307,
1784291434.5699902,T,99,361191,10724,0.15322890877723694,0.1867477297782898,-10.237606048583984,-0.0002664624771568924,-0.018385911360383034,0.04183461144566536,5.041666507720947,2.8583333492279053,-3.7666666507720947,17.6200008392334,93022.59375,715.3651733398438,1.7793524265289307,
1784291434.5900202,T,100,361210,10824,0.14365209639072418,0.181959331035614,-10.225635528564453,0.0007993874605745077,-0.01945176161825657,0.04263399541378021,4.916666507720947,2.9166667461395264,-3.8499999046325684,17.6200008392334,93022.59375,715.3651733398438,1.7813448905944824,
1784291434.6100216,T,101,361231,10924,0.12210428714752197,0.19153612852096558,-10.237606048583984,-0.0002664624771568924,-0.017852986231446266,0.04183461144566536,4.933333396911621,2.9166667461395264,-3.8916666507720947,17.6200008392334,93022.59375,715.3651733398438,1.7773598432540894,
1784291434.626498,T,102,361251,11024,0.15083470940589905,0.16998831927776337,-10.235212326049805,0.0,-0.01811944879591465,0.04210107401013374,5.083333492279053,2.8583333492279053,-3.9666666984558105,17.6200008392334,93022.59375,715.3651733398438,1.8012704849243164,
1784291434.6434631,T,103,361268,11124,0.1388636976480484,0.19153612852096558,-10.228029251098633,0.0007993874605745077,-0.0189188364893198,0.04210107401013374,4.974999904632568,2.9000000953674316,-3.933333396911621,17.6200008392334,93022.3828125,715.384033203125,1.7833374738693237,
1784291434.6604607,T,104,361285,11224,0.1388636976480484,0.15083470940589905,-10.230423927307129,0.0005329249543137848,-0.018652373924851418,0.04183461144566536,4.974999904632568,2.7750000953674316,-3.7916667461395264,17.6200008392334,93022.3828125,715.384033203125,1.771382212638855,
1784291434.678022,T,105,361302,11324,0.15083470940589905,0.19632454216480255,-10.225635528564453,0.0,-0.0189188364893198,0.04236753284931183,5.108333110809326,2.816666603088379,-3.875,17.6200008392334,93022.3828125,715.384033203125,1.7733747959136963,
1784291434.694561,T,106,361319,11424,0.1388636976480484,0.17238251864910126,-10.249577522277832,0.0002664624771568924,-0.019185297191143036,0.04236753284931183,5.0,2.8583333492279053,-3.8333332538604736,17.6200008392334,93022.3828125,715.384033203125,1.7813448905944824,
1784291434.7121732,T,107,361336,11524,0.14844051003456116,0.1628057211637497,-10.266336441040039,0.0,-0.018385911360383034,0.04130168259143829,5.016666889190674,2.8416666984558105,-3.9166667461395264,17.6200008392334,93022.71875,715.3538818359375,1.7813448905944824,
1784291434.7281177,T,108,361352,11624,0.1388636976480484,0.18914192914962769,-10.24239444732666,0.0007993874605745077,-0.0189188364893198,0.042900457978248596,5.058333396911621,2.799999952316284,-3.875,17.6200008392334,93022.71875,715.3538818359375,1.7693895101547241,
1784291434.744433,T,109,361369,11724,0.1364694982767105,0.181959331035614,-10.244789123535156,0.0002664624771568924,-0.018652373924851418,0.04183461144566536,5.016666889190674,2.8416666984558105,-3.8499999046325684,17.6200008392334,93022.71875,715.3538818359375,1.7833374738693237,
1784291434.761689,T,110,361386,11824,0.14604631066322327,0.18914192914962769,-10.24000072479248,0.0002664624771568924,-0.01945176161825657,0.04263399541378021,5.041666507720947,2.9166667461395264,-3.8916666507720947,17.6200008392334,93022.71875,715.3538818359375,1.7733747959136963,
1784291434.7775278,T,111,361402,11924,0.1388636976480484,0.17477671802043915,-10.228029251098633,-0.0002664624771568924,-0.0189188364893198,0.04210107401013374,5.016666889190674,2.9583332538604736,-4.008333206176758,17.6200008392334,93022.71875,715.3538818359375,1.7793524265289307,
1784291434.7944896,T,112,361419,12024,0.14365209639072418,0.17956513166427612,-10.244789123535156,-0.0002664624771568924,-0.0189188364893198,0.042900457978248596,5.016666889190674,2.883333444595337,-3.933333396911621,17.610000610351562,93022.6875,715.3565673828125,1.775367259979248,
1784291434.8116667,T,113,361436,12124,0.16998831927776337,0.19393034279346466,-10.256759643554688,-0.0005329249543137848,-0.017586523666977882,0.04183461144566536,5.083333492279053,2.8416666984558105,-3.9666666984558105,17.610000610351562,93022.6875,715.3565673828125,1.7773598432540894,
1784291434.8281357,T,114,361452,12224,0.15083470940589905,0.16519992053508759,-10.228029251098633,0.0,-0.018385911360383034,0.04263399541378021,5.108333110809326,2.9749999046325684,-4.008333206176758,17.610000610351562,93022.6875,715.3565673828125,1.7813448905944824,
1784291434.8445084,T,115,361469,12324,0.15083470940589905,0.1843535304069519,-10.26394271850586,0.0007993874605745077,-0.018652373924851418,0.04210107401013374,5.041666507720947,2.9583332538604736,-3.9166667461395264,17.610000610351562,93022.6875,715.3565673828125,1.7793524265289307,
1784291434.861462,T,116,361486,12424,0.13168109953403473,0.19153612852096558,-10.256759643554688,0.0005329249543137848,-0.018652373924851418,0.04210107401013374,5.041666507720947,2.816666603088379,-3.933333396911621,17.610000610351562,93022.6875,715.3565673828125,1.8012704849243164,
1784291434.8784153,T,117,361503,12524,0.16519992053508759,0.17238251864910126,-10.24239444732666,0.0005329249543137848,-0.0189188364893198,0.04236753284931183,5.099999904632568,2.9166667461395264,-3.7916667461395264,17.610000610351562,93023.03125,715.326416015625,1.7813448905944824,
1784291434.8954144,T,118,361520,12624,0.15322890877723694,0.17477671802043915,-10.225635528564453,-0.0002664624771568924,-0.0189188364893198,0.04236753284931183,5.108333110809326,2.9166667461395264,-3.7916667461395264,17.610000610351562,93023.03125,715.326416015625,1.7773598432540894,
1784291434.9125865,T,119,361537,12724,0.1604115068912506,0.20111294090747833,-10.249577522277832,-0.0002664624771568924,-0.01811944879591465,0.04183461144566536,4.958333492279053,2.933333396911621,-3.683333396911621,17.610000610351562,93023.03125,715.326416015625,1.775367259979248,
1784291434.928424,T,120,361553,12824,0.1364694982767105,0.17477671802043915,-10.220847129821777,-0.0005329249543137848,-0.019185297191143036,0.04210107401013374,5.083333492279053,2.9000000953674316,-3.8499999046325684,17.610000610351562,93023.03125,715.326416015625,1.7733747959136963,
1784291434.9454124,T,121,361570,12924,0.14844051003456116,0.15801730751991272,-10.237606048583984,-0.0002664624771568924,-0.01811944879591465,0.04210107401013374,4.958333492279053,2.9000000953674316,-3.933333396911621,17.610000610351562,93023.03125,715.326416015625,1.7773598432540894,
1784291434.9624045,T,122,361587,13024,0.16519992053508759,0.16519992053508759,-10.247182846069336,-0.0002664624771568924,-0.018385911360383034,0.04236753284931183,5.041666507720947,2.883333444595337,-3.9166667461395264,17.610000610351562,93023.3671875,715.2962036132812,1.7813448905944824,
1784291434.9794395,T,123,361604,13124,0.15083470940589905,0.18914192914962769,-10.225635528564453,-0.0002664624771568924,-0.017586523666977882,0.04263399541378021,5.058333396911621,2.8416666984558105,-3.7916667461395264,17.610000610351562,93023.3671875,715.2962036132812,1.7693895101547241,
1784291434.9964197,T,124,361621,13224,0.12928688526153564,0.19153612852096558,-10.259154319763184,0.0002664624771568924,-0.0189188364893198,0.04316692054271698,5.108333110809326,2.816666603088379,-3.8333332538604736,17.610000610351562,93023.3671875,715.2962036132812,1.7813448905944824,
1784291435.0135808,T,125,361638,13324,0.15562310814857483,0.17717093229293823,-10.232817649841309,0.0,-0.018385911360383034,0.04183461144566536,5.099999904632568,2.7750000953674316,-3.933333396911621,17.610000610351562,93023.3671875,715.2962036132812,1.7793524265289307,
1784291435.0294592,T,126,361654,13424,0.1628057211637497,0.181959331035614,-10.244789123535156,0.0002664624771568924,-0.018385911360383034,0.042900457978248596,5.099999904632568,2.7750000953674316,-3.8916666507720947,17.610000610351562,93023.3671875,715.2962036132812,1.7833374738693237,
1784291435.0464113,T,127,361671,13524,0.1604115068912506,0.18914192914962769,-10.251971244812012,0.0007993874605745077,-0.0189188364893198,0.04210107401013374,5.041666507720947,2.8583333492279053,-3.8916666507720947,17.610000610351562,93023.15625,715.3150634765625,1.7773598432540894,
1784291435.0634253,T,128,361688,13624,0.17477671802043915,0.17477671802043915,-10.249577522277832,0.0002664624771568924,-0.018652373924851418,0.04210107401013374,5.150000095367432,2.799999952316284,-3.933333396911621,17.610000610351562,93023.15625,715.3150634765625,1.7773598432540894,
1784291454.5315368,T,129,381151,13724,0.15083470940589905,0.18914192914962769,-10.232817649841309,0.0005329249543137848,-0.01811944879591465,0.04263399541378021,5.058333396911621,2.816666603088379,-3.7666666507720947,17.610000610351562,93023.15625,715.3150634765625,1.771382212638855,
1784291454.555499,T,130,381174,13824,0.14365209639072418,0.17717093229293823,-10.256759643554688,0.0002664624771568924,-0.0189188364893198,0.042900457978248596,4.958333492279053,2.7750000953674316,-3.8916666507720947,17.610000610351562,93023.15625,715.3150634765625,1.7813448905944824,
1784291454.5770557,T,131,381199,13924,0.13168109953403473,0.18914192914962769,-10.254365921020508,-0.0002664624771568924,-0.017852986231446266,0.04210107401013374,5.016666889190674,2.7750000953674316,-3.9833333492279053,17.610000610351562,93023.15625,715.3150634765625,1.7813448905944824,
1784291454.5965874,T,132,381220,14024,0.15322890877723694,0.17477671802043915,-10.249577522277832,-0.0005329249543137848,-0.01811944879591465,0.04156814515590668,5.0,2.816666603088379,-3.875,17.610000610351562,93023.328125,715.2994384765625,1.7833374738693237,
1784291454.6166065,T,133,381239,14124,0.14604631066322327,0.17956513166427612,-10.230423927307129,0.0,-0.018652373924851418,0.04210107401013374,5.041666507720947,2.816666603088379,-3.875,17.610000610351562,93023.328125,715.2994384765625,1.7833374738693237,
1784291454.6377714,T,134,381259,14224,0.1364694982767105,0.20350714027881622,-10.24000072479248,-0.0002664624771568924,-0.01811944879591465,0.04210107401013374,5.083333492279053,2.816666603088379,-3.8499999046325684,17.610000610351562,93023.328125,715.2994384765625,1.7813448905944824,
1784291454.657544,T,135,381280,14324,0.15322890877723694,0.1628057211637497,-10.199298858642578,0.0002664624771568924,-0.018652373924851418,0.04263399541378021,5.058333396911621,2.799999952316284,-3.8916666507720947,17.610000610351562,93023.328125,715.2994384765625,1.7813448905944824,
1784291454.6743488,T,136,381301,14424,0.14365209639072418,0.19393034279346466,-10.228029251098633,0.0002664624771568924,-0.01811944879591465,0.04156814515590668,5.041666507720947,2.799999952316284,-3.8916666507720947,17.610000610351562,93023.671875,715.269287109375,1.7813448905944824,
1784291454.6914532,T,137,381318,14524,0.14365209639072418,0.1867477297782898,-10.230423927307129,0.0005329249543137848,-0.018385911360383034,0.042900457978248596,5.099999904632568,2.816666603088379,-3.8916666507720947,17.610000610351562,93023.671875,715.269287109375,1.7813448905944824,
1784291454.7086782,T,138,381334,14624,0.15083470940589905,0.17956513166427612,-10.230423927307129,0.0005329249543137848,-0.017852986231446266,0.04236753284931183,5.058333396911621,2.8416666984558105,-3.7916667461395264,17.610000610351562,93023.671875,715.269287109375,1.7793524265289307,
1784291454.7252555,T,139,381352,14724,0.11971008777618408,0.19153612852096558,-10.244789123535156,0.0002664624771568924,-0.018652373924851418,0.04156814515590668,5.016666889190674,2.7750000953674316,-3.941666603088379,17.610000610351562,93023.671875,715.269287109375,1.771382212638855,
1784291454.7422473,T,140,381369,14824,0.14844051003456116,0.18914192914962769,-10.24000072479248,0.0010658499086275697,-0.0189188364893198,0.04236753284931183,5.108333110809326,2.9166667461395264,-3.875,17.610000610351562,93023.671875,715.269287109375,1.7813448905944824,
1784291454.759426,T,141,381386,14924,0.1388636976480484,0.17238251864910126,-10.251971244812012,0.0007993874605745077,-0.017053598538041115,0.04263399541378021,5.133333206176758,2.883333444595337,-3.8916666507720947,17.610000610351562,93024.015625,715.238037109375,1.7813448905944824,
1784291454.7760851,T,142,381402,15024,0.13168109953403473,0.17238251864910126,-10.24239444732666,-0.0002664624771568924,-0.019185297191143036,0.04130168259143829,5.016666889190674,2.799999952316284,-3.808333396911621,17.610000610351562,93024.015625,715.238037109375,1.799277901649475,
1784291454.7922728,T,143,381419,15124,0.15322890877723694,0.17956513166427612,-10.237606048583984,0.0,-0.0189188364893198,0.04236753284931183,4.974999904632568,2.799999952316284,-3.875,17.610000610351562,93024.015625,715.238037109375,1.7773598432540894,
1784291454.80947,T,144,381436,15224,0.15083470940589905,0.19153612852096558,-10.249577522277832,0.0013323123566806316,-0.018652373924851418,0.04183461144566536,5.133333206176758,2.8416666984558105,-3.8499999046325684,17.610000610351562,93024.015625,715.238037109375,1.7813448905944824,
1784291454.8253062,T,145,381452,15324,0.1628057211637497,0.17956513166427612,-10.256759643554688,0.0005329249543137848,-0.018385911360383034,0.04316692054271698,5.099999904632568,2.9166667461395264,-3.941666603088379,17.610000610351562,93024.015625,715.238037109375,1.7733747959136963,
1784291454.842295,T,146,381469,15424,0.16759411990642548,0.17477671802043915,-10.216058731079102,0.0002664624771568924,-0.0189188364893198,0.04263399541378021,5.133333206176758,2.8416666984558105,-3.8916666507720947,17.610000610351562,93023.828125,715.2546997070312,1.7773598432540894,
1784291454.8593135,T,147,381486,15524,0.16759411990642548,0.16998831927776337,-10.254365921020508,0.0,-0.01945176161825657,0.04183461144566536,5.016666889190674,2.7750000953674316,-3.875,17.610000610351562,93023.828125,715.2546997070312,1.7813448905944824,
1784291454.8762586,T,148,381503,15624,0.15801730751991272,0.18914192914962769,-10.259154319763184,0.0007993874605745077,-0.01811944879591465,0.04236753284931183,5.016666889190674,2.9166667461395264,-3.8333332538604736,17.610000610351562,93023.828125,715.2546997070312,1.7793524265289307,
1784291454.893253,T,149,381520,15724,0.1388636976480484,0.1867477297782898,-10.218452453613281,0.0010658499086275697,-0.01811944879591465,0.04183461144566536,5.0,2.799999952316284,-3.8916666507720947,17.610000610351562,93023.828125,715.2546997070312,1.7733747959136963,
1784291454.910399,T,150,381537,15824,0.1628057211637497,0.19393034279346466,-10.216058731079102,-0.0002664624771568924,-0.01811944879591465,0.042900457978248596,5.0,2.7166666984558105,-3.875,17.610000610351562,93023.828125,715.2546997070312,1.7773598432540894,
1784291454.92622,T,151,381553,15924,0.14844051003456116,0.17238251864910126,-10.254365921020508,-0.0002664624771568924,-0.018385911360383034,0.042900457978248596,5.016666889190674,2.9000000953674316,-3.8916666507720947,17.610000610351562,93024.171875,715.2245483398438,1.7813448905944824,
1784291454.9432309,T,152,381570,17174,0.14604631066322327,0.16759411990642548,-10.249577522277832,0.0002664624771568924,-0.017852986231446266,0.04343338683247566,4.916666507720947,2.9166667461395264,-3.808333396911621,17.610000610351562,93024.1328125,715.227783203125,1.7813448905944824,
1784291454.9602172,T,153,381587,17177,0.15322890877723694,0.1843535304069519,-10.24239444732666,0.0007993874605745077,-0.017586523666977882,0.042900457978248596,5.316666603088379,2.883333444595337,-3.8333332538604736,17.610000610351562,93024.1328125,715.227783203125,1.7933002710342407,
1784291454.977214,T,154,381604,17180,0.14844051003456116,0.19153612852096558,-10.230423927307129,0.0010658499086275697,-0.01811944879591465,0.04343338683247566,5.316666603088379,2.8583333492279053,-3.8499999046325684,17.610000610351562,93024.1328125,715.227783203125,1.8012704849243164,
1784291454.994234,T,155,381621,17184,0.15801730751991272,0.19632454216480255,-10.220847129821777,0.0005329249543137848,-0.018652373924851418,0.042900457978248596,5.316666603088379,2.8583333492279053,-3.8499999046325684,17.610000610351562,93024.1328125,715.227783203125,1.7733747959136963,
1784291455.0113847,T,156,381638,17194,0.14365209639072418,0.19393034279346466,-10.24239444732666,0.0013323123566806316,-0.018652373924851418,0.04343338683247566,5.433333396911621,2.9000000953674316,-3.7249999046325684,17.610000610351562,93024.1328125,715.227783203125,1.7693895101547241,
1784291455.027775,T,157,381654,17196,0.1412578970193863,0.1867477297782898,-10.24239444732666,0.0015987749211490154,-0.01811944879591465,0.04263399541378021,5.375,2.9000000953674316,-3.75,17.610000610351562,93024.1328125,715.227783203125,1.7793524265289307,
1784291455.0442069,T,158,381671,17199,0.15801730751991272,0.1867477297782898,-10.237606048583984,0.0010658499086275697,-0.018652373924851418,0.042900457978248596,5.375,2.9000000953674316,-3.75,17.610000610351562,93024.1328125,715.227783203125,1.7813448905944824,
1784291455.0615914,T,159,381688,17202,0.15801730751991272,0.17956513166427612,-10.24000072479248,0.0005329249543137848,-0.018652373924851418,0.04210107401013374,5.099999904632568,2.799999952316284,-3.808333396911621,17.610000610351562,93024.1328125,715.227783203125,1.7793524265289307,
1784291455.080158,T,160,381705,17205,0.14844051003456116,0.17956513166427612,-10.235212326049805,0.0,-0.018652373924851418,0.04236753284931183,5.108333110809326,2.816666603088379,-3.8916666507720947,17.610000610351562,93024.1328125,715.227783203125,1.7773598432540894,
1784291474.5273097,T,161,401149,17208,0.14365209639072418,0.17717093229293823,-10.24239444732666,0.0002664624771568924,-0.018652373924851418,0.04236753284931183,5.108333110809326,2.816666603088379,-3.8916666507720947,17.610000610351562,93024.1328125,715.227783203125,1.7793524265289307,
1784291474.549981,T,162,401172,17210,0.14365209639072418,0.17717093229293823,-10.237606048583984,0.0010658499086275697,-0.019185297191143036,0.042900457978248596,5.0,2.8583333492279053,-3.8333332538604736,17.610000610351562,93024.1328125,715.227783203125,1.7773598432540894,
1784291474.5701098,T,163,401195,17213,0.1388636976480484,0.17238251864910126,-10.249577522277832,0.0010658499086275697,-0.018652373924851418,0.04263399541378021,5.108333110809326,2.883333444595337,-3.8333332538604736,17.610000610351562,93024.1328125,715.227783203125,1.7813448905944824,
1784291474.5900054,T,164,401215,17224,0.15322890877723694,0.17477671802043915,-10.244789123535156,0.0005329249543137848,-0.018385911360383034,0.04210107401013374,5.5,2.883333444595337,-3.8333332538604736,17.610000610351562,93024.1328125,715.227783203125,1.771382212638855,
1784291474.6100142,T,165,401236,17324,0.12928688526153564,0.181959331035614,-10.24239444732666,0.0005329249543137848,-0.01811944879591465,0.04236753284931183,5.058333396911621,2.883333444595337,-3.875,17.610000610351562,93024.1328125,715.227783203125,1.775367259979248,
1784291474.6270928,T,166,401256,17424,0.12689268589019775,0.1843535304069519,-10.223240852355957,0.0005329249543137848,-0.01945176161825657,0.04210107401013374,5.016666889190674,2.799999952316284,-3.808333396911621,17.610000610351562,93024.4765625,715.1970825195312,1.7733747959136963,
1784291474.6440895,T,167,401273,17524,0.15801730751991272,0.18914192914962769,-10.261548042297363,0.0002664624771568924,-0.0189188364893198,0.04210107401013374,5.0,2.8583333492279053,-3.933333396911621,17.610000610351562,93024.4765625,715.1970825195312,1.8012704849243164,
1784291474.661117,T,168,401290,17624,0.15083470940589905,0.181959331035614,-10.232817649841309,0.0,-0.018385911360383034,0.04183461144566536,5.0,2.8416666984558105,-3.8333332538604736,17.610000610351562,93024.4765625,715.1970825195312,1.7793524265289307,
1784291474.6780667,T,169,401307,17724,0.13407529890537262,0.181959331035614,-10.24239444732666,0.0,-0.017586523666977882,0.04236753284931183,5.108333110809326,2.9749999046325684,-3.8916666507720947,17.610000610351562,93024.4765625,715.1970825195312,1.7813448905944824,
1784291474.6958332,T,170,401325,17824,0.15083470940589905,0.1867477297782898,-10.220847129821777,0.0005329249543137848,-0.017852986231446266,0.04236753284931183,5.133333206176758,2.8583333492279053,-3.625,17.610000610351562,93024.6484375,715.1820068359375,1.7972854375839233,
1784291474.7131991,T,171,401342,17924,0.16998831927776337,0.17717093229293823,-10.249577522277832,-0.0005329249543137848,-0.017852986231446266,0.04236753284931183,5.099999904632568,2.816666603088379,-3.808333396911621,17.610000610351562,93024.6484375,715.1820068359375,1.7773598432540894,
1784291474.729154,T,172,401358,18024,0.14844051003456116,0.19632454216480255,-10.256759643554688,-0.0002664624771568924,-0.018652373924851418,0.04263399541378021,5.0,2.933333396911621,-3.933333396911621,17.610000610351562,93024.6484375,715.1820068359375,1.7793524265289307,
1784291474.7461352,T,173,401375,18124,0.14604631066322327,0.17477671802043915,-10.251971244812012,0.0002664624771568924,-0.018385911360383034,0.04236753284931183,5.058333396911621,2.758333444595337,-3.8499999046325684,17.610000610351562,93024.6484375,715.1820068359375,1.799277901649475,
1784291474.7631888,T,174,401392,18224,0.1412578970193863,0.16519992053508759,-10.26394271850586,0.0002664624771568924,-0.0189188364893198,0.04210107401013374,5.041666507720947,2.8416666984558105,-3.7666666507720947,17.610000610351562,93024.6484375,715.1820068359375,1.7853299379348755,
1784291474.7801526,T,175,401409,18324,0.12449848651885986,0.1843535304069519,-10.24000072479248,0.0,-0.0189188364893198,0.04263399541378021,5.041666507720947,2.9000000953674316,-3.8333332538604736,17.610000610351562,93024.984375,715.1517944335938,1.7833374738693237,
1784291474.7961695,T,176,401425,18424,0.13407529890537262,0.19393034279346466,-10.232817649841309,0.0002664624771568924,-0.018652373924851418,0.04343338683247566,5.016666889190674,2.7750000953674316,-3.9833333492279053,17.610000610351562,93024.984375,715.1517944335938,1.775367259979248,
1784291474.813203,T,177,401442,18524,0.15801730751991272,0.17238251864910126,-10.230423927307129,-0.0007993874605745077,-0.018652373924851418,0.04263399541378021,5.041666507720947,2.8583333492279053,-3.941666603088379,17.610000610351562,93024.984375,715.1517944335938,1.7833374738693237,
1784291474.8290641,T,178,401458,18624,0.15801730751991272,0.18914192914962769,-10.278307914733887,0.0,-0.017852986231446266,0.04263399541378021,5.099999904632568,2.933333396911621,-3.8499999046325684,17.610000610351562,93024.984375,715.1517944335938,1.7813448905944824,
1784291474.846065,T,179,401475,18724,0.15083470940589905,0.17477671802043915,-10.211270332336426,-0.0005329249543137848,-0.0189188364893198,0.04210107401013374,4.958333492279053,2.9166667461395264,-3.875,17.610000610351562,93024.984375,715.1517944335938,1.799277901649475,
1784291474.8633833,T,180,401492,18824,0.15083470940589905,0.181959331035614,-10.225635528564453,0.0,-0.01811944879591465,0.04263399541378021,5.099999904632568,2.8583333492279053,-3.7916667461395264,17.600000381469727,93025.125,715.139404296875,1.7793524265289307,
1784291474.8804219,T,181,401509,18924,0.14604631066322327,0.181959331035614,-10.254365921020508,-0.0002664624771568924,-0.018385911360383034,0.04183461144566536,5.0,3.0,-3.8333332538604736,17.600000381469727,93025.125,715.139404296875,1.7853299379348755,
1784291474.8979046,T,182,401527,19024,0.12449848651885986,0.20111294090747833,-10.232817649841309,0.0013323123566806316,-0.01811944879591465,0.04236753284931183,5.099999904632568,2.9000000953674316,-3.875,17.600000381469727,93025.125,715.139404296875,1.7813448905944824,
1784291474.9151556,T,183,401544,19124,0.1628057211637497,0.17956513166427612,-10.244789123535156,-0.0005329249543137848,-0.017586523666977882,0.04263399541378021,5.016666889190674,2.799999952316284,-3.7666666507720947,17.600000381469727,93025.125,715.139404296875,1.7972854375839233,
1784291474.9323301,T,184,401561,19224,0.1388636976480484,0.19153612852096558,-10.251971244812012,0.0010658499086275697,-0.01811944879591465,0.04236753284931183,5.016666889190674,2.7750000953674316,-3.8499999046325684,17.600000381469727,93025.125,715.139404296875,1.7813448905944824,
1784291474.9491217,T,185,401578,19324,0.15083470940589905,0.17477671802043915,-10.220847129821777,-0.0007993874605745077,-0.01811944879591465,0.04210107401013374,5.016666889190674,2.816666603088379,-3.875,17.600000381469727,93025.46875,715.1087036132812,1.7813448905944824,
1784291474.9662702,T,186,401595,19424,0.15562310814857483,0.1843535304069519,-10.237606048583984,-0.0005329249543137848,-0.018385911360383034,0.042900457978248596,5.058333396911621,2.8416666984558105,-3.8333332538604736,17.600000381469727,93025.46875,715.1087036132812,1.775367259979248,
1784291474.9833395,T,187,401612,19524,0.1364694982767105,0.16759411990642548,-10.24000072479248,0.0,-0.018652373924851418,0.042900457978248596,5.0,2.8416666984558105,-3.875,17.600000381469727,93025.46875,715.1087036132812,1.7813448905944824,
1784291475.0004213,T,188,401629,19624,0.13407529890537262,0.17956513166427612,-10.237606048583984,0.0007993874605745077,-0.018652373924851418,0.04343338683247566,4.916666507720947,2.8583333492279053,-3.8333332538604736,17.600000381469727,93025.46875,715.1087036132812,1.7793524265289307,
1784291475.0162258,T,189,401645,19724,0.15083470940589905,0.1604115068912506,-10.256759643554688,0.0013323123566806316,-0.017586523666977882,0.042900457978248596,5.0,2.883333444595337,-3.808333396911621,17.600000381469727,93025.46875,715.1087036132812,1.7813448905944824,
1784291475.0331006,T,190,401662,19824,0.1412578970193863,0.1628057211637497,-10.230423927307129,0.0,-0.018385911360383034,0.04236753284931183,4.974999904632568,2.816666603088379,-3.875,17.600000381469727,93025.9765625,715.0634155273438,1.7833374738693237,
1784291475.050097,T,191,401679,19924,0.15801730751991272,0.1843535304069519,-10.26394271850586,-0.0002664624771568924,-0.018652373924851418,0.04369984567165375,5.041666507720947,2.799999952316284,-3.8499999046325684,17.600000381469727,93025.9765625,715.0634155273438,1.7773598432540894,
1784291475.0670793,T,192,401696,20024,0.12928688526153564,0.1604115068912506,-10.244789123535156,0.0005329249543137848,-0.0189188364893198,0.04263399541378021,5.058333396911621,2.7750000953674316,-3.875,17.600000381469727,93025.9765625,715.0634155273438,1.7813448905944824,
1784291494.5317369,T,193,421151,20124,0.14604631066322327,0.2059013396501541,-10.26394271850586,0.0,-0.018385911360383034,0.04210107401013374,5.041666507720947,2.9000000953674316,-3.9166667461395264,17.600000381469727,93025.9765625,715.0634155273438,1.7853299379348755,
1784291494.5566504,T,194,421179,20224,0.13407529890537262,0.17717093229293823,-10.254365921020508,0.0002664624771568924,-0.017852986231446266,0.04263399541378021,4.974999904632568,2.799999952316284,-3.8333332538604736,17.600000381469727,93025.9765625,715.0634155273438,1.7813448905944824,
1784291494.5789685,T,195,421204,20324,0.15322890877723694,0.16519992053508759,-10.237606048583984,0.0002664624771568924,-0.017852986231446266,0.04183461144566536,5.041666507720947,2.8416666984558105,-3.808333396911621,17.600000381469727,93025.765625,715.082275390625,1.7813448905944824,
1784291494.598746,T,196,421227,20424,0.15322890877723694,0.15801730751991272,-10.230423927307129,0.0007993874605745077,-0.018385911360383034,0.04210107401013374,5.058333396911621,2.8583333492279053,-3.875,17.600000381469727,93025.765625,715.082275390625,1.7813448905944824,
1784291494.6187932,T,197,421247,20524,0.16519992053508759,0.17238251864910126,-10.228029251098633,0.0,-0.0173200611025095,0.04236753284931183,4.974999904632568,2.8416666984558105,-3.808333396911621,17.600000381469727,93025.765625,715.082275390625,1.775367259979248,
1784291494.638743,T,198,421266,20624,0.1388636976480484,0.16998831927776337,-10.256759643554688,0.0007993874605745077,-0.017852986231446266,0.04210107401013374,5.0,2.883333444595337,-3.7249999046325684,17.600000381469727,93025.765625,715.082275390625,1.7793524265289307,
1784291494.6588666,T,199,421286,20724,0.14604631066322327,0.2059013396501541,-10.237606048583984,0.0002664624771568924,-0.018385911360383034,0.042900457978248596,5.175000190734863,2.8583333492279053,-3.75,17.600000381469727,93025.765625,715.082275390625,1.7833374738693237,
1784291494.6793694,T,200,421307,20824,0.1364694982767105,0.1843535304069519,-10.247182846069336,0.0002664624771568924,-0.019185297191143036,0.04210107401013374,5.058333396911621,2.816666603088379,-3.7916667461395264,17.600000381469727,93025.765625,715.082275390625,1.7813448905944824,
1784291494.6988971,T,201,421327,20924,0.1412578970193863,0.18914192914962769,-10.256759643554688,0.0,-0.018652373924851418,0.04263399541378021,5.058333396911621,2.8416666984558105,-3.933333396911621,17.600000381469727,93025.765625,715.082275390625,1.7813448905944824,
1784291494.7188382,T,202,421346,21024,0.12449848651885986,0.1867477297782898,-10.211270332336426,0.0,-0.018652373924851418,0.04263399541378021,5.133333206176758,2.9166667461395264,-3.7916667461395264,17.600000381469727,93025.765625,715.082275390625,1.7972854375839233,
1784291494.7401729,T,203,421367,21124,0.14844051003456116,0.17477671802043915,-10.259154319763184,0.0002664624771568924,-0.017852986231446266,0.04263399541378021,5.041666507720947,2.799999952316284,-3.8333332538604736,17.600000381469727,93025.765625,715.082275390625,1.7773598432540894,
1784291494.759239,T,204,421388,21224,0.1388636976480484,0.17956513166427612,-10.230423927307129,0.0005329249543137848,-0.017852986231446266,0.04263399541378021,5.191666603088379,2.8416666984558105,-3.6416666507720947,17.600000381469727,93025.9375,715.066650390625,1.7773598432540894,
1784291494.7793186,T,205,421407,21324,0.1604115068912506,0.1867477297782898,-10.259154319763184,0.0002664624771568924,-0.01811944879591465,0.04236753284931183,5.0,2.9166667461395264,-3.7916667461395264,17.600000381469727,93025.9375,715.066650390625,1.7773598432540894,
1784291494.800889,T,206,421427,21424,0.14365209639072418,0.181959331035614,-10.230423927307129,-0.0005329249543137848,-0.017586523666977882,0.04343338683247566,5.083333492279053,2.9166667461395264,-3.8916666507720947,17.600000381469727,93025.9375,715.066650390625,1.7853299379348755,
1784291494.820949,T,207,421448,21524,0.1388636976480484,0.2082955539226532,-10.251971244812012,0.0,-0.017852986231446266,0.04316692054271698,5.083333492279053,2.816666603088379,-3.808333396911621,17.600000381469727,93025.9375,715.066650390625,1.7793524265289307,
1784291494.840867,T,208,421469,21624,0.15801730751991272,0.1867477297782898,-10.225635528564453,0.0,-0.01811944879591465,0.04236753284931183,5.041666507720947,2.8583333492279053,-3.7916667461395264,17.600000381469727,93025.9375,715.066650390625,1.795292854309082,
1784291494.8608794,T,209,421488,21724,0.14844051003456116,0.19393034279346466,-10.261548042297363,-0.0002664624771568924,-0.01811944879591465,0.042900457978248596,4.974999904632568,2.8583333492279053,-3.8916666507720947,17.600000381469727,93026.109375,715.0515747070312,1.7813448905944824,
1784291494.8806798,T,210,421509,21824,0.1604115068912506,0.17717093229293823,-10.251971244812012,0.0007993874605745077,-0.018385911360383034,0.04210107401013374,5.058333396911621,2.8583333492279053,-3.7916667461395264,17.600000381469727,93026.109375,715.0515747070312,1.7833374738693237,
1784291494.898369,T,211,421528,21924,0.14844051003456116,0.17717093229293823,-10.232817649841309,-0.0005329249543137848,-0.017852986231446266,0.04263399541378021,5.058333396911621,2.8416666984558105,-3.933333396911621,17.600000381469727,93026.109375,715.0515747070312,1.7773598432540894,
1784291494.915129,T,212,421546,22024,0.1412578970193863,0.1843535304069519,-10.228029251098633,0.0,-0.017053598538041115,0.042900457978248596,5.083333492279053,2.8583333492279053,-3.8916666507720947,17.600000381469727,93026.109375,715.0515747070312,1.7813448905944824,
1784291494.934308,T,213,421563,22124,0.15562310814857483,0.181959331035614,-10.24239444732666,0.0,-0.0189188364893198,0.04236753284931183,5.016666889190674,2.799999952316284,-3.875,17.600000381469727,93026.109375,715.0515747070312,1.7833374738693237,
1784291494.9511247,T,214,421582,22224,0.13407529890537262,0.18914192914962769,-10.247182846069336,0.0007993874605745077,-0.017852986231446266,0.042900457978248596,5.058333396911621,2.883333444595337,-3.9166667461395264,17.600000381469727,93026.09375,715.05322265625,1.775367259979248,
1784291494.9704776,T,215,421599,22324,0.1412578970193863,0.1843535304069519,-10.290278434753418,0.0005329249543137848,-0.018652373924851418,0.042900457978248596,4.974999904632568,2.8416666984558105,-3.941666603088379,17.600000381469727,93026.09375,715.05322265625,1.7813448905944824,
1784291494.9872081,T,216,421618,22424,0.14844051003456116,0.17717093229293823,-10.256759643554688,0.0002664624771568924,-0.018652373924851418,0.04263399541378021,5.108333110809326,2.9000000953674316,-3.8499999046325684,17.600000381469727,93026.09375,715.05322265625,1.7833374738693237,
1784291495.0071673,T,217,421635,22524,0.16519992053508759,0.17717093229293823,-10.218452453613281,0.0007993874605745077,-0.01945176161825657,0.04236753284931183,5.133333206176758,2.7750000953674316,-3.808333396911621,17.600000381469727,93026.09375,715.05322265625,1.7833374738693237,
1784291495.0270665,T,218,421655,22624,0.14844051003456116,0.181959331035614,-10.220847129821777,0.0005329249543137848,-0.018385911360383034,0.04210107401013374,4.958333492279053,2.883333444595337,-3.7666666507720947,17.600000381469727,93026.09375,715.05322265625,1.775367259979248,
1784291495.0470488,T,219,421674,22724,0.13168109953403473,0.15801730751991272,-10.249577522277832,0.0005329249543137848,-0.017586523666977882,0.04103522002696991,5.099999904632568,2.8416666984558105,-3.7249999046325684,17.600000381469727,93026.265625,715.03759765625,1.7773598432540894,
1784291495.0670419,T,220,421695,22824,0.13168109953403473,0.17477671802043915,-10.259154319763184,-0.0002664624771568924,-0.01811944879591465,0.04210107401013374,5.058333396911621,2.8583333492279053,-3.8499999046325684,17.600000381469727,93026.265625,715.03759765625,1.7813448905944824,
1784291495.0870397,T,221,421714,22924,0.13168109953403473,0.19393034279346466,-10.228029251098633,0.0005329249543137848,-0.01811944879591465,0.04210107401013374,5.016666889190674,2.7750000953674316,-3.808333396911621,17.600000381469727,93026.265625,715.03759765625,1.7972854375839233,
1784291495.1070397,T,222,421735,23024,0.1388636976480484,0.17238251864910126,-10.235212326049805,0.0010658499086275697,-0.017852986231446266,0.04236753284931183,5.099999904632568,2.9000000953674316,-3.875,17.600000381469727,93026.265625,715.03759765625,1.7813448905944824,
1784291495.1270738,T,223,421755,23124,0.15322890877723694,0.181959331035614,-10.237606048583984,0.0007993874605745077,-0.018652373924851418,0.04210107401013374,5.058333396911621,2.7333333492279053,-4.008333206176758,17.600000381469727,93026.265625,715.03759765625,1.7972854375839233,
1784291495.1470912,T,224,421774,23224,0.1364694982767105,0.1628057211637497,-10.251971244812012,0.0005329249543137848,-0.01811944879591465,0.04210107401013374,5.016666889190674,2.9000000953674316,-3.7916667461395264,17.600000381469727,93026.0625,715.055908203125,1.7773598432540894,
1784291514.5204084,T,225,441153,23324,0.15322890877723694,0.1843535304069519,-10.237606048583984,0.0,-0.017586523666977882,0.04236753284931183,5.099999904632568,2.9000000953674316,-3.7916667461395264,17.600000381469727,93026.0625,715.055908203125,1.7793524265289307,
1784291514.5374372,T,226,441170,23424,0.1412578970193863,0.16519992053508759,-10.213664054870605,0.0002664624771568924,-0.01811944879591465,0.04236753284931183,5.083333492279053,2.883333444595337,-3.8333332538604736,17.600000381469727,93026.0625,715.055908203125,1.7773598432540894,
1784291514.5558178,T,227,441187,23524,0.1388636976480484,0.1867477297782898,-10.235212326049805,0.0002664624771568924,-0.01811944879591465,0.04263399541378021,5.108333110809326,2.816666603088379,-3.875,17.600000381469727,93026.0625,715.055908203125,1.7833374738693237,
1784291514.5766175,T,228,441206,23624,0.14844051003456116,0.17477671802043915,-10.254365921020508,-0.0002664624771568924,-0.018652373924851418,0.04236753284931183,5.016666889190674,2.8583333492279053,-3.808333396911621,17.600000381469727,93026.0625,715.055908203125,1.7813448905944824,
1784291514.5955834,T,229,441227,23724,0.15083470940589905,0.19153612852096558,-10.24239444732666,0.0005329249543137848,-0.018652373924851418,0.04263399541378021,5.058333396911621,2.8583333492279053,-3.8916666507720947,17.600000381469727,93026.0625,715.055908203125,1.775367259979248,
1784291514.6192684,T,230,441246,23824,0.15562310814857483,0.17717093229293823,-10.299856185913086,0.0005329249543137848,-0.018385911360383034,0.04263399541378021,5.108333110809326,2.816666603088379,-3.7916667461395264,17.600000381469727,93026.0625,715.055908203125,1.7833374738693237,
1784291514.6382632,T,231,441269,23924,0.15801730751991272,0.17477671802043915,-10.256759643554688,0.0,-0.0189188364893198,0.04263399541378021,5.108333110809326,2.799999952316284,-3.8916666507720947,17.600000381469727,93026.0625,715.055908203125,1.8012704849243164,
1784291514.66225,T,232,441288,24024,0.14365209639072418,0.17477671802043915,-10.24239444732666,0.0010658499086275697,-0.018652373924851418,0.04263399541378021,5.175000190734863,2.8416666984558105,-3.875,17.600000381469727,93026.0625,715.055908203125,1.7813448905944824,
1784291514.6801953,T,233,441313,24124,0.14844051003456116,0.15562310814857483,-10.232817649841309,0.0,-0.018652373924851418,0.04210107401013374,5.016666889190674,2.816666603088379,-3.933333396911621,17.600000381469727,93026.234375,715.040283203125,1.7813448905944824,
1784291514.701989,T,234,441330,24224,0.1604115068912506,0.17238251864910126,-10.247182846069336,0.0,-0.017586523666977882,0.04210107401013374,5.058333396911621,2.816666603088379,-3.8916666507720947,17.600000381469727,93026.234375,715.040283203125,1.795292854309082,
1784291514.7216132,T,235,441352,24324,0.14365209639072418,0.1867477297782898,-10.249577522277832,-0.0005329249543137848,-0.017852986231446266,0.04183461144566536,5.058333396911621,2.8416666984558105,-3.875,17.600000381469727,93026.234375,715.040283203125,1.7833374738693237,
1784291514.7378347,T,236,441371,24424,0.14604631066322327,0.181959331035614,-10.24239444732666,-0.0007993874605745077,-0.0189188364893198,0.04263399541378021,5.041666507720947,2.8583333492279053,-3.8333332538604736,17.600000381469727,93026.234375,715.040283203125,1.7733747959136963,
1784291514.7577894,T,237,441388,24524,0.15322890877723694,0.17477671802043915,-10.232817649841309,0.0002664624771568924,-0.01811944879591465,0.04210107401013374,5.016666889190674,2.8416666984558105,-3.8916666507720947,17.600000381469727,93026.234375,715.040283203125,1.7833374738693237,
1784291514.7741935,T,238,441407,24624,0.1604115068912506,0.1604115068912506,-10.220847129821777,0.0,-0.0173200611025095,0.04210107401013374,5.016666889190674,2.8416666984558105,-3.875,17.600000381469727,93026.234375,715.040283203125,1.7813448905944824,
1784291514.7935448,T,239,441425,24724,0.14365209639072418,0.19632454216480255,-10.230423927307129,0.0010658499086275697,-0.018652373924851418,0.04263399541378021,5.099999904632568,2.883333444595337,-3.808333396911621,17.600000381469727,93026.234375,715.040283203125,1.7773598432540894,
1784291514.8114054,T,240,441444,24824,0.1412578970193863,0.16998831927776337,-10.20887565612793,-0.0002664624771568924,-0.01811944879591465,0.04210107401013374,5.083333492279053,2.8583333492279053,-3.875,17.600000381469727,93026.234375,715.040283203125,1.8012704849243164,
1784291514.8299744,T,241,441462,24924,0.12210428714752197,0.1628057211637497,-10.254365921020508,0.0002664624771568924,-0.0189188364893198,0.04210107401013374,5.099999904632568,2.933333396911621,-3.75,17.600000381469727,93026.234375,715.040283203125,1.7853299379348755,
1784291514.8506596,T,242,441479,25024,0.17477671802043915,0.17477671802043915,-10.271124839782715,-0.0005329249543137848,-0.01811944879591465,0.04263399541378021,5.133333206176758,2.883333444595337,-3.808333396911621,17.600000381469727,93026.234375,715.040283203125,1.7733747959136963,
1784291514.8757281,T,243,441500,25124,0.1388636976480484,0.1867477297782898,-10.249577522277832,-0.0013323123566806316,-0.017852986231446266,0.04236753284931183,5.108333110809326,2.758333444595337,-3.9833333492279053,17.600000381469727,93026.40625,715.0252075195312,1.7833374738693237,
1784291514.897532,T,244,441526,25224,0.14844051003456116,0.181959331035614,-10.244789123535156,-0.0002664624771568924,-0.01811944879591465,0.042900457978248596,4.974999904632568,2.799999952316284,-3.8916666507720947,17.600000381469727,93026.40625,715.0252075195312,1.7813448905944824,
1784291514.919067,T,245,441548,25324,0.15083470940589905,0.1843535304069519,-10.266336441040039,-0.0002664624771568924,-0.01811944879591465,0.04263399541378021,5.0,2.933333396911621,-3.875,17.600000381469727,93026.40625,715.0252075195312,1.775367259979248,
1784291514.9395378,T,246,441571,25424,0.1388636976480484,0.19632454216480255,-10.230423927307129,0.0002664624771568924,-0.018385911360383034,0.04183461144566536,4.958333492279053,2.8416666984558105,-3.75,17.600000381469727,93026.40625,715.0252075195312,1.775367259979248,
1784291514.9582024,T,247,441590,25524,0.1412578970193863,0.1843535304069519,-10.251971244812012,0.0005329249543137848,-0.01811944879591465,0.04263399541378021,5.041666507720947,2.9166667461395264,-3.808333396911621,17.600000381469727,93026.40625,715.0252075195312,1.7813448905944824,
1784291514.9781322,T,248,441611,25624,0.13168109953403473,0.1867477297782898,-10.26394271850586,-0.0007993874605745077,-0.017586523666977882,0.042900457978248596,4.891666889190674,2.8583333492279053,-3.8916666507720947,17.59000015258789,93026.015625,715.0601806640625,1.7833374738693237,
1784291514.9971821,T,249,441627,25724,0.11252748221158981,0.17238251864910126,-10.228029251098633,-0.0002664624771568924,-0.019185297191143036,0.04263399541378021,5.083333492279053,2.9583332538604736,-3.8916666507720947,17.59000015258789,93026.015625,715.0601806640625,1.7833374738693237,
1784291515.0141308,T,250,441647,25824,0.12928688526153564,0.181959331035614,-10.254365921020508,0.0002664624771568924,-0.0189188364893198,0.04183461144566536,5.0,2.816666603088379,-3.8916666507720947,17.59000015258789,93026.015625,715.0601806640625,1.7833374738693237,
1784291515.0335727,T,251,441664,25924,0.15562310814857483,0.1628057211637497,-10.204087257385254,0.0002664624771568924,-0.01811944879591465,0.04236753284931183,4.958333492279053,2.9000000953674316,-3.8916666507720947,17.59000015258789,93026.015625,715.0601806640625,1.7813448905944824,
1784291515.0500429,T,252,441683,26024,0.13168109953403473,0.17238251864910126,-10.26394271850586,0.0002664624771568924,-0.018385911360383034,0.04263399541378021,4.958333492279053,2.8583333492279053,-3.75,17.59000015258789,93026.015625,715.0601806640625,1.7833374738693237,
1784291515.0671718,T,253,441700,26124,0.15322890877723694,0.18914192914962769,-10.24000072479248,0.0,-0.0189188364893198,0.04210107401013374,5.099999904632568,2.883333444595337,-3.7666666507720947,17.59000015258789,93026.015625,715.0601806640625,1.7853299379348755,
1784291515.085476,T,254,441717,26224,0.15801730751991272,0.15562310814857483,-10.237606048583984,-0.0005329249543137848,-0.017852986231446266,0.04210107401013374,5.083333492279053,2.9749999046325684,-3.933333396911621,17.59000015258789,93026.015625,715.0601806640625,1.7793524265289307,
1784291515.1035755,T,255,441736,26324,0.1364694982767105,0.17477671802043915,-10.235212326049805,0.0,-0.018652373924851418,0.04183461144566536,4.916666507720947,2.9166667461395264,-3.9166667461395264,17.59000015258789,93026.015625,715.0601806640625,1.7833374738693237,
1784291515.1230607,T,256,441754,26424,0.14604631066322327,0.1843535304069519,-10.254365921020508,0.0005329249543137848,-0.017852986231446266,0.04263399541378021,5.016666889190674,2.883333444595337,-3.933333396911621,17.59000015258789,93026.015625,715.0601806640625,1.8012704849243164,
1784291534.515755,T,257,461151,281224,0.12689268589019775,0.17477671802043915,-10.271124839782715,-0.0002664624771568924,-0.016254210844635963,0.04263399541378021,5.300000190734863,2.8583333492279053,-3.7249999046325684,18.270000457763672,93015.71875,715.97900390625,1.8769875764846802,
1784291534.532571,T,258,461168,281324,0.14604631066322327,0.17956513166427612,-10.254365921020508,-0.0005329249543137848,-0.01678713597357273,0.042900457978248596,5.333333492279053,2.8583333492279053,-3.933333396911621,18.270000457763672,93015.71875,715.97900390625,1.8969131708145142,
1784291534.5495694,T,259,461185,281424,0.12210428714752197,0.17238251864910126,-10.26394271850586,-0.0007993874605745077,-0.0173200611025095,0.04343338683247566,5.191666603088379,2.683333396911621,-3.7666666507720947,18.270000457763672,93015.71875,715.97900390625,1.8969131708145142,
1784291534.566733,T,260,461202,281524,0.12689268589019775,0.1843535304069519,-10.285490036010742,-0.0005329249543137848,-0.017053598538041115,0.04343338683247566,5.300000190734863,2.7750000953674316,-3.6666667461395264,18.270000457763672,93015.71875,715.97900390625,1.8969131708145142,
1784291534.5840843,T,261,461218,281624,0.11252748221158981,0.17477671802043915,-10.299856185913086,-0.0010658499086275697,-0.01678713597357273,0.04369984567165375,5.191666603088379,2.9166667461395264,-3.7916667461395264,18.270000457763672,93015.546875,715.9940795898438,1.9008982181549072,
1784291534.5998507,T,262,461235,281724,0.1173158809542656,0.17477671802043915,-10.287884712219238,0.0,-0.01811944879591465,0.04343338683247566,5.108333110809326,2.7750000953674316,-3.7083332538604736,18.270000457763672,93015.546875,715.9940795898438,1.8949205875396729,
1784291534.615824,T,263,461251,281824,0.1149216815829277,0.17717093229293823,-10.280701637268066,-0.0002664624771568924,-0.01678713597357273,0.04263399541378021,5.099999904632568,2.799999952316284,-3.8333332538604736,18.270000457763672,93015.546875,715.9940795898438,1.8949205875396729,
1784291534.632555,T,264,461268,281924,0.12210428714752197,0.16998831927776337,-10.271124839782715,-0.0005329249543137848,-0.0173200611025095,0.042900457978248596,5.300000190734863,2.816666603088379,-3.75,18.270000457763672,93015.546875,715.9940795898438,1.8969131708145142,
1784291534.6495543,T,265,461285,282024,0.12928688526153564,0.1867477297782898,-10.273519515991211,-0.0007993874605745077,-0.017053598538041115,0.042900457978248596,5.099999904632568,2.7166666984558105,-3.7666666507720947,18.280000686645508,93015.7578125,715.9752197265625,1.8969131708145142,
1784291534.6665976,T,266,461302,282124,0.1173158809542656,0.17956513166427612,-10.283096313476562,-0.0013323123566806316,-0.017053598538041115,0.04369984567165375,5.191666603088379,2.6416666507720947,-3.808333396911621,18.280000686645508,93015.7578125,715.9752197265625,1.8969131708145142,
1784291534.6838722,T,267,461319,282224,0.12689268589019775,0.17477671802043915,-10.244789123535156,-0.0002664624771568924,-0.017586523666977882,0.04263399541378021,5.108333110809326,2.7750000953674316,-3.7916667461395264,18.280000686645508,93015.7578125,715.9752197265625,1.8969131708145142,
1784291534.700726,T,268,461336,282324,0.12928688526153564,0.1843535304069519,-10.244789123535156,-0.0005329249543137848,-0.018652373924851418,0.04236753284931183,5.191666603088379,2.7083332538604736,-3.7916667461395264,18.280000686645508,93015.7578125,715.9752197265625,1.8949205875396729,
1784291534.716545,T,269,461352,282424,0.14844051003456116,0.1867477297782898,-10.292673110961914,-0.0002664624771568924,-0.01678713597357273,0.04263399541378021,5.150000095367432,2.9583332538604736,-3.7249999046325684,18.280000686645508,93015.7578125,715.9752197265625,1.8989057540893555,
1784291534.73354,T,270,461369,282524,0.12449848651885986,0.16519992053508759,-10.280701637268066,-0.0013323123566806316,-0.0173200611025095,0.04343338683247566,5.191666603088379,2.8583333492279053,-3.7083332538604736,18.280000686645508,93015.796875,715.971435546875,1.8969131708145142,
1784291534.750719,T,271,461386,282624,0.14844051003456116,0.15562310814857483,-10.273519515991211,-0.0018652373692020774,-0.0173200611025095,0.04236753284931183,5.275000095367432,2.799999952316284,-3.875,18.280000686645508,93015.796875,715.971435546875,1.8949205875396729,
1784291534.7677822,T,272,461402,282724,0.11252748221158981,0.16759411990642548,-10.266336441040039,-0.0013323123566806316,-0.017053598538041115,0.042900457978248596,5.175000190734863,2.816666603088379,-3.8333332538604736,18.280000686645508,93015.796875,715.971435546875,1.8809727430343628,
1784291534.784543,T,273,461420,282824,0.12689268589019775,0.16759411990642548,-10.273519515991211,-0.0007993874605745077,-0.0173200611025095,0.042900457978248596,5.275000095367432,2.758333444595337,-3.875,18.280000686645508,93015.796875,715.971435546875,1.8949205875396729,
1784291534.8017104,T,274,461437,282924,0.12928688526153564,0.16759411990642548,-10.251971244812012,-0.0005329249543137848,-0.017053598538041115,0.04236753284931183,5.233333110809326,2.9000000953674316,-3.8333332538604736,18.280000686645508,93015.796875,715.971435546875,1.8989057540893555,
1784291534.8175309,T,275,461453,283024,0.11971008777618408,0.17717093229293823,-10.237606048583984,-0.0015987749211490154,-0.017586523666977882,0.04343338683247566,5.233333110809326,2.816666603088379,-3.7916667461395264,18.280000686645508,93015.4921875,715.9989013671875,1.8969131708145142,
1784291534.8348355,T,276,461470,283124,0.12689268589019775,0.1628057211637497,-10.271124839782715,-0.0005329249543137848,-0.0173200611025095,0.042900457978248596,5.2166666984558105,2.758333444595337,-3.75,18.280000686645508,93015.4921875,715.9989013671875,1.873002529144287,
1784291534.8525054,T,277,461487,283224,0.11252748221158981,0.181959331035614,-10.27591323852539,-0.0013323123566806316,-0.017586523666977882,0.04316692054271698,5.258333206176758,2.883333444595337,-3.875,18.280000686645508,93015.4921875,715.9989013671875,1.873002529144287,
1784291534.8721254,T,278,461504,283324,0.13168109953403473,0.181959331035614,-10.285490036010742,-0.0015987749211490154,-0.016520673409104347,0.04236753284931183,5.233333110809326,2.683333396911621,-3.808333396911621,18.280000686645508,93015.4921875,715.9989013671875,1.8949205875396729,
1784291534.8919084,T,279,461523,283424,0.11252748221158981,0.14844051003456116,-10.254365921020508,-0.0013323123566806316,-0.017852986231446266,0.044232770800590515,5.275000095367432,2.7750000953674316,-3.7666666507720947,18.280000686645508,93015.4921875,715.9989013671875,1.8949205875396729,
1784291534.908702,T,280,461544,283524,0.14365209639072418,0.18914192914962769,-10.268731117248535,-0.0005329249543137848,-0.01678713597357273,0.04263399541378021,5.233333110809326,2.7333333492279053,-3.7916667461395264,18.280000686645508,93015.5,715.9978637695312,1.8949205875396729,
1784291534.9245296,T,281,461560,283624,0.13407529890537262,0.17717093229293823,-10.295066833496094,-0.0007993874605745077,-0.01811944879591465,0.042900457978248596,5.150000095367432,2.683333396911621,-3.808333396911621,18.280000686645508,93015.5,715.9978637695312,1.8989057540893555,
1784291534.9415262,T,282,461577,283724,0.1173158809542656,0.1628057211637497,-10.278307914733887,-0.0005329249543137848,-0.017053598538041115,0.04343338683247566,5.191666603088379,2.816666603088379,-3.7666666507720947,18.280000686645508,93015.5,715.9978637695312,1.8969131708145142,
1784291534.9585228,T,283,461594,283824,0.12449848651885986,0.15322890877723694,-10.266336441040039,-0.0005329249543137848,-0.017053598538041115,0.042900457978248596,5.175000190734863,2.816666603088379,-3.7916667461395264,18.280000686645508,93015.5,715.9978637695312,1.8989057540893555,
1784291534.9755569,T,284,461611,283924,0.1388636976480484,0.17956513166427612,-10.314221382141113,-0.0007993874605745077,-0.01678713597357273,0.042900457978248596,5.191666603088379,2.816666603088379,-3.7916667461395264,18.280000686645508,93015.5,715.9978637695312,1.8789801597595215,
1784291534.9927273,T,285,461628,284024,0.14604631066322327,0.17238251864910126,-10.309432983398438,-0.0010658499086275697,-0.016520673409104347,0.042900457978248596,5.175000190734863,2.758333444595337,-3.7916667461395264,18.290000915527344,93015.546875,715.9940795898438,1.8949205875396729,
1784291535.0086246,T,286,461644,284124,0.14604631066322327,0.1867477297782898,-10.283096313476562,-0.0002664624771568924,-0.016254210844635963,0.04343338683247566,5.108333110809326,2.7750000953674316,-3.808333396911621,18.290000915527344,93015.546875,715.9940795898438,1.8769875764846802,
1784291535.0255613,T,287,461661,284224,0.1173158809542656,0.17477671802043915,-10.268731117248535,-0.0013323123566806316,-0.0173200611025095,0.042900457978248596,5.041666507720947,2.816666603088379,-3.7666666507720947,18.290000915527344,93015.546875,715.9940795898438,1.9008982181549072,
1784291535.0425396,T,288,461678,284324,0.1412578970193863,0.17477671802043915,-10.273519515991211,-0.0007993874605745077,-0.017053598538041115,0.042900457978248596,5.083333492279053,2.683333396911621,-3.9166667461395264,18.290000915527344,93015.546875,715.9940795898438,1.8969131708145142,
1784291554.511842,T,289,481149,301224,0.12689268589019775,0.16998831927776337,-10.256759643554688,-0.0015987749211490154,-0.01811944879591465,0.042900457978248596,5.2166666984558105,2.5833332538604736,-3.9166667461395264,18.469999313354492,93016.53125,715.90625,1.892928123474121,
1784291554.5286257,T,290,481166,301324,0.1364694982767105,0.16759411990642548,-10.283096313476562,-0.0013323123566806316,-0.01678713597357273,0.04343338683247566,5.258333206176758,2.7166666984558105,-3.8499999046325684,18.469999313354492,93016.53125,715.90625,1.8749951124191284,
1784291554.545665,T,291,481183,301424,0.11013327538967133,0.1604115068912506,-10.273519515991211,-0.0010658499086275697,-0.017586523666977882,0.04396630823612213,5.108333110809326,2.508333444595337,-3.8499999046325684,18.479999542236328,93016.640625,715.8965454101562,1.8989057540893555,
1784291554.5624347,T,292,481200,301524,0.12449848651885986,0.15562310814857483,-10.27591323852539,-0.0007993874605745077,-0.017053598538041115,0.04183461144566536,5.275000095367432,2.558333396911621,-3.8916666507720947,18.479999542236328,93016.640625,715.8965454101562,1.8769875764846802,
1784291554.5794234,T,293,481217,301624,0.10773907601833344,0.1628057211637497,-10.26394271850586,-0.0005329249543137848,-0.01678713597357273,0.04369984567165375,5.108333110809326,2.558333396911621,-3.9666666984558105,18.479999542236328,93016.640625,715.8965454101562,1.9008982181549072,
1784291554.5977051,T,294,481234,301724,0.12689268589019775,0.17238251864910126,-10.283096313476562,-0.0002664624771568924,-0.017586523666977882,0.04396630823612213,5.2166666984558105,2.6416666507720947,-3.9166667461395264,18.479999542236328,93016.640625,715.8965454101562,1.8769875764846802,
1784291554.6144807,T,295,481252,301824,0.12210428714752197,0.1628057211637497,-10.290278434753418,-0.0002664624771568924,-0.01678713597357273,0.04316692054271698,5.150000095367432,2.7083332538604736,-3.8916666507720947,18.479999542236328,93016.640625,715.8965454101562,1.8969131708145142,
1784291554.6315944,T,296,481269,301924,0.12928688526153564,0.15322890877723694,-10.278307914733887,-0.0005329249543137848,-0.0173200611025095,0.04316692054271698,5.233333110809326,2.5833332538604736,-3.8499999046325684,18.489999771118164,93016.734375,715.8878784179688,1.8969131708145142,
1784291554.6511424,T,297,481286,302024,0.12210428714752197,0.16519992053508759,-10.283096313476562,-0.0007993874605745077,-0.017586523666977882,0.04316692054271698,5.083333492279053,2.558333396911621,-3.8916666507720947,18.489999771118164,93016.734375,715.8878784179688,1.8809727430343628,
1784291554.6685565,T,298,481305,302124,0.12449848651885986,0.18914192914962769,-10.268731117248535,-0.0005329249543137848,-0.0173200611025095,0.04343338683247566,5.133333206176758,2.683333396911621,-4.008333206176758,18.489999771118164,93016.734375,715.8878784179688,1.8989057540893555,
1784291554.6845953,T,299,481322,302224,0.1149216815829277,0.14844051003456116,-10.26394271850586,-0.0015987749211490154,-0.0173200611025095,0.04316692054271698,5.099999904632568,2.508333444595337,-3.9666666984558105,18.489999771118164,93016.734375,715.8878784179688,1.8989057540893555,
1784291554.701986,T,300,481339,302324,0.13407529890537262,0.1843535304069519,-10.292673110961914,-0.0007993874605745077,-0.017053598538041115,0.04236753284931183,5.133333206176758,2.6416666507720947,-3.9833333492279053,18.489999771118164,93016.734375,715.8878784179688,1.9008982181549072,
1784291554.7203581,T,301,481357,302424,0.11252748221158981,0.16759411990642548,-10.259154319763184,-0.0005329249543137848,-0.016520673409104347,0.04369984567165375,5.150000095367432,2.625,-3.941666603088379,18.489999771118164,93016.828125,715.8798217773438,1.8789801597595215,
1784291554.736564,T,302,481374,302524,0.10773907601833344,0.16519992053508759,-10.283096313476562,-0.0010658499086275697,-0.01598774828016758,0.042900457978248596,5.016666889190674,2.5416667461395264,-4.008333206176758,18.489999771118164,93016.828125,715.8798217773438,1.9068758487701416,
1784291554.7532303,T,303,481390,302624,0.11971008777618408,0.15562310814857483,-10.316615104675293,-0.0007993874605745077,-0.016520673409104347,0.04156814515590668,5.133333206176758,2.6666667461395264,-3.9166667461395264,18.489999771118164,93016.828125,715.8798217773438,1.8809727430343628,
1784291554.7697086,T,304,481407,302724,0.13168109953403473,0.1628057211637497,-10.280701637268066,-0.0010658499086275697,-0.016254210844635963,0.04263399541378021,5.058333396911621,2.5999999046325684,-3.8916666507720947,18.489999771118164,93016.828125,715.8798217773438,1.8949205875396729,
1784291554.7877529,T,305,481425,302824,0.1364694982767105,0.1628057211637497,-10.273519515991211,0.0,-0.017586523666977882,0.04316692054271698,5.191666603088379,2.5833332538604736,-4.050000190734863,18.5,93016.53125,715.90625,1.8989057540893555,
1784291554.808818,T,306,481442,302924,0.12449848651885986,0.17238251864910126,-10.268731117248535,-0.0007993874605745077,-0.0173200611025095,0.042900457978248596,5.108333110809326,2.558333396911621,-3.8499999046325684,18.5,93016.53125,715.90625,1.8969131708145142,
1784291554.8252447,T,307,481462,303024,0.10534487664699554,0.16998831927776337,-10.283096313476562,-0.0007993874605745077,-0.01678713597357273,0.04263399541378021,5.175000190734863,2.6416666507720947,-3.8916666507720947,18.5,93016.53125,715.90625,1.8949205875396729,
1784291554.8416421,T,308,481479,303124,0.09816227108240128,0.16759411990642548,-10.278307914733887,-0.0015987749211490154,-0.0173200611025095,0.04343338683247566,5.150000095367432,2.5416667461395264,-3.933333396911621,18.5,93016.53125,715.90625,1.8969131708145142,
1784291554.858651,T,309,481496,303224,0.12210428714752197,0.15801730751991272,-10.292673110961914,-0.0007993874605745077,-0.017053598538041115,0.042900457978248596,5.175000190734863,2.5250000953674316,-3.9666666984558105,18.5,93016.53125,715.90625,1.8949205875396729,
1784291554.8768702,T,310,481513,303324,0.1173158809542656,0.19393034279346466,-10.268731117248535,-0.0013323123566806316,-0.017586523666977882,0.042900457978248596,5.133333206176758,2.5250000953674316,-3.933333396911621,18.510000228881836,93016.8203125,715.88037109375,1.8969131708145142,
1784291554.893715,T,311,481530,303424,0.12689268589019775,0.17477671802043915,-10.235212326049805,-0.0015987749211490154,-0.017053598538041115,0.042900457978248596,5.133333206176758,2.5250000953674316,-3.933333396911621,18.510000228881836,93016.8203125,715.88037109375,1.8809727430343628,
1784291554.911367,T,312,481548,303524,0.12449848651885986,0.15322890877723694,-10.295066833496094,-0.0002664624771568924,-0.01811944879591465,0.04343338683247566,5.175000190734863,2.441666603088379,-3.875,18.510000228881836,93016.8203125,715.88037109375,1.908868432044983,
1784291554.9293835,T,313,481565,303624,0.09576806426048279,0.17956513166427612,-10.26394271850586,-0.0007993874605745077,-0.017586523666977882,0.04316692054271698,5.175000190734863,2.5833332538604736,-3.8916666507720947,18.510000228881836,93016.8203125,715.88037109375,1.8949205875396729,
1784291554.948607,T,314,481584,303724,0.12928688526153564,0.1843535304069519,-10.292673110961914,-0.0015987749211490154,-0.017053598538041115,0.04263399541378021,5.133333206176758,2.5416667461395264,-3.875,18.510000228881836,93016.8203125,715.88037109375,1.8969131708145142,
1784291554.9653761,T,315,481603,303824,0.14365209639072418,0.1867477297782898,-10.268731117248535,-0.0013323123566806316,-0.0173200611025095,0.04316692054271698,5.2166666984558105,2.625,-3.875,18.510000228881836,93016.703125,715.890625,1.8789801597595215,
1784291554.9823742,T,316,481620,303924,0.12210428714752197,0.17956513166427612,-10.292673110961914,-0.0007993874605745077,-0.01678713597357273,0.04263399541378021,5.175000190734863,2.625,-3.941666603088379,18.510000228881836,93016.703125,715.890625,1.9008982181549072,
1784291554.9997184,T,317,481637,304024,0.11252748221158981,0.1628057211637497,-10.271124839782715,-0.0007993874605745077,-0.017053598538041115,0.042900457978248596,4.933333396911621,2.4666666984558105,-3.933333396911621,18.510000228881836,93016.703125,715.890625,1.8769875764846802,
1784291555.0163429,T,318,481653,304124,0.11013327538967133,0.15322890877723694,-10.278307914733887,-0.0002664624771568924,-0.01811944879591465,0.04369984567165375,5.133333206176758,2.5416667461395264,-3.7916667461395264,18.510000228881836,93016.703125,715.890625,1.8969131708145142,
1784291555.0362306,T,319,481670,304224,0.11971008777618408,0.16759411990642548,-10.285490036010742,-0.0010658499086275697,-0.0173200611025095,0.042900457978248596,5.2166666984558105,2.4666666984558105,-3.941666603088379,18.510000228881836,93016.703125,715.890625,1.8989057540893555,
1784291555.0523756,T,320,481690,304324,0.11971008777618408,0.17238251864910126,-10.273519515991211,0.0,-0.017586523666977882,0.042900457978248596,5.150000095367432,2.5833332538604736,-3.9166667461395264,18.520000457763672,93016.9609375,715.867431640625,1.8989057540893555,
1784291574.5101004,T,321,501147,321224,0.13168109953403473,0.14844051003456116,-10.251971244812012,-0.0007993874605745077,-0.0173200611025095,0.04396630823612213,5.058333396911621,2.558333396911621,-3.7916667461395264,18.739999771118164,93017.0703125,715.8577270507812,1.8949205875396729,
1784291574.5286124,T,322,501166,321324,0.11971008777618408,0.16759411990642548,-10.314221382141113,-0.0002664624771568924,-0.018385911360383034,0.04343338683247566,5.041666507720947,2.558333396911621,-3.8333332538604736,18.739999771118164,93017.0703125,715.8577270507812,1.8949205875396729,
1784291574.5461748,T,323,501185,321424,0.1388636976480484,0.16998831927776337,-10.261548042297363,-0.0015987749211490154,-0.01678713597357273,0.04236753284931183,5.099999904632568,2.6416666507720947,-3.8916666507720947,18.739999771118164,93017.0703125,715.8577270507812,1.8809727430343628,
1784291574.5717413,T,324,501202,321524,0.12210428714752197,0.17238251864910126,-10.249577522277832,-0.0013323123566806316,-0.017852986231446266,0.04236753284931183,5.099999904632568,2.5833332538604736,-3.7083332538604736,18.739999771118164,93017.0703125,715.8577270507812,1.8969131708145142,
1784291574.5887642,T,325,501228,321624,0.12210428714752197,0.17238251864910126,-10.254365921020508,-0.0010658499086275697,-0.018385911360383034,0.04263399541378021,5.016666889190674,2.5833332538604736,-3.7916667461395264,18.739999771118164,93017.0703125,715.8577270507812,1.8989057540893555,
1784291574.608792,T,326,501244,321724,0.13168109953403473,0.17238251864910126,-10.259154319763184,-0.0007993874605745077,-0.017053598538041115,0.04316692054271698,5.133333206176758,2.5999999046325684,-3.808333396911621,18.75,93017.015625,715.8626098632812,1.892928123474121,
1784291574.627888,T,327,501265,321824,0.1149216815829277,0.1604115068912506,-10.302249908447266,-0.0010658499086275697,-0.018652373924851418,0.04316692054271698,5.099999904632568,2.6416666507720947,-3.808333396911621,18.75,93017.015625,715.8626098632812,1.8969131708145142,
1784291574.6477797,T,328,501284,321924,0.12449848651885986,0.17238251864910126,-10.27591323852539,-0.0018652373692020774,-0.015721285715699196,0.04369984567165375,5.108333110809326,2.5416667461395264,-3.933333396911621,18.75,93017.015625,715.8626098632812,1.9028908014297485,
1784291574.6749842,T,329,501305,322024,0.13407529890537262,0.1412578970193863,-10.278307914733887,-0.0015987749211490154,-0.015721285715699196,0.04316692054271698,5.041666507720947,2.558333396911621,-3.875,18.75,93017.015625,715.8626098632812,1.9008982181549072,
1784291574.6954467,T,330,501334,322124,0.1604115068912506,0.1628057211637497,-10.3549222946167,-0.0015987749211490154,-0.013056661002337933,0.04396630823612213,5.058333396911621,2.5250000953674316,-3.7666666507720947,18.75,93017.015625,715.8626098632812,1.8769875764846802,
1784291574.7126095,T,331,501352,322224,0.1364694982767105,0.1364694982767105,-10.259154319763184,-0.0013323123566806316,-0.01678713597357273,0.042900457978248596,5.041666507720947,2.5416667461395264,-3.7916667461395264,18.760000228881836,93016.9375,715.8695678710938,1.8969131708145142,
1784291574.738769,T,332,501369,322324,0.12689268589019775,0.1604115068912506,-10.249577522277832,-0.0007993874605745077,-0.017852986231446266,0.04343338683247566,5.016666889190674,2.508333444595337,-3.8333332538604736,18.760000228881836,93016.9375,715.8695678710938,1.8989057540893555,
1784291574.7574286,T,333,501396,322424,0.1149216815829277,0.17238251864910126,-10.251971244812012,0.0,-0.01945176161825657,0.04369984567165375,5.150000095367432,2.5416667461395264,-3.7249999046325684,18.760000228881836,93016.9375,715.8695678710938,1.8989057540893555,
1784291574.78191,T,334,501413,322524,0.1173158809542656,0.15801730751991272,-10.271124839782715,-0.0005329249543137848,-0.018652373924851418,0.042900457978248596,5.058333396911621,2.5833332538604736,-3.8499999046325684,18.760000228881836,93016.9375,715.8695678710938,1.8969131708145142,
1784291574.8022928,T,335,501440,322624,0.11013327538967133,0.17477671802043915,-10.26394271850586,-0.0013323123566806316,-0.01678713597357273,0.04316692054271698,5.058333396911621,2.5833332538604736,-3.9166667461395264,18.760000228881836,93016.9375,715.8695678710938,1.8969131708145142,
1784291574.8184915,T,336,501458,322724,0.08140286058187485,0.17238251864910126,-10.24239444732666,-0.0005329249543137848,-0.018652373924851418,0.04263399541378021,5.058333396911621,2.5833332538604736,-3.808333396911621,18.760000228881836,93017.0234375,715.862060546875,1.8909355401992798,
1784291574.8369102,T,337,501475,322824,0.10773907601833344,0.16998831927776337,-10.273519515991211,-0.0005329249543137848,-0.017053598538041115,0.04343338683247566,5.099999904632568,2.558333396911621,-3.8499999046325684,18.760000228881836,93017.0234375,715.862060546875,1.9028908014297485,
1784291574.8585827,T,338,501494,322924,0.11971008777618408,0.1867477297782898,-10.27591323852539,-0.0007993874605745077,-0.016520673409104347,0.04210107401013374,4.891666889190674,2.683333396911621,-3.8333332538604736,18.760000228881836,93017.0234375,715.862060546875,1.9008982181549072,
1784291574.8757389,T,339,501515,323024,0.1149216815829277,0.15801730751991272,-10.309432983398438,0.0005329249543137848,-0.018385911360383034,0.042900457978248596,5.0,2.5833332538604736,-3.7916667461395264,18.760000228881836,93017.0234375,715.862060546875,1.8749951124191284,
1784291574.896812,T,340,501532,323124,0.13168109953403473,0.15083470940589905,-10.24000072479248,-0.0015987749211490154,-0.016254210844635963,0.04263399541378021,5.108333110809326,2.558333396911621,-3.808333396911621,18.760000228881836,93017.0234375,715.862060546875,1.892928123474121,
1784291574.914724,T,341,501554,323224,0.11971008777618408,0.181959331035614,-10.287884712219238,-0.0005329249543137848,-0.02025114931166172,0.04236753284931183,5.133333206176758,2.5833332538604736,-3.8916666507720947,18.770000457763672,93016.5625,715.9030151367188,1.9008982181549072,
1784291574.9328537,T,342,501571,323324,0.10773907601833344,0.17717093229293823,-10.285490036010742,-0.002931087277829647,-0.016520673409104347,0.04263399541378021,5.133333206176758,2.4833333492279053,-3.7666666507720947,18.770000457763672,93016.5625,715.9030151367188,1.8989057540893555,
1784291574.953199,T,343,501590,323424,0.11971008777618408,0.15322890877723694,-10.27591323852539,-0.0002664624771568924,-0.018652373924851418,0.04183461144566536,5.083333492279053,2.5999999046325684,-3.808333396911621,18.770000457763672,93016.5625,715.9030151367188,1.8989057540893555,
1784291574.9774084,T,344,501609,323524,0.11252748221158981,0.17238251864910126,-10.299856185913086,-0.0013323123566806316,-0.017586523666977882,0.04369984567165375,5.083333492279053,2.5999999046325684,-3.808333396911621,18.770000457763672,93016.5625,715.9030151367188,1.8789801597595215,
1784291574.9947262,T,345,501634,323624,0.11252748221158981,0.15801730751991272,-10.292673110961914,-0.0010658499086275697,-0.015188361518085003,0.04343338683247566,5.099999904632568,2.5833332538604736,-3.8499999046325684,18.780000686645508,93016.5078125,715.9078369140625,1.9008982181549072,
1784291575.0167751,T,346,501652,323724,0.1364694982767105,0.16519992053508759,-10.32858657836914,-0.0013323123566806316,-0.01598774828016758,0.042900457978248596,5.016666889190674,2.683333396911621,-3.7666666507720947,18.780000686645508,93016.5078125,715.9078369140625,1.9008982181549072,
1784291575.0343916,T,347,501673,323824,0.12449848651885986,0.1843535304069519,-10.26394271850586,-0.0007993874605745077,-0.01598774828016758,0.04263399541378021,5.099999904632568,2.625,-3.9166667461395264,18.780000686645508,93016.5078125,715.9078369140625,1.8989057540893555,
1784291575.0576615,T,348,501692,323924,0.13407529890537262,0.19153612852096558,-10.29746150970459,-0.0005329249543137848,-0.01945176161825657,0.04210107401013374,5.099999904632568,2.5833332538604736,-3.7666666507720947,18.780000686645508,93016.5078125,715.9078369140625,1.9008982181549072,
1784291575.0764585,T,349,501715,324024,0.1173158809542656,0.181959331035614,-10.24239444732666,-0.0013323123566806316,-0.015454824082553387,0.04343338683247566,5.016666889190674,2.6416666507720947,-3.8499999046325684,18.780000686645508,93016.5078125,715.9078369140625,1.9048833847045898,
1784291575.0926583,T,350,501732,324124,0.1149216815829277,0.18914192914962769,-10.268731117248535,-0.0015987749211490154,-0.01678713597357273,0.04369984567165375,5.108333110809326,2.5416667461395264,-3.875,18.780000686645508,93016.25,715.9315795898438,1.9028908014297485,
1784291575.1160052,T,351,501750,324224,0.10534487664699554,0.16998831927776337,-10.259154319763184,-0.0010658499086275697,-0.015721285715699196,0.042900457978248596,5.175000190734863,2.6416666507720947,-3.7666666507720947,18.780000686645508,93016.25,715.9315795898438,1.9008982181549072,
1784291575.1339035,T,352,501773,324324,0.1364694982767105,0.15322890877723694,-10.302249908447266,-0.0013323123566806316,-0.01678713597357273,0.04343338683247566,5.083333492279053,2.5416667461395264,-3.808333396911621,18.780000686645508,93016.25,715.9315795898438,1.9008982181549072,
1784291594.5122273,T,353,521153,361224,0.1364694982767105,0.15801730751991272,-10.256759643554688,-0.0021316998172551394,-0.017053598538041115,0.04316692054271698,5.175000190734863,2.816666603088379,-3.8333332538604736,19.100000381469727,93014.40625,716.095947265625,1.9008982181549072,
1784291594.5285714,T,354,521170,361324,0.1149216815829277,0.16759411990642548,-10.287884712219238,-0.0010658499086275697,-0.016254210844635963,0.042900457978248596,5.175000190734863,2.8416666984558105,-3.8499999046325684,19.100000381469727,93014.40625,716.095947265625,1.9108611345291138,
1784291594.5451155,T,355,521187,361424,0.12928688526153564,0.17477671802043915,-10.292673110961914,-0.0015987749211490154,-0.016520673409104347,0.042900457978248596,5.099999904632568,2.9000000953674316,-3.8916666507720947,19.110000610351562,93014.453125,716.0916137695312,1.8969131708145142,
1784291594.562116,T,356,521204,361524,0.1388636976480484,0.17238251864910126,-10.271124839782715,-0.0015987749211490154,-0.017053598538041115,0.042900457978248596,5.150000095367432,2.883333444595337,-3.9166667461395264,19.110000610351562,93014.453125,716.0916137695312,1.9028908014297485,
1784291594.5793197,T,357,521221,361624,0.09816227108240128,0.17477671802043915,-10.287884712219238,-0.0010658499086275697,-0.01678713597357273,0.042900457978248596,5.133333206176758,2.933333396911621,-3.9166667461395264,19.110000610351562,93014.453125,716.0916137695312,1.9048833847045898,
1784291594.596245,T,358,521238,361724,0.12689268589019775,0.16519992053508759,-10.287884712219238,-0.0015987749211490154,-0.01678713597357273,0.04316692054271698,5.175000190734863,2.816666603088379,-3.8499999046325684,19.110000610351562,93014.453125,716.0916137695312,1.8789801597595215,
1784291594.6121125,T,359,521254,361824,0.13407529890537262,0.14844051003456116,-10.280701637268066,-0.0010658499086275697,-0.016254210844635963,0.04263399541378021,5.099999904632568,3.0,-3.808333396911621,19.110000610351562,93014.453125,716.0916137695312,1.9028908014297485,
1784291594.6293151,T,360,521271,361924,0.11971008777618408,0.16759411990642548,-10.295066833496094,-0.0021316998172551394,-0.017586523666977882,0.04236753284931183,5.175000190734863,2.9000000953674316,-3.875,19.110000610351562,93014.53125,716.0845947265625,1.9048833847045898,
1784291594.6463106,T,361,521288,362024,0.1173158809542656,0.17956513166427612,-10.259154319763184,-0.0007993874605745077,-0.01678713597357273,0.04263399541378021,5.233333110809326,2.933333396911621,-3.808333396911621,19.110000610351562,93014.53125,716.0845947265625,1.8989057540893555,
1784291594.6648135,T,362,521305,362124,0.12928688526153564,0.17717093229293823,-10.299856185913086,-0.0010658499086275697,-0.017053598538041115,0.042900457978248596,5.133333206176758,2.8583333492279053,-3.933333396911621,19.110000610351562,93014.53125,716.0845947265625,1.8969131708145142,
1784291594.6830757,T,363,521325,362224,0.12449848651885986,0.1604115068912506,-10.29746150970459,-0.0010658499086275697,-0.017053598538041115,0.04369984567165375,5.233333110809326,2.8416666984558105,-3.9666666984558105,19.110000610351562,93014.53125,716.0845947265625,1.9008982181549072,
1784291594.7003095,T,364,521342,362324,0.1364694982767105,0.16759411990642548,-10.280701637268066,-0.0018652373692020774,-0.01678713597357273,0.04263399541378021,5.108333110809326,2.8416666984558105,-3.808333396911621,19.110000610351562,93014.2265625,716.111572265625,1.9068758487701416,
1784291594.7170217,T,365,521358,362424,0.12449848651885986,0.16998831927776337,-10.283096313476562,-0.0007993874605745077,-0.0173200611025095,0.04396630823612213,5.108333110809326,2.9000000953674316,-3.8916666507720947,19.110000610351562,93014.2265625,716.111572265625,1.9048833847045898,
1784291594.7331076,T,366,521375,362524,0.1388636976480484,0.15562310814857483,-10.247182846069336,-0.0010658499086275697,-0.017053598538041115,0.04316692054271698,5.133333206176758,2.933333396911621,-3.941666603088379,19.110000610351562,93014.2265625,716.111572265625,1.9008982181549072,
1784291594.7507458,T,367,521392,362624,0.1149216815829277,0.17477671802043915,-10.27591323852539,-0.0015987749211490154,-0.016254210844635963,0.04316692054271698,5.099999904632568,2.9583332538604736,-3.933333396911621,19.110000610351562,93014.2265625,716.111572265625,1.9028908014297485,
1784291594.7688963,T,368,521409,362724,0.12689268589019775,0.1604115068912506,-10.283096313476562,-0.0007993874605745077,-0.016520673409104347,0.042900457978248596,5.191666603088379,2.9749999046325684,-3.7916667461395264,19.110000610351562,93014.2265625,716.111572265625,1.9048833847045898,
1784291594.7854419,T,369,521427,362824,0.1173158809542656,0.14844051003456116,-10.249577522277832,-0.0013323123566806316,-0.017053598538041115,0.042900457978248596,5.150000095367432,2.816666603088379,-3.875,19.1200008392334,93014.296875,716.1056518554688,1.9008982181549072,
1784291594.80109,T,370,521443,362924,0.12449848651885986,0.15562310814857483,-10.280701637268066,-0.0010658499086275697,-0.016520673409104347,0.04343338683247566,5.175000190734863,2.9000000953674316,-3.7916667461395264,19.1200008392334,93014.296875,716.1056518554688,1.9008982181549072,
1784291594.8182073,T,371,521460,363024,0.11252748221158981,0.17238251864910126,-10.268731117248535,-0.0021316998172551394,-0.01678713597357273,0.04263399541378021,5.133333206176758,2.9000000953674316,-3.875,19.1200008392334,93014.296875,716.1056518554688,1.9008982181549072,
1784291594.8354523,T,372,521477,363124,0.12689268589019775,0.16759411990642548,-10.299856185913086,-0.0010658499086275697,-0.016520673409104347,0.04343338683247566,5.191666603088379,2.9166667461395264,-3.8916666507720947,19.1200008392334,93014.296875,716.1056518554688,1.8989057540893555,
1784291594.8568711,T,373,521494,363224,0.11971008777618408,0.20350714027881622,-10.27591323852539,-0.0010658499086275697,-0.01678713597357273,0.042900457978248596,5.150000095367432,2.883333444595337,-3.8499999046325684,19.1200008392334,93014.296875,716.1056518554688,1.9008982181549072,
1784291594.873348,T,374,521515,363324,0.12928688526153564,0.16998831927776337,-10.295066833496094,-0.0015987749211490154,-0.017053598538041115,0.04343338683247566,5.258333206176758,2.9166667461395264,-3.933333396911621,19.1200008392334,93014.203125,716.1137084960938,1.9008982181549072,
1784291594.8940144,T,375,521532,363424,0.12449848651885986,0.16759411990642548,-10.290278434753418,-0.0007993874605745077,-0.016254210844635963,0.04343338683247566,5.083333492279053,2.9000000953674316,-3.7666666507720947,19.1200008392334,93014.203125,716.1137084960938,1.9008982181549072,
1784291594.9113688,T,376,521552,363524,0.11013327538967133,0.17717093229293823,-10.287884712219238,-0.0021316998172551394,-0.017053598538041115,0.04316692054271698,5.150000095367432,2.9000000953674316,-3.7916667461395264,19.1200008392334,93014.203125,716.1137084960938,1.9048833847045898,
1784291594.9306185,T,377,521571,363624,0.12449848651885986,0.17477671802043915,-10.283096313476562,-0.0010658499086275697,-0.0173200611025095,0.04343338683247566,5.150000095367432,2.9749999046325684,-3.8333332538604736,19.1200008392334,93014.203125,716.1137084960938,1.8989057540893555,
1784291594.948527,T,378,521590,363724,0.10534487664699554,0.1628057211637497,-10.254365921020508,-0.0005329249543137848,-0.0173200611025095,0.04316692054271698,5.175000190734863,2.9166667461395264,-3.808333396911621,19.1200008392334,93014.203125,716.1137084960938,1.9048833847045898,
1784291594.9661558,T,379,521608,363824,0.11971008777618408,0.17477671802043915,-10.285490036010742,-0.0015987749211490154,-0.017053598538041115,0.04263399541378021,5.016666889190674,2.816666603088379,-3.7249999046325684,19.1299991607666,93014.0859375,716.1239624023438,1.9028908014297485,
1784291594.9847353,T,380,521626,363924,0.1149216815829277,0.1628057211637497,-10.302249908447266,-0.0013323123566806316,-0.0173200611025095,0.04316692054271698,5.175000190734863,2.9000000953674316,-3.808333396911621,19.1299991607666,93014.0859375,716.1239624023438,1.9068758487701416,
1784291595.0047364,T,381,521643,364024,0.11252748221158981,0.16519992053508759,-10.299856185913086,-0.0010658499086275697,-0.017586523666977882,0.044232770800590515,5.175000190734863,2.9166667461395264,-3.7916667461395264,19.1299991607666,93014.0859375,716.1239624023438,1.9008982181549072,
1784291595.0235434,T,382,521664,364124,0.12449848651885986,0.1628057211637497,-10.278307914733887,-0.0010658499086275697,-0.015721285715699196,0.042900457978248596,5.191666603088379,2.8416666984558105,-3.8333332538604736,19.1299991607666,93014.0859375,716.1239624023438,1.8969131708145142,
1784291595.0444906,T,383,521683,364224,0.13407529890537262,0.16519992053508759,-10.316615104675293,-0.0026646247133612633,-0.016520673409104347,0.0444992333650589,5.099999904632568,2.883333444595337,-3.8916666507720947,19.1299991607666,93014.0859375,716.1239624023438,1.9028908014297485,
1784291595.062444,T,384,521704,364324,0.13168109953403473,0.16519992053508759,-10.283096313476562,-0.0013323123566806316,-0.016254210844635963,0.04369984567165375,5.108333110809326,2.933333396911621,-3.8499999046325684,19.1299991607666,93014.3359375,716.1018676757812,1.8989057540893555,
1784292226.0572565,T,1,361152,927,0.16998831927776337,0.1843535304069519,-10.232817649841309,-0.0013323123566806316,-0.01945176161825657,0.04316692054271698,4.775000095367432,2.9000000953674316,-3.6666667461395264,19.6299991607666,93007.25,716.7340087890625,1.6558139324188232,
1784292226.0740325,T,2,361169,1027,0.17477671802043915,0.181959331035614,-10.247182846069336,-0.0002664624771568924,-0.017852986231446266,0.04369984567165375,4.8416666984558105,2.9000000953674316,-3.6666667461395264,19.6299991607666,93007.25,716.7340087890625,1.6518288850784302,
1784292226.0912328,T,3,361186,1127,0.19153612852096558,0.1628057211637497,-10.232817649841309,-0.0007993874605745077,-0.017586523666977882,0.04236753284931183,4.8416666984558105,2.9166667461395264,-3.7083332538604736,19.6299991607666,93007.25,716.7340087890625,1.653821349143982,
1784292226.108022,T,4,361203,1227,0.16519992053508759,0.1843535304069519,-10.273519515991211,-0.0010658499086275697,-0.017586523666977882,0.04343338683247566,4.733333110809326,3.058333396911621,-3.7666666507720947,19.6299991607666,93007.25,716.7340087890625,1.653821349143982,
1784292226.1250143,T,5,361220,1327,0.16519992053508759,0.16998831927776337,-10.266336441040039,-0.0010658499086275697,-0.01811944879591465,0.04236753284931183,4.816666603088379,2.9583332538604736,-3.7916667461395264,19.6299991607666,93007.25,716.7340087890625,1.6558139324188232,
1784292226.140978,T,6,361235,1427,0.181959331035614,0.16998831927776337,-10.259154319763184,-0.0005329249543137848,-0.017586523666977882,0.042900457978248596,4.875,2.9166667461395264,-3.7249999046325684,19.579999923706055,93001.203125,717.2740478515625,1.653821349143982,
1784292226.1570058,T,7,361252,1527,0.17238251864910126,0.17477671802043915,-10.266336441040039,-0.0005329249543137848,-0.0173200611025095,0.042900457978248596,4.816666603088379,3.0,-3.875,19.579999923706055,93001.203125,717.2740478515625,1.6518288850784302,
1784292226.1730993,T,8,361267,1627,0.17477671802043915,0.1867477297782898,-10.259154319763184,-0.0018652373692020774,-0.01811944879591465,0.04343338683247566,4.816666603088379,2.9583332538604736,-3.8333332538604736,19.579999923706055,93001.203125,717.2740478515625,1.653821349143982,
1784292226.1891656,T,9,361284,1727,0.16519992053508759,0.1843535304069519,-10.254365921020508,-0.0013323123566806316,-0.01678713597357273,0.04236753284931183,4.858333110809326,2.933333396911621,-3.6666667461395264,19.579999923706055,93001.203125,717.2740478515625,1.6558139324188232,
1784292226.2061276,T,10,361301,1827,0.17956513166427612,0.18914192914962769,-10.26394271850586,-0.0007993874605745077,-0.0173200611025095,0.042900457978248596,4.758333206176758,2.9166667461395264,-3.7083332538604736,19.579999923706055,93001.203125,717.2740478515625,1.6518288850784302,
1784292226.2231374,T,11,361318,1927,0.15083470940589905,0.16519992053508759,-10.259154319763184,-0.0002664624771568924,-0.016254210844635963,0.04210107401013374,4.800000190734863,2.9583332538604736,-3.8916666507720947,19.579999923706055,93001.8828125,717.2136840820312,1.653821349143982,
1784292226.2403188,T,12,361335,2027,0.1843535304069519,0.15801730751991272,-10.27591323852539,-0.0013323123566806316,-0.017852986231446266,0.04210107401013374,4.8416666984558105,2.9749999046325684,-3.9166667461395264,19.579999923706055,93001.8828125,717.2136840820312,1.6697617769241333,
1784292226.2581346,T,13,361352,2127,0.1867477297782898,0.181959331035614,-10.261548042297363,-0.0005329249543137848,-0.017852986231446266,0.04316692054271698,4.758333206176758,3.058333396911621,-3.8333332538604736,19.579999923706055,93001.8828125,717.2136840820312,1.653821349143982,
1784292226.2741313,T,14,361369,2227,0.1867477297782898,0.17717093229293823,-10.285490036010742,-0.0013323123566806316,-0.0189188364893198,0.04236753284931183,4.891666889190674,3.0416667461395264,-3.8916666507720947,19.579999923706055,93001.8828125,717.2136840820312,1.6717544794082642,
1784292226.291374,T,15,361386,2327,0.17956513166427612,0.1843535304069519,-10.278307914733887,-0.0013323123566806316,-0.0173200611025095,0.042900457978248596,4.858333110809326,3.0416667461395264,-3.75,19.579999923706055,93002.3984375,717.1672973632812,1.6558139324188232,
1784292226.3071475,T,16,361402,2427,0.17956513166427612,0.17956513166427612,-10.24000072479248,-0.0010658499086275697,-0.017852986231446266,0.04369984567165375,4.858333110809326,2.933333396911621,-3.7249999046325684,19.579999923706055,93002.3984375,717.1672973632812,1.653821349143982,
1784292226.3241477,T,17,361419,2527,0.17956513166427612,0.17717093229293823,-10.266336441040039,-0.0005329249543137848,-0.016254210844635963,0.04316692054271698,4.691666603088379,3.0833332538604736,-3.808333396911621,19.579999923706055,93002.3984375,717.1672973632812,1.6558139324188232,
1784292226.341307,T,18,361436,2627,0.17477671802043915,0.1867477297782898,-10.247182846069336,-0.0013323123566806316,-0.0173200611025095,0.04316692054271698,4.800000190734863,3.0166666507720947,-3.683333396911621,19.579999923706055,93002.3984375,717.1672973632812,1.6697617769241333,
1784292226.3581228,T,19,361453,2727,0.17717093229293823,0.17717093229293823,-10.26394271850586,0.0,-0.0173200611025095,0.04316692054271698,4.775000095367432,2.9583332538604736,-3.8333332538604736,19.579999923706055,93002.3984375,717.1672973632812,1.6578065156936646,
1784292226.3751268,T,20,361470,2827,0.1628057211637497,0.17717093229293823,-10.26394271850586,-0.0005329249543137848,-0.017852986231446266,0.04263399541378021,4.775000095367432,3.0166666507720947,-3.7249999046325684,19.579999923706055,93002.921875,717.1204223632812,1.6578065156936646,
1784292226.392198,T,21,361487,2927,0.1604115068912506,0.16759411990642548,-10.24239444732666,0.0002664624771568924,-0.01678713597357273,0.042900457978248596,4.800000190734863,3.0999999046325684,-3.7249999046325684,19.579999923706055,93002.921875,717.1204223632812,1.6578065156936646,
1784292226.409414,T,22,361504,3027,0.1867477297782898,0.181959331035614,-10.251971244812012,-0.0010658499086275697,-0.01678713597357273,0.042900457978248596,4.916666507720947,3.058333396911621,-3.7083332538604736,19.579999923706055,93002.921875,717.1204223632812,1.6558139324188232,
1784292226.426143,T,23,361521,3127,0.17477671802043915,0.16519992053508759,-10.268731117248535,-0.0015987749211490154,-0.0173200611025095,0.04316692054271698,4.916666507720947,3.0416667461395264,-3.7249999046325684,19.579999923706055,93002.921875,717.1204223632812,1.6717544794082642,
1784292226.443296,T,24,361538,3227,0.16998831927776337,0.17477671802043915,-10.261548042297363,-0.0002664624771568924,-0.016520673409104347,0.04316692054271698,4.891666889190674,2.9583332538604736,-3.7249999046325684,19.579999923706055,93002.921875,717.1204223632812,1.6558139324188232,
1784292226.460176,T,25,361555,3327,0.17956513166427612,0.16998831927776337,-10.259154319763184,-0.0013323123566806316,-0.017586523666977882,0.04236753284931183,4.816666603088379,3.1083333492279053,-3.5999999046325684,19.579999923706055,93003.4375,717.0746459960938,1.6558139324188232,
1784292226.4773576,T,26,361572,3427,0.15562310814857483,0.17956513166427612,-10.268731117248535,-0.0005329249543137848,-0.017586523666977882,0.04263399541378021,4.733333110809326,3.0999999046325684,-3.5999999046325684,19.579999923706055,93003.4375,717.0746459960938,1.6578065156936646,
1784292226.4941664,T,27,361589,3527,0.18914192914962769,0.1867477297782898,-10.249577522277832,-0.0010658499086275697,-0.0173200611025095,0.042900457978248596,4.800000190734863,3.0166666507720947,-3.6666667461395264,19.579999923706055,93003.4375,717.0746459960938,1.6697617769241333,
1784292226.5111194,T,28,361606,3627,0.1867477297782898,0.1843535304069519,-10.26394271850586,-0.0007993874605745077,-0.017053598538041115,0.042900457978248596,4.7166666984558105,3.0166666507720947,-3.5999999046325684,19.579999923706055,93003.4375,717.0746459960938,1.6578065156936646,
1784292226.5281136,T,29,361623,3727,0.17956513166427612,0.17956513166427612,-10.26394271850586,-0.0010658499086275697,-0.017053598538041115,0.042900457978248596,4.775000095367432,3.0166666507720947,-3.5999999046325684,19.579999923706055,93003.4375,717.0746459960938,1.6578065156936646,
1784292226.5452902,T,30,361640,3827,0.15083470940589905,0.17477671802043915,-10.266336441040039,-0.0010658499086275697,-0.016254210844635963,0.042900457978248596,4.775000095367432,3.058333396911621,-3.75,19.579999923706055,93004.1171875,717.0137329101562,1.6558139324188232,
1784292226.56213,T,31,361657,3927,0.16519992053508759,0.17477671802043915,-10.261548042297363,-0.0007993874605745077,-0.0173200611025095,0.04343338683247566,4.800000190734863,3.058333396911621,-3.7666666507720947,19.579999923706055,93004.1171875,717.0137329101562,1.6717544794082642,
1784292226.579115,T,32,361674,4027,0.17717093229293823,0.17717093229293823,-10.285490036010742,-0.0005329249543137848,-0.0173200611025095,0.04343338683247566,4.800000190734863,3.0166666507720947,-3.5833332538604736,19.579999923706055,93004.1171875,717.0137329101562,1.6558139324188232,
1784292246.0650232,T,33,381152,4127,0.17956513166427612,0.181959331035614,-10.273519515991211,-0.0005329249543137848,-0.01678713597357273,0.04343338683247566,4.800000190734863,3.0,-3.7083332538604736,19.579999923706055,93004.1171875,717.0137329101562,1.653821349143982,
1784292246.0886571,T,34,381177,4227,0.15801730751991272,0.17477671802043915,-10.251971244812012,-0.0015987749211490154,-0.01811944879591465,0.042900457978248596,4.733333110809326,2.9583332538604736,-3.558333396911621,19.579999923706055,93004.1171875,717.0137329101562,1.6697617769241333,
1784292246.1126041,T,35,381200,4327,0.17238251864910126,0.181959331035614,-10.287884712219238,-0.0015987749211490154,-0.017586523666977882,0.04316692054271698,4.675000190734863,2.9749999046325684,-3.625,19.579999923706055,93004.6328125,716.9678955078125,1.6697617769241333,
1784292246.1369524,T,36,381225,4427,0.2082955539226532,0.17956513166427612,-10.244789123535156,-0.0013323123566806316,-0.017053598538041115,0.042900457978248596,4.733333110809326,3.0,-3.875,19.579999923706055,93004.6328125,716.9678955078125,1.6717544794082642,
1784292246.159736,T,37,381250,4527,0.181959331035614,0.17717093229293823,-10.27591323852539,-0.0015987749211490154,-0.0173200611025095,0.04343338683247566,4.891666889190674,3.0999999046325684,-3.683333396911621,19.579999923706055,93004.6328125,716.9678955078125,1.6558139324188232,
1784292246.1750193,T,38,381271,4627,0.17956513166427612,0.16759411990642548,-10.26394271850586,-0.0018652373692020774,-0.016254210844635963,0.04343338683247566,4.775000095367432,3.0,-3.6666667461395264,19.579999923706055,93004.6328125,716.9678955078125,1.6578065156936646,
1784292246.192032,T,39,381288,4727,0.16759411990642548,0.181959331035614,-10.316615104675293,-0.0013323123566806316,-0.017053598538041115,0.04236753284931183,4.800000190734863,2.9583332538604736,-3.7666666507720947,19.579999923706055,93004.6328125,716.9678955078125,1.6717544794082642,
1784292246.2090192,T,40,381305,4827,0.16519992053508759,0.17477671802043915,-10.256759643554688,-0.0007993874605745077,-0.017053598538041115,0.042900457978248596,4.8416666984558105,3.0416667461395264,-3.6416666507720947,19.579999923706055,93004.9765625,716.9371948242188,1.6558139324188232,
1784292246.226138,T,41,381322,4927,0.16519992053508759,0.16998831927776337,-10.278307914733887,-0.0002664624771568924,-0.017852986231446266,0.04263399541378021,4.733333110809326,2.9166667461395264,-3.683333396911621,19.579999923706055,93004.9765625,716.9371948242188,1.673746943473816,
1784292246.2432044,T,42,381339,5027,0.17238251864910126,0.17717093229293823,-10.271124839782715,-0.0013323123566806316,-0.017586523666977882,0.04343338683247566,4.775000095367432,2.9166667461395264,-3.6416666507720947,19.579999923706055,93004.9765625,716.9371948242188,1.673746943473816,
1784292246.2600937,T,43,381356,5127,0.1604115068912506,0.17477671802043915,-10.271124839782715,-0.0015987749211490154,-0.017053598538041115,0.04316692054271698,4.758333206176758,3.0833332538604736,-3.625,19.579999923706055,93004.9765625,716.9371948242188,1.6697617769241333,
1784292246.277676,T,44,381373,5227,0.15322890877723694,0.16998831927776337,-10.271124839782715,-0.0018652373692020774,-0.0173200611025095,0.04316692054271698,4.816666603088379,3.0166666507720947,-3.625,19.579999923706055,93004.9765625,716.9371948242188,1.6558139324188232,
1784292246.2940729,T,45,381390,5327,0.15801730751991272,0.17956513166427612,-10.280701637268066,-0.0010658499086275697,-0.01678713597357273,0.04236753284931183,4.875,2.9749999046325684,-3.683333396911621,19.579999923706055,93005.328125,716.9059448242188,1.6697617769241333,
1784292246.311023,T,46,381407,5427,0.17717093229293823,0.1628057211637497,-10.249577522277832,-0.0013323123566806316,-0.017586523666977882,0.042900457978248596,4.858333110809326,2.933333396911621,-3.625,19.579999923706055,93005.328125,716.9059448242188,1.6578065156936646,
1784292246.3281054,T,47,381424,5527,0.15322890877723694,0.18914192914962769,-10.256759643554688,-0.0005329249543137848,-0.017586523666977882,0.04236753284931183,4.775000095367432,3.0166666507720947,-3.5833332538604736,19.579999923706055,93005.328125,716.9059448242188,1.6558139324188232,
1784292246.3454435,T,48,381441,5627,0.181959331035614,0.17238251864910126,-10.256759643554688,-0.0005329249543137848,-0.017586523666977882,0.042900457978248596,4.875,3.0999999046325684,-3.6666667461395264,19.579999923706055,93005.328125,716.9059448242188,1.6578065156936646,
1784292246.362025,T,49,381458,5727,0.19153612852096558,0.17717093229293823,-10.309432983398438,-0.0013323123566806316,-0.0173200611025095,0.04316692054271698,4.733333110809326,2.9749999046325684,-3.5999999046325684,19.579999923706055,93005.4921875,716.8908081054688,1.6578065156936646,
1784292246.3790116,T,50,381475,5827,0.16519992053508759,0.16759411990642548,-10.251971244812012,-0.0002664624771568924,-0.016254210844635963,0.04316692054271698,4.733333110809326,2.9749999046325684,-3.5416667461395264,19.579999923706055,93005.4921875,716.8908081054688,1.6558139324188232,
1784292246.3960116,T,51,381492,5927,0.17717093229293823,0.17238251864910126,-10.266336441040039,-0.0010658499086275697,-0.017053598538041115,0.04343338683247566,4.650000095367432,3.0416667461395264,-3.6666667461395264,19.579999923706055,93005.4921875,716.8908081054688,1.6558139324188232,
1784292246.4134052,T,52,381509,6027,0.17477671802043915,0.181959331035614,-10.271124839782715,-0.0010658499086275697,-0.0173200611025095,0.04316692054271698,4.858333110809326,3.058333396911621,-3.7666666507720947,19.579999923706055,93005.4921875,716.8908081054688,1.6558139324188232,
1784292246.430011,T,53,381526,6127,0.181959331035614,0.17717093229293823,-10.285490036010742,-0.0018652373692020774,-0.01598774828016758,0.04210107401013374,4.8416666984558105,2.9749999046325684,-3.5999999046325684,19.579999923706055,93005.4921875,716.8908081054688,1.6578065156936646,
1784292246.4473178,T,54,381543,6227,0.1604115068912506,0.1843535304069519,-10.271124839782715,-0.0007993874605745077,-0.017586523666977882,0.042900457978248596,4.733333110809326,3.0416667461395264,-3.6416666507720947,19.579999923706055,93005.8359375,716.8606567382812,1.6578065156936646,
1784292246.4630706,T,55,381559,6327,0.17477671802043915,0.19153612852096558,-10.266336441040039,-0.0007993874605745077,-0.017053598538041115,0.04369984567165375,4.7166666984558105,3.0,-3.683333396911621,19.579999923706055,93005.8359375,716.8606567382812,1.6578065156936646,
1784292246.4800642,T,56,381576,6427,0.1843535304069519,0.1867477297782898,-10.261548042297363,-0.0007993874605745077,-0.0173200611025095,0.04369984567165375,4.758333206176758,3.0,-3.683333396911621,19.579999923706055,93005.8359375,716.8606567382812,1.6697617769241333,
1784292246.4977322,T,57,381593,6527,0.17956513166427612,0.1867477297782898,-10.278307914733887,-0.0023981621488928795,-0.017586523666977882,0.042900457978248596,4.758333206176758,2.9749999046325684,-3.683333396911621,19.579999923706055,93005.8359375,716.8606567382812,1.6717544794082642,
1784292246.5140622,T,58,381610,6627,0.1843535304069519,0.15083470940589905,-10.26394271850586,-0.0013323123566806316,-0.0173200611025095,0.04369984567165375,4.858333110809326,3.0416667461395264,-3.75,19.579999923706055,93005.8359375,716.8606567382812,1.653821349143982,
1784292246.5316892,T,59,381628,6727,0.16519992053508759,0.1867477297782898,-10.27591323852539,-0.0010658499086275697,-0.016520673409104347,0.042900457978248596,4.7166666984558105,3.0166666507720947,-3.683333396911621,19.579999923706055,93005.625,716.8789672851562,1.6717544794082642,
1784292246.5471933,T,60,381643,6827,0.17477671802043915,0.181959331035614,-10.24239444732666,-0.0007993874605745077,-0.017053598538041115,0.04263399541378021,4.7166666984558105,2.9749999046325684,-3.7666666507720947,19.579999923706055,93005.625,716.8789672851562,1.673746943473816,
1784292246.5640457,T,61,381660,6927,0.181959331035614,0.17956513166427612,-10.268731117248535,-0.0005329249543137848,-0.01678713597357273,0.04263399541378021,4.775000095367432,3.058333396911621,-3.683333396911621,19.579999923706055,93005.625,716.8789672851562,1.6717544794082642,
1784292246.5815017,T,62,381677,7027,0.15801730751991272,0.17238251864910126,-10.271124839782715,-0.0015987749211490154,-0.017053598538041115,0.042900457978248596,4.7166666984558105,3.0,-3.683333396911621,19.579999923706055,93005.625,716.8789672851562,1.6717544794082642,
1784292246.598055,T,63,381694,7127,0.18914192914962769,0.17238251864910126,-10.259154319763184,-0.0010658499086275697,-0.017852986231446266,0.04236753284931183,4.875,2.9749999046325684,-3.5833332538604736,19.579999923706055,93005.625,716.8789672851562,1.6558139324188232,
1784292246.6150625,T,64,381711,7227,0.17238251864910126,0.17238251864910126,-10.29746150970459,-0.0005329249543137848,-0.0173200611025095,0.04263399541378021,4.7166666984558105,3.0999999046325684,-3.7249999046325684,19.579999923706055,93006.140625,716.8331909179688,1.6717544794082642,
1784400664.193086,T,1,401148,923,0.12689268589019775,0.8978256583213806,-10.469843864440918,0.05728943273425102,0.025580398738384247,-0.0972588062286377,4.625,3.6500000953674316,-7.191666603088379,19.559999465942383,92260.625,783.5775756835938,1.7673969268798828,
1784400664.2154238,T,2,401173,1023,0.1412578970193863,0.4644751250743866,-10.244789123535156,0.25420519709587097,-0.09406124800443649,-0.04743032157421112,4.633333206176758,3.6500000953674316,-6.858333110809326,19.559999465942383,92260.625,783.5775756835938,1.7534492015838623,
1784400664.2354553,T,3,401194,1123,0.3064578175544739,0.5650315880775452,-9.928754806518555,0.20997244119644165,0.08953139185905457,-0.04929555580019951,4.675000190734863,3.5250000953674316,-6.758333206176758,19.559999465942383,92260.625,783.5775756835938,1.7534492015838623,
1784400664.2544425,T,4,401215,1223,0.11013327538967133,0.7038952708244324,-9.813833236694336,-0.14762021601200104,0.266728937625885,0.0559571199119091,4.974999904632568,3.6500000953674316,-6.291666507720947,19.559999465942383,92260.625,783.5775756835938,1.7693895101547241,
1784400664.2743273,T,5,401234,1323,1.8698714971542358,0.2849099934101105,-11.918335914611816,-0.11138132214546204,0.26139968633651733,-0.1532159149646759,5.416666507720947,3.875,-5.816666603088379,19.559999465942383,92260.625,783.5775756835938,1.7693895101547241,
1784400664.29407,T,6,401253,1423,0.8667010068893433,0.2585737705230713,-10.247182846069336,-0.10845022648572922,-0.335742712020874,0.12070750445127487,5.349999904632568,3.875,-5.7166666984558105,19.510000228881836,92254.25,784.1504516601562,1.7693895101547241,
1784400664.3120816,T,7,401272,1523,0.6248866319656372,0.6344634294509888,-10.127472877502441,-0.05915467068552971,-0.07221133261919022,0.0889984667301178,5.275000095367432,3.9000000953674316,-5.733333110809326,19.510000228881836,92254.25,784.1504516601562,1.7693895101547241,
1784400664.3282568,T,8,401291,1623,1.1779472827911377,0.507570743560791,-11.044452667236328,0.08100459724664688,0.2158346027135849,0.13962633907794952,5.375,3.8333332538604736,-5.5916666984558105,19.510000228881836,92254.25,784.1504516601562,1.7693895101547241,
1784400664.3452535,T,9,401308,1723,1.2425906658172607,0.7541735172271729,-10.60391902923584,0.2616661489009857,-0.1300336867570877,0.09432771801948547,5.608333110809326,3.674999952316284,-5.358333110809326,19.510000228881836,92254.25,784.1504516601562,1.7673969268798828,
1784400664.3611834,T,10,401324,1823,0.933738648891449,0.17477671802043915,-10.323798179626465,0.09486064314842224,-0.21316997706890106,0.04716385900974274,5.558333396911621,3.7666666507720947,-5.508333206176758,19.510000228881836,92254.25,784.1504516601562,1.7693895101547241,
1784400664.37711,T,11,401339,1923,0.5650315880775452,-0.021547814831137657,-10.170568466186523,0.05862174555659294,-0.30376723408699036,0.03437365964055061,5.191666603088379,3.691666603088379,-5.733333110809326,19.510000228881836,92255.109375,784.0733642578125,1.7673969268798828,
1784400664.393371,T,12,401356,2023,0.5147533416748047,0.07900865375995636,-10.469843864440918,0.08926492929458618,-0.25820213556289673,0.01039203628897667,5.108333110809326,3.6083333492279053,-5.8416666984558105,19.510000228881836,92255.109375,784.0733642578125,1.7693895101547241,
1784400664.4103713,T,13,401373,2123,-0.12928688526153564,-0.20350714027881622,-10.038887977600098,0.09512710571289062,-0.29577335715293884,0.02025114931166172,4.8416666984558105,3.633333444595337,-6.058333396911621,19.510000228881836,92255.109375,784.0733642578125,1.7693895101547241,
1784400664.427415,T,14,401390,2223,-0.181959331035614,-0.15562310814857483,-10.228029251098633,0.03916998580098152,-0.11937519162893295,0.027445634827017784,4.650000095367432,3.5916666984558105,-6.099999904632568,19.510000228881836,92255.109375,784.0733642578125,1.7693895101547241,
1784400664.4444003,T,15,401407,2323,0.33279404044151306,-0.05746084079146385,-10.852916717529297,-0.07780704647302628,0.18572434782981873,0.04743032157421112,4.775000095367432,3.633333444595337,-5.8416666984558105,19.510000228881836,92255.96875,783.9957885742188,1.7673969268798828,
1784400664.462388,T,16,401425,2423,0.07422025501728058,-0.07900865375995636,-10.309432983398438,-0.002931087277829647,-0.013056661002337933,0.04343338683247566,4.758333206176758,3.6500000953674316,-5.900000095367432,19.510000228881836,92255.96875,783.9957885742188,1.771382212638855,
1784400664.4794679,T,17,401442,2523,0.0694318488240242,-0.09816227108240128,-10.309432983398438,-0.0021316998172551394,-0.017852986231446266,0.04183461144566536,4.775000095367432,3.75,-5.958333492279053,19.510000228881836,92255.96875,783.9957885742188,1.771382212638855,
1784400664.4963834,T,18,401459,2623,0.0694318488240242,-0.10295066982507706,-10.287884712219238,-0.0002664624771568924,-0.017053598538041115,0.04210107401013374,4.775000095367432,3.7083332538604736,-5.916666507720947,19.510000228881836,92255.96875,783.9957885742188,1.7693895101547241,
1784400664.5133665,T,19,401476,2723,0.08140286058187485,-0.10055647045373917,-10.302249908447266,-0.0002664624771568924,-0.018385911360383034,0.04210107401013374,4.933333396911621,3.7083332538604736,-5.883333206176758,19.510000228881836,92255.96875,783.9957885742188,1.7693895101547241,
1784400664.5303638,T,20,401493,2823,0.07182604819536209,-0.09576806426048279,-10.26394271850586,0.0002664624771568924,-0.017053598538041115,0.04210107401013374,4.758333206176758,3.7083332538604736,-5.8416666984558105,19.510000228881836,92256.296875,783.966552734375,1.7693895101547241,
1784400664.547412,T,21,401510,2923,0.0694318488240242,-0.0933738648891449,-10.299856185913086,-0.0005329249543137848,-0.017852986231446266,0.04183461144566536,4.933333396911621,3.633333444595337,-5.7166666984558105,19.510000228881836,92256.296875,783.966552734375,1.7693895101547241,
1784400664.5645926,T,22,401527,3023,0.05267243832349777,-0.07900865375995636,-10.285490036010742,0.0,-0.017586523666977882,0.04183461144566536,5.058333396911621,3.633333444595337,-5.5916666984558105,19.510000228881836,92256.296875,783.966552734375,1.771382212638855,
1784400664.581369,T,23,401543,3123,0.035913024097681046,-0.07661445438861847,-10.285490036010742,-0.0010658499086275697,-0.01811944879591465,0.04236753284931183,5.058333396911621,3.6500000953674316,-5.4666666984558105,19.510000228881836,92256.296875,783.966552734375,1.771382212638855,
1784400664.597356,T,24,401560,3223,0.047884032130241394,-0.08140286058187485,-10.307038307189941,-0.0010658499086275697,-0.018385911360383034,0.04316692054271698,4.816666603088379,3.566666603088379,-5.300000190734863,19.510000228881836,92256.296875,783.966552734375,1.7693895101547241,
1784400664.6143637,T,25,401577,3323,0.08379705995321274,-0.0933738648891449,-10.304644584655762,-0.0018652373692020774,-0.018652373924851418,0.04210107401013374,4.8416666984558105,3.6083333492279053,-5.166666507720947,19.510000228881836,92256.984375,783.9046630859375,1.7693895101547241,
1784400664.631356,T,26,401594,3423,0.07422025501728058,-0.0933738648891449,-10.278307914733887,-0.0023981621488928795,-0.0173200611025095,0.04263399541378021,4.916666507720947,3.6500000953674316,-5.041666507720947,19.510000228881836,92256.984375,783.9046630859375,1.7693895101547241,
1784400664.6483696,T,27,401611,3523,0.07182604819536209,-0.07182604819536209,-10.326191902160645,-0.0010658499086275697,-0.01811944879591465,0.04263399541378021,4.800000190734863,3.6500000953674316,-5.099999904632568,19.510000228881836,92256.984375,783.9046630859375,1.771382212638855,
1784400664.665556,T,28,401628,3623,0.07661445438861847,-0.08858546614646912,-10.261548042297363,-0.0005329249543137848,-0.017053598538041115,0.04236753284931183,4.775000095367432,3.633333444595337,-5.099999904632568,19.510000228881836,92256.984375,783.9046630859375,1.7693895101547241,
1784400664.6815112,T,29,401644,3723,0.07182604819536209,-0.10295066982507706,-10.261548042297363,-0.0005329249543137848,-0.0189188364893198,0.04236753284931183,4.7166666984558105,3.6500000953674316,-5.0,19.510000228881836,92256.984375,783.9046630859375,1.7693895101547241,
1784400664.698352,T,30,401661,3823,0.06464344263076782,-0.08619125932455063,-10.259154319763184,0.0002664624771568924,-0.01678713597357273,0.04183461144566536,4.733333110809326,3.633333444595337,-4.974999904632568,19.510000228881836,92257.671875,783.8428344726562,1.7693895101547241,
1784400664.715347,T,31,401678,3923,0.05506663769483566,-0.07422025501728058,-10.316615104675293,0.0002664624771568924,-0.018652373924851418,0.04183461144566536,4.7166666984558105,3.566666603088379,-4.958333492279053,19.510000228881836,92257.671875,783.8428344726562,1.7693895101547241,
1784400664.732359,T,32,401695,4023,0.035913024097681046,-0.07182604819536209,-10.29746150970459,-0.0002664624771568924,-0.017852986231446266,0.04263399541378021,4.650000095367432,3.6083333492279053,-4.974999904632568,19.510000228881836,92257.671875,783.8428344726562,1.7693895101547241,
1784400684.1975248,T,33,421154,4123,0.0454898327589035,-0.07422025501728058,-10.321403503417969,-0.0010658499086275697,-0.018385911360383034,0.042900457978248596,4.541666507720947,3.75,-4.891666889190674,19.510000228881836,92257.671875,783.8428344726562,1.7693895101547241,
1784400684.220767,T,34,421177,4223,0.05746084079146385,-0.08619125932455063,-10.309432983398438,-0.0018652373692020774,-0.017852986231446266,0.04396630823612213,4.650000095367432,3.7083332538604736,-4.849999904632568,19.510000228881836,92257.671875,783.8428344726562,1.7693895101547241,
1784400684.2446814,T,35,421202,4323,0.035913024097681046,-0.07900865375995636,-10.302249908447266,-0.003197549842298031,-0.018652373924851418,0.04236753284931183,4.558333396911621,3.6083333492279053,-4.641666889190674,19.510000228881836,92258.015625,783.8124389648438,1.7693895101547241,
1784400684.268715,T,36,421226,4423,0.07900865375995636,-0.090979665517807,-10.295066833496094,-0.0015987749211490154,-0.01678713597357273,0.04236753284931183,4.625,3.633333444595337,-4.791666507720947,19.510000228881836,92258.015625,783.8124389648438,1.771382212638855,
1784400684.2874944,T,37,421249,4523,0.05746084079146385,-0.11013327538967133,-10.244789123535156,-0.0015987749211490154,-0.017586523666977882,0.04263399541378021,4.583333492279053,3.633333444595337,-4.5916666984558105,19.510000228881836,92258.015625,783.8124389648438,1.7693895101547241,
1784400684.3041828,T,38,421268,4623,0.05267243832349777,-0.0933738648891449,-10.273519515991211,-0.0013323123566806316,-0.017586523666977882,0.04263399541378021,4.558333396911621,3.6083333492279053,-4.625,19.510000228881836,92258.015625,783.8124389648438,1.7693895101547241,
1784400684.3234699,T,39,421285,4723,0.038307227194309235,-0.09816227108240128,-10.266336441040039,-0.0005329249543137848,-0.017586523666977882,0.04210107401013374,4.558333396911621,3.433333396911621,-4.5916666984558105,19.510000228881836,92258.015625,783.8124389648438,1.7693895101547241,
1784400684.3401713,T,40,421304,4823,0.0454898327589035,-0.07182604819536209,-10.27591323852539,0.0002664624771568924,-0.017852986231446266,0.04236753284931183,4.458333492279053,3.6083333492279053,-4.525000095367432,19.510000228881836,92258.5390625,783.7652587890625,1.7534492015838623,
1784400684.3594728,T,41,421321,4923,0.033518824726343155,-0.08140286058187485,-10.285490036010742,-0.0007993874605745077,-0.017586523666977882,0.04396630823612213,4.474999904632568,3.5250000953674316,-4.508333206176758,19.510000228881836,92258.5390625,783.7652587890625,1.771382212638855,
1784400684.376416,T,42,421340,5023,0.06464344263076782,-0.08140286058187485,-10.299856185913086,-0.0013323123566806316,-0.017852986231446266,0.042900457978248596,4.625,3.691666603088379,-4.441666603088379,19.510000228881836,92258.5390625,783.7652587890625,1.771382212638855,
1784400684.3977802,T,43,421357,5123,0.047884032130241394,-0.08619125932455063,-10.278307914733887,-0.0018652373692020774,-0.017852986231446266,0.04316692054271698,4.541666507720947,3.633333444595337,-4.5916666984558105,19.510000228881836,92258.5390625,783.7652587890625,1.7693895101547241,
1784400684.4165184,T,44,421378,5223,0.05985504388809204,-0.10534487664699554,-10.290278434753418,-0.0023981621488928795,-0.017852986231446266,0.04263399541378021,4.474999904632568,3.6083333492279053,-4.441666603088379,19.510000228881836,92258.5390625,783.7652587890625,1.7733747959136963,
1784400684.4364202,T,45,421397,5323,0.05985504388809204,-0.10295066982507706,-10.304644584655762,-0.0010658499086275697,-0.017586523666977882,0.042900457978248596,4.541666507720947,3.6083333492279053,-4.566666603088379,19.510000228881836,92258.7109375,783.74951171875,1.771382212638855,
1784400684.4564762,T,46,421416,5423,0.05027823522686958,-0.11971008777618408,-10.295066833496094,-0.0018652373692020774,-0.0173200611025095,0.04236753284931183,4.474999904632568,3.674999952316284,-4.550000190734863,19.510000228881836,92258.7109375,783.74951171875,1.7693895101547241,
1784400684.4765174,T,47,421437,5523,0.05985504388809204,-0.09576806426048279,-10.283096313476562,0.0,-0.017053598538041115,0.042900457978248596,4.541666507720947,3.633333444595337,-4.566666603088379,19.510000228881836,92258.7109375,783.74951171875,1.7693895101547241,
1784400684.4964302,T,48,421456,5623,0.05985504388809204,-0.09576806426048279,-10.311826705932617,0.0,-0.017586523666977882,0.04210107401013374,4.541666507720947,3.6083333492279053,-4.525000095367432,19.510000228881836,92258.7109375,783.74951171875,1.7693895101547241,
1784400684.5164526,T,49,421477,5723,0.05506663769483566,-0.06703764945268631,-10.268731117248535,0.0002664624771568924,-0.018385911360383034,0.042900457978248596,4.625,3.691666603088379,-4.550000190734863,19.510000228881836,92259.4375,783.6844482421875,1.771382212638855,
1784400684.5371335,T,50,421496,5823,0.0454898327589035,-0.090979665517807,-10.323798179626465,-0.0005329249543137848,-0.017586523666977882,0.042900457978248596,4.358333110809326,3.633333444595337,-4.4666666984558105,19.510000228881836,92259.4375,783.6844482421875,1.771382212638855,
1784400684.556856,T,51,421517,5923,0.033518824726343155,-0.08140286058187485,-10.29746150970459,-0.0007993874605745077,-0.017852986231446266,0.04343338683247566,4.5,3.5250000953674316,-4.599999904632568,19.510000228881836,92259.4375,783.6844482421875,1.7693895101547241,
1784400684.577536,T,52,421538,6023,0.043095629662275314,-0.08140286058187485,-10.307038307189941,-0.0013323123566806316,-0.017586523666977882,0.042900457978248596,4.433333396911621,3.633333444595337,-4.525000095367432,19.510000228881836,92259.4375,783.6844482421875,1.7693895101547241,
1784400684.5975926,T,53,421557,6123,0.05506663769483566,-0.10295066982507706,-10.309432983398438,-0.002931087277829647,-0.017053598538041115,0.04343338683247566,4.474999904632568,3.5916666984558105,-4.400000095367432,19.510000228881836,92259.4375,783.6844482421875,1.7693895101547241,
1784400684.6172462,T,54,421578,6223,0.05746084079146385,-0.07900865375995636,-10.292673110961914,-0.0013323123566806316,-0.017053598538041115,0.04343338683247566,4.433333396911621,3.566666603088379,-4.566666603088379,19.510000228881836,92259.609375,783.6692504882812,1.771382212638855,
1784400684.6371863,T,55,421597,6323,0.06224924325942993,-0.09576806426048279,-10.273519515991211,-0.0007993874605745077,-0.017053598538041115,0.04236753284931183,4.516666889190674,3.6083333492279053,-4.550000190734863,19.510000228881836,92259.609375,783.6692504882812,1.7693895101547241,
1784400684.6572483,T,56,421618,6423,0.0694318488240242,-0.09576806426048279,-10.307038307189941,-0.0002664624771568924,-0.01678713597357273,0.04343338683247566,4.474999904632568,3.566666603088379,-4.5916666984558105,19.510000228881836,92259.609375,783.6692504882812,1.7693895101547241,
1784400684.6767528,T,57,421637,6523,0.038307227194309235,-0.0933738648891449,-10.299856185913086,-0.0005329249543137848,-0.017053598538041115,0.04263399541378021,4.458333492279053,3.549999952316284,-4.5916666984558105,19.510000228881836,92259.609375,783.6692504882812,1.771382212638855,
1784400684.6963692,T,58,421658,6623,0.026336219161748886,-0.08379705995321274,-10.311826705932617,-0.0007993874605745077,-0.017053598538041115,0.04210107401013374,4.5,3.566666603088379,-4.525000095367432,19.510000228881836,92259.609375,783.6692504882812,1.7693895101547241,
1784400684.7164006,T,59,421677,6723,0.05027823522686958,-0.08619125932455063,-10.302249908447266,-0.0007993874605745077,-0.017586523666977882,0.04263399541378021,4.416666507720947,3.5250000953674316,-4.525000095367432,19.510000228881836,92260.15625,783.619873046875,1.7693895101547241,
1784400684.7362602,T,60,421696,6823,0.035913024097681046,-0.08140286058187485,-10.309432983398438,-0.0005329249543137848,-0.017053598538041115,0.04369984567165375,4.433333396911621,3.508333444595337,-4.4666666984558105,19.510000228881836,92260.15625,783.619873046875,1.771382212638855,
1784400684.7563493,T,61,421717,6923,0.031124621629714966,-0.07900865375995636,-10.295066833496094,-0.0023981621488928795,-0.0173200611025095,0.04316692054271698,4.541666507720947,3.5250000953674316,-4.625,19.510000228881836,92260.15625,783.619873046875,1.771382212638855,
1784400684.7771883,T,62,421736,7023,0.047884032130241394,-0.090979665517807,-10.319009780883789,-0.0018652373692020774,-0.0173200611025095,0.04316692054271698,4.474999904632568,3.3916666507720947,-4.5916666984558105,19.510000228881836,92260.15625,783.619873046875,1.7693895101547241,
1784400684.7975388,T,63,421757,7123,0.05267243832349777,-0.10773907601833344,-10.290278434753418,-0.0023981621488928795,-0.01678713597357273,0.04263399541378021,4.383333206176758,3.5250000953674316,-4.666666507720947,19.510000228881836,92260.15625,783.619873046875,1.7673969268798828,
1784400684.8171287,T,64,421778,7223,0.05027823522686958,-0.11013327538967133,-10.295066833496094,-0.0010658499086275697,-0.017053598538041115,0.042900457978248596,4.383333206176758,3.508333444595337,-4.566666603088379,19.520000457763672,92260.53125,783.5862426757812,1.771382212638855,
1784555259.6728168,T,1,301120,895,-0.2968810200691223,1.015141487121582,-11.899182319641113,0.5289280414581299,0.20970597863197327,-0.11457886546850204,4.041666507720947,3.9000000953674316,-4.108333110809326,19.59000015258789,92450.515625,766.5361328125,0.209218367934227,
1784555259.689686,T,2,301137,10895,-0.35913026332855225,0.15322890877723694,-10.38604736328125,-0.0007993874605745077,-0.017586523666977882,0.04183461144566536,4.300000190734863,3.9833333492279053,-4.3416666984558105,19.5,92451.390625,766.4575805664062,0.23711414635181427,
1784555259.7067044,T,3,301154,20895,-0.3687070608139038,0.15322890877723694,-10.400412559509277,-0.0010658499086275697,-0.01678713597357273,0.04183461144566536,4.191666603088379,3.633333444595337,-4.4666666984558105,19.459999084472656,92454.5703125,766.1721801757812,0.2689950466156006,
1784555259.7236733,T,4,301171,30895,-0.33518823981285095,0.15322890877723694,-10.41956615447998,-0.0002664624771568924,-0.01598774828016758,0.04183461144566536,4.258333206176758,3.7666666507720947,-4.425000190734863,19.40999984741211,92454.625,766.1673583984375,0.30286848545074463,
1784555259.7407303,T,5,301188,40895,-0.33518823981285095,0.15801730751991272,-10.409989356994629,-0.0015987749211490154,-0.016254210844635963,0.04210107401013374,4.175000190734863,3.5916666984558105,-4.441666603088379,19.360000610351562,92454.765625,766.1548461914062,0.33474940061569214,
1784555259.7577236,T,6,301205,50895,-0.363918662071228,0.16759411990642548,-10.381258964538574,-0.0015987749211490154,-0.016254210844635963,0.04210107401013374,4.275000095367432,3.75,-4.400000095367432,19.31999969482422,92454.15625,766.2095947265625,0.34271958470344543,
1784555259.7746854,T,7,301222,60895,-0.363918662071228,0.1628057211637497,-10.400412559509277,-0.0007993874605745077,-0.016520673409104347,0.04236753284931183,4.300000190734863,3.6500000953674316,-4.483333110809326,19.299999237060547,92453.703125,766.2501831054688,0.3785856366157532,
1784555259.7916737,T,8,301239,70895,-0.3687070608139038,0.1628057211637497,-10.409989356994629,-0.0007993874605745077,-0.015721285715699196,0.04210107401013374,4.416666507720947,3.75,-4.683333396911621,19.280000686645508,92454.46875,766.181396484375,0.42839953303337097,
1784555259.808696,T,9,301256,80895,-0.3687070608139038,0.15322890877723694,-10.429142951965332,-0.0007993874605745077,-0.01678713597357273,0.04210107401013374,4.316666603088379,3.9000000953674316,-4.566666603088379,19.280000686645508,92454.984375,766.1348266601562,0.43437719345092773,
1784555259.8258197,T,10,301273,90895,-0.3734954595565796,0.14365209639072418,-10.381258964538574,-0.0018652373692020774,-0.016520673409104347,0.04183461144566536,4.358333110809326,3.883333444595337,-4.666666507720947,19.25,92454.734375,766.1575927734375,0.4682506322860718,
1784555259.8428009,T,11,301290,100895,-0.37828385829925537,0.14844051003456116,-10.41956615447998,-0.0013323123566806316,-0.016520673409104347,0.04210107401013374,4.383333206176758,4.025000095367432,-4.525000095367432,19.239999771118164,92455.71875,766.0693359375,0.49415385723114014,
1784555259.8598666,T,12,301307,110895,-0.3687070608139038,0.15801730751991272,-10.405200958251953,-0.0010658499086275697,-0.016254210844635963,0.04103522002696991,4.433333396911621,3.808333396911621,-4.599999904632568,19.229999542236328,92456.015625,766.042236328125,0.5061091780662537,
1784555259.8768237,T,13,301324,120895,-0.35434186458587646,0.16759411990642548,-10.433931350708008,-0.0010658499086275697,-0.015721285715699196,0.04236753284931183,4.383333206176758,3.75,-4.525000095367432,19.25,92455.65625,766.07470703125,0.5579156279563904,
1784555259.8938067,T,14,301341,130895,-0.35434186458587646,0.15801730751991272,-10.395624160766602,-0.0015987749211490154,-0.01598774828016758,0.04263399541378021,4.458333492279053,3.7916667461395264,-4.508333206176758,19.280000686645508,92455.328125,766.1044921875,0.5718635320663452,
1784555259.91085,T,15,301358,140895,-0.3495534360408783,0.15322890877723694,-10.395624160766602,-0.0026646247133612633,-0.015721285715699196,0.04343338683247566,4.400000095367432,3.7249999046325684,-4.550000190734863,19.290000915527344,92455.0078125,766.1332397460938,0.5738561153411865,
1784555259.928622,T,16,301375,150895,-0.35434186458587646,0.1628057211637497,-10.395624160766602,-0.0026646247133612633,-0.015454824082553387,0.04316692054271698,4.458333492279053,3.75,-4.625,19.309999465942383,92453.8671875,766.2350463867188,0.6216774582862854,
1784555259.944834,T,17,301392,160895,-0.35434186458587646,0.15801730751991272,-10.381258964538574,-0.0013323123566806316,-0.015721285715699196,0.04263399541378021,4.400000095367432,3.7916667461395264,-4.483333110809326,19.329999923706055,92455.2265625,766.1137084960938,0.6316401958465576,
1784555259.9618216,T,18,301409,170895,-0.363918662071228,0.17238251864910126,-10.438719749450684,-0.0010658499086275697,-0.014655436389148235,0.04263399541378021,4.316666603088379,3.7916667461395264,-4.550000190734863,19.34000015258789,92455.25,766.111572265625,0.6575434803962708,
1784555259.9788072,T,19,301426,180895,-0.3687070608139038,0.14365209639072418,-10.409989356994629,-0.0021316998172551394,-0.015188361518085003,0.042900457978248596,4.5,3.808333396911621,-4.566666603088379,19.360000610351562,92455.28125,766.1088256835938,0.69141685962677,
1784555259.996059,T,20,301443,190895,-0.3495534360408783,0.15322890877723694,-10.44350814819336,-0.0026646247133612633,-0.01598774828016758,0.04236753284931183,4.3416666984558105,3.8333332538604736,-4.5916666984558105,19.399999618530273,92454.546875,766.1743774414062,0.7173201441764832,
1784555260.0128002,T,21,301460,200895,-0.35434186458587646,0.1388636976480484,-10.424354553222656,-0.003197549842298031,-0.01598774828016758,0.04263399541378021,4.383333206176758,3.8499999046325684,-4.508333206176758,19.440000534057617,92453.734375,766.2469482421875,0.7232977747917175,
1784555260.0297976,T,22,301477,210895,-0.35434186458587646,0.1388636976480484,-10.424354553222656,-0.0026646247133612633,-0.014388973824679852,0.04343338683247566,4.474999904632568,3.883333444595337,-4.625,19.459999084472656,92453.5,766.2686157226562,0.7292754650115967,
1784555260.0468037,T,23,301494,220895,-0.3447650372982025,0.1388636976480484,-10.424354553222656,-0.0034640124067664146,-0.014655436389148235,0.04263399541378021,4.400000095367432,3.7666666507720947,-4.641666889190674,19.479999542236328,92454.421875,766.1857299804688,0.7571712732315063,
1784555260.0638173,T,24,301511,230895,-0.3256114423274994,0.15322890877723694,-10.414777755737305,-0.0034640124067664146,-0.015188361518085003,0.04263399541378021,4.433333396911621,3.808333396911621,-4.550000190734863,19.489999771118164,92454.015625,766.2220458984375,0.7810819149017334,
1784555260.0809221,T,25,301528,240895,-0.33518823981285095,0.14844051003456116,-10.390835762023926,-0.0026646247133612633,-0.013856049627065659,0.04183461144566536,4.3416666984558105,3.7666666507720947,-4.550000190734863,19.520000457763672,92453.125,766.3021850585938,0.7910446524620056,
1784555260.0978012,T,26,301545,250895,-0.3687070608139038,0.14365209639072418,-10.381258964538574,-0.0037304747384041548,-0.015721285715699196,0.04316692054271698,4.416666507720947,3.808333396911621,-4.525000095367432,19.56999969482422,92453.9375,766.2290649414062,0.8249180912971497,
1784555260.1148574,T,27,301562,260895,-0.33997663855552673,0.15322890877723694,-10.47702693939209,-0.003197549842298031,-0.014388973824679852,0.04236753284931183,4.416666507720947,3.7916667461395264,-4.483333110809326,19.6200008392334,92454.65625,766.1646118164062,0.8229255676269531,
1784555260.131875,T,28,301579,270895,-0.3447650372982025,0.12928688526153564,-10.405200958251953,-0.0026646247133612633,-0.014921898953616619,0.04236753284931183,4.316666603088379,3.808333396911621,-4.566666603088379,19.690000534057617,92454.640625,766.166259765625,0.8488287925720215,
1784555260.1489236,T,29,301596,280895,-0.35913026332855225,0.15801730751991272,-10.438719749450684,-0.002931087277829647,-0.014388973824679852,0.04236753284931183,4.416666507720947,3.7916667461395264,-4.3416666984558105,19.760000228881836,92453.546875,766.2642822265625,0.8747319579124451,
1784555260.1658614,T,30,301613,290895,-0.3447650372982025,0.14844051003456116,-10.438719749450684,-0.0026646247133612633,-0.014921898953616619,0.04236753284931183,4.416666507720947,3.6500000953674316,-4.383333206176758,19.8700008392334,92452.234375,766.3817749023438,0.8787171244621277,
1784555260.182803,T,31,301630,300895,-0.31124621629714966,0.14844051003456116,-10.433931350708008,-0.0026646247133612633,-0.014655436389148235,0.042900457978248596,4.433333396911621,3.7916667461395264,-4.358333110809326,19.93000030517578,92450.453125,766.5415649414062,0.9066129326820374,
1784555319.6807222,T,32,361122,310895,-0.33039984107017517,0.1388636976480484,-10.429142951965332,-0.0023981621488928795,-0.014655436389148235,0.04236753284931183,4.433333396911621,3.7666666507720947,-4.425000190734863,19.989999771118164,92450.703125,766.5193481445312,0.9125905632972717,
1784555319.704456,T,33,361147,320895,-0.33997663855552673,0.14844051003456116,-10.462661743164062,-0.0037304747384041548,-0.015188361518085003,0.04210107401013374,4.3416666984558105,3.7083332538604736,-4.425000190734863,20.040000915527344,92450.515625,766.5361328125,0.9205607771873474,
1784555319.7255814,T,34,361170,330895,-0.33039984107017517,0.15322890877723694,-10.424354553222656,-0.002931087277829647,-0.014655436389148235,0.04343338683247566,4.300000190734863,3.75,-4.316666603088379,20.059999465942383,92450.1328125,766.5702514648438,0.9424788951873779,
1784555319.7455468,T,35,361191,340895,-0.3495534360408783,0.1388636976480484,-10.433931350708008,-0.002931087277829647,-0.014388973824679852,0.04316692054271698,4.141666889190674,3.691666603088379,-4.708333492279053,20.110000610351562,92448.90625,766.68017578125,0.9504491090774536,
1784555319.765582,T,36,361212,350895,-0.3495534360408783,0.15322890877723694,-10.438719749450684,-0.002931087277829647,-0.014655436389148235,0.04156814515590668,4.383333206176758,3.7083332538604736,-4.400000095367432,20.149999618530273,92449.2421875,766.6498413085938,0.9783449172973633,
1784555319.7855577,T,37,361231,360895,-0.3447650372982025,0.15322890877723694,-10.429142951965332,-0.003197549842298031,-0.014122511260211468,0.04236753284931183,4.400000095367432,3.566666603088379,-4.525000095367432,20.209999084472656,92449.375,766.637939453125,0.9843225479125977,
1784555379.669215,T,38,421122,370895,-0.3495534360408783,0.15322890877723694,-10.462661743164062,-0.002931087277829647,-0.014388973824679852,0.04316692054271698,4.458333492279053,3.633333444595337,-4.441666603088379,20.25,92448.625,766.705078125,0.9863151907920837,
1784555379.686049,T,39,421139,380895,-0.35434186458587646,0.15322890877723694,-10.44350814819336,-0.0034640124067664146,-0.014122511260211468,0.042900457978248596,4.166666507720947,3.691666603088379,-4.599999904632568,20.290000915527344,92447.8828125,766.7722778320312,1.006240725517273,
1784555379.7024963,T,40,421156,390895,-0.3447650372982025,0.1628057211637497,-10.395624160766602,-0.0037304747384041548,-0.014388973824679852,0.044232770800590515,4.191666603088379,3.7666666507720947,-4.550000190734863,20.3799991607666,92447.1953125,766.833984375,1.0142109394073486,
1784555379.7194762,T,41,421173,400895,-0.33997663855552673,0.15801730751991272,-10.424354553222656,-0.004263399634510279,-0.014122511260211468,0.04210107401013374,4.258333206176758,3.75,-4.4666666984558105,20.440000534057617,92447.1953125,766.833984375,1.01620352268219,
1784555379.7365284,T,42,421190,410895,-0.3495534360408783,0.14844051003456116,-10.429142951965332,-0.0034640124067664146,-0.014655436389148235,0.04236753284931183,4.300000190734863,3.8333332538604736,-4.425000190734863,20.469999313354492,92446.59375,766.8876342773438,1.040114164352417,
1784555379.7535086,T,43,421207,420895,-0.33518823981285095,0.13407529890537262,-10.414777755737305,-0.0037304747384041548,-0.014921898953616619,0.04210107401013374,4.358333110809326,3.7083332538604736,-4.483333110809326,20.450000762939453,92445.890625,766.950439453125,1.0421067476272583,
1784555439.6607888,T,44,481118,430895,-0.3256114423274994,0.14365209639072418,-10.409989356994629,-0.002931087277829647,-0.013856049627065659,0.04343338683247566,4.458333492279053,3.7249999046325684,-4.599999904632568,20.469999313354492,92445.390625,766.995361328125,1.050076961517334,
1784555439.6766996,T,45,481135,440895,-0.33518823981285095,0.14844051003456116,-10.433931350708008,-0.004263399634510279,-0.014388973824679852,0.04263399541378021,4.433333396911621,3.691666603088379,-4.425000190734863,20.530000686645508,92444.734375,767.054443359375,1.0460917949676514,
1784555439.6936224,T,46,481152,450895,-0.33997663855552673,0.15322890877723694,-10.438719749450684,-0.0037304747384041548,-0.013323123566806316,0.04316692054271698,4.474999904632568,3.691666603088379,-4.383333206176758,20.610000610351562,92445.0546875,767.0256958007812,1.073987603187561,
1784555439.7106009,T,47,481169,460895,-0.363918662071228,0.15322890877723694,-10.424354553222656,-0.0037304747384041548,-0.013856049627065659,0.04316692054271698,4.358333110809326,3.633333444595337,-4.4666666984558105,20.649999618530273,92445.375,766.9970092773438,1.0779727697372437,
1784555439.7275922,T,48,481186,470895,-0.3447650372982025,0.13407529890537262,-10.44350814819336,-0.0034640124067664146,-0.013856049627065659,0.044232770800590515,4.358333110809326,3.7916667461395264,-4.508333206176758,20.6299991607666,92444.421875,767.0825805664062,1.0998908281326294,
1784555439.744622,T,49,481203,480895,-0.3447650372982025,0.1628057211637497,-10.409989356994629,-0.003996937070041895,-0.014921898953616619,0.04263399541378021,4.3416666984558105,3.7083332538604736,-4.316666603088379,20.600000381469727,92444.328125,767.0906982421875,1.0998908281326294,
1784555499.6656725,T,50,541124,490895,-0.3495534360408783,0.14844051003456116,-10.433931350708008,-0.0037304747384041548,-0.014122511260211468,0.04369984567165375,4.416666507720947,3.75,-4.233333110809326,20.600000381469727,92442.4296875,767.2607421875,1.1018834114074707,
1784555499.6816802,T,51,541145,500895,-0.33518823981285095,0.1388636976480484,-10.433931350708008,-0.003996937070041895,-0.014122511260211468,0.04316692054271698,4.433333396911621,3.8499999046325684,-4.4666666984558105,20.59000015258789,92442.421875,767.2618408203125,1.127786636352539,
1784555499.6990683,T,52,541162,510895,-0.3495534360408783,0.14844051003456116,-10.395624160766602,-0.004263399634510279,-0.013856049627065659,0.04316692054271698,4.458333492279053,3.674999952316284,-4.316666603088379,20.579999923706055,92442.3046875,767.2721557617188,1.113838791847229,
1784555499.7157035,T,53,541179,520895,-0.3447650372982025,0.12928688526153564,-10.409989356994629,-0.0037304747384041548,-0.013056661002337933,0.04316692054271698,4.416666507720947,3.691666603088379,-4.383333206176758,20.639999389648438,92440.4375,767.4400634765625,1.1357568502426147,
1784555499.733792,T,54,541196,530895,-0.33997663855552673,0.12449848651885986,-10.438719749450684,-0.004796324297785759,-0.013856049627065659,0.04236753284931183,4.383333206176758,3.691666603088379,-4.358333110809326,20.670000076293945,92439.1875,767.5521240234375,1.137749433517456,
1784555499.750806,T,55,541213,540895,-0.3495534360408783,0.1388636976480484,-10.457873344421387,-0.003996937070041895,-0.013856049627065659,0.042900457978248596,4.383333206176758,3.7666666507720947,-4.233333110809326,20.690000534057617,92436.390625,767.8029174804688,1.1397420167922974,
1784555559.6634095,T,56,601120,550895,-0.363918662071228,0.15322890877723694,-10.41956615447998,-0.003996937070041895,-0.014388973824679852,0.04316692054271698,4.433333396911621,3.808333396911621,-4.400000095367432,20.68000030517578,92435.765625,767.8587036132812,1.1437270641326904,
1784555559.6818793,T,57,601143,560895,-0.33997663855552673,0.1388636976480484,-10.44350814819336,-0.004263399634510279,-0.014122511260211468,0.04343338683247566,4.300000190734863,3.7666666507720947,-4.358333110809326,20.68000030517578,92435.859375,767.8505859375,1.1656451225280762,
1784555559.699713,T,58,601162,570895,-0.37828385829925537,0.15801730751991272,-10.390835762023926,-0.0034640124067664146,-0.013589587062597275,0.04343338683247566,4.474999904632568,3.8333332538604736,-4.483333110809326,20.719999313354492,92434.25,767.994140625,1.1716228723526,
1784555559.7187753,T,59,601179,580895,-0.33518823981285095,0.15322890877723694,-10.409989356994629,-0.004796324297785759,-0.013056661002337933,0.04236753284931183,4.416666507720947,3.7666666507720947,-4.441666603088379,20.770000457763672,92433.609375,768.051513671875,1.1696302890777588,
1784555559.7360127,T,60,601198,590895,-0.33518823981285095,0.12928688526153564,-10.424354553222656,-0.0037304747384041548,-0.014388973824679852,0.042900457978248596,4.383333206176758,3.7666666507720947,-4.383333206176758,20.809999465942383,92433.609375,768.051513671875,1.177600622177124,
1784555559.7545047,T,61,601215,600895,-0.33997663855552673,0.15801730751991272,-10.414777755737305,-0.0053292494267225266,-0.014655436389148235,0.04236753284931183,4.416666507720947,3.75,-4.4666666984558105,20.829999923706055,92432.625,768.140380859375,1.1975260972976685,
1784555619.662457,T,62,661124,610895,-0.3447650372982025,0.14365209639072418,-10.429142951965332,-0.003996937070041895,-0.013323123566806316,0.04316692054271698,4.383333206176758,3.691666603088379,-4.383333206176758,20.84000015258789,92432.046875,768.1918334960938,1.2054963111877441,
1784555619.6794608,T,63,661143,620895,-0.3447650372982025,0.1388636976480484,-10.438719749450684,-0.0037304747384041548,-0.014655436389148235,0.04369984567165375,4.3416666984558105,3.8333332538604736,-4.441666603088379,20.860000610351562,92431.34375,768.2551879882812,1.2094814777374268,
1784555619.6977365,T,64,661160,630895,-0.35913026332855225,0.13407529890537262,-10.429142951965332,-0.004263399634510279,-0.013323123566806316,0.04316692054271698,4.316666603088379,3.8499999046325684,-4.441666603088379,20.889999389648438,92431.203125,768.2681884765625,1.2074888944625854,
1784555619.715467,T,65,661179,640895,-0.33997663855552673,0.14365209639072418,-10.453084945678711,-0.004796324297785759,-0.013323123566806316,0.04316692054271698,4.433333396911621,3.808333396911621,-4.4666666984558105,20.8700008392334,92430.328125,768.34619140625,1.2274144887924194,
1784555619.7333694,T,66,661196,650895,-0.33997663855552673,0.14844051003456116,-10.41956615447998,-0.003996937070041895,-0.013589587062597275,0.04316692054271698,4.358333110809326,3.808333396911621,-4.316666603088379,20.860000610351562,92430.6875,768.314208984375,1.2234293222427368,
1784555619.7497141,T,67,661213,660895,-0.33518823981285095,0.1388636976480484,-10.438719749450684,-0.003197549842298031,-0.014655436389148235,0.044232770800590515,4.3416666984558105,3.7916667461395264,-4.4666666984558105,20.8799991607666,92429.921875,768.3829956054688,1.2274144887924194,
1784555679.657034,T,68,721122,670895,-0.3447650372982025,0.13407529890537262,-10.400412559509277,-0.003996937070041895,-0.013589587062597275,0.04263399541378021,4.416666507720947,3.883333444595337,-4.4666666984558105,20.940000534057617,92430.3828125,768.34130859375,1.2313995361328125,
1784555679.6772094,T,69,721139,680895,-0.35434186458587646,0.12449848651885986,-10.429142951965332,-0.003996937070041895,-0.014122511260211468,0.04343338683247566,4.383333206176758,3.875,-4.358333110809326,20.950000762939453,92430.015625,768.3743286132812,1.2393697500228882,
1784555679.6941063,T,70,721160,690895,-0.31124621629714966,0.15801730751991272,-10.44350814819336,-0.0037304747384041548,-0.013056661002337933,0.04343338683247566,4.416666507720947,3.674999952316284,-4.233333110809326,21.010000228881836,92429.4375,768.4263305664062,1.2413623332977295,
1784555679.7108042,T,71,721177,700895,-0.33518823981285095,0.16759411990642548,-10.429142951965332,-0.004263399634510279,-0.014122511260211468,0.04343338683247566,4.516666889190674,3.674999952316284,-4.441666603088379,21.1200008392334,92430.421875,768.3380737304688,1.2592953443527222,
1784555679.7291365,T,72,721194,710895,-0.33039984107017517,0.12928688526153564,-10.424354553222656,-0.0034640124067664146,-0.013323123566806316,0.04369984567165375,4.433333396911621,3.8333332538604736,-4.483333110809326,21.18000030517578,92430.09375,768.3673095703125,1.2632803916931152,
1784555679.7490292,T,73,721211,720895,-0.3256114423274994,0.14844051003456116,-10.467450141906738,-0.0037304747384041548,-0.011457886546850204,0.04316692054271698,4.2166666984558105,3.433333396911621,-5.041666507720947,21.229999542236328,92429.78125,768.3955078125,1.2672655582427979,
1784555739.653092,T,74,781122,730895,-0.33997663855552673,0.14365209639072418,-10.44350814819336,-0.004796324297785759,-0.013056661002337933,0.04263399541378021,4.416666507720947,3.7249999046325684,-4.599999904632568,21.270000457763672,92428.78125,768.48486328125,1.2672655582427979,
1784555739.6694565,T,75,781139,740895,-0.33039984107017517,0.12928688526153564,-10.400412559509277,-0.004263399634510279,-0.013589587062597275,0.04343338683247566,4.433333396911621,3.875,-4.599999904632568,21.280000686645508,92428.7890625,768.4843139648438,1.291176199913025,
1784555739.686658,T,76,781156,750895,-0.3256114423274994,0.13407529890537262,-10.400412559509277,-0.004263399634510279,-0.01252373680472374,0.04396630823612213,4.358333110809326,3.9000000953674316,-4.599999904632568,21.280000686645508,92430.4765625,768.3331909179688,1.2891836166381836,
1784555739.7035751,T,77,781173,760895,-0.3447650372982025,0.14365209639072418,-10.409989356994629,-0.003996937070041895,-0.01252373680472374,0.04263399541378021,4.416666507720947,4.008333206176758,-4.550000190734863,21.299999237060547,92429.484375,768.4219970703125,1.2971539497375488,
1784555739.7215483,T,78,781190,770895,-0.3447650372982025,0.1388636976480484,-10.357316970825195,-0.0034640124067664146,-0.012257273308932781,0.042900457978248596,4.400000095367432,3.875,-4.683333396911621,21.290000915527344,92427.96875,768.5579833984375,1.2931687831878662,
1784555739.7413545,T,79,781207,780895,-0.3208230137825012,0.12449848651885986,-10.453084945678711,-0.003996937070041895,-0.013589587062597275,0.04343338683247566,4.316666603088379,3.924999952316284,-4.5916666984558105,21.270000457763672,92427.4375,768.6056518554688,1.2991464138031006,
1784555799.6500957,T,80,841122,790895,-0.33997663855552673,0.14844051003456116,-10.41956615447998,-0.0037304747384041548,-0.013589587062597275,0.04316692054271698,4.383333206176758,3.883333444595337,-4.641666889190674,21.25,92427.59375,768.591552734375,1.2991464138031006,
1784555799.666664,T,81,841139,800895,-0.3495534360408783,0.13407529890537262,-10.400412559509277,-0.0037304747384041548,-0.013323123566806316,0.04369984567165375,4.433333396911621,3.9666666984558105,-4.683333396911621,21.25,92427.421875,768.6067504882812,1.305124044418335,
1784555799.6857746,T,82,841156,810895,-0.33039984107017517,0.1388636976480484,-10.429142951965332,-0.004263399634510279,-0.013323123566806316,0.04316692054271698,4.383333206176758,3.9000000953674316,-4.641666889190674,21.229999542236328,92427.75,768.5774536132812,1.3230570554733276,
1784555799.7033558,T,83,841175,820895,-0.33518823981285095,0.14365209639072418,-10.44350814819336,-0.003996937070041895,-0.013323123566806316,0.04369984567165375,4.433333396911621,3.8333332538604736,-4.3416666984558105,21.229999542236328,92427.71875,768.5807495117188,1.3230570554733276,
1784555799.7219846,T,84,841194,830895,-0.3208230137825012,0.14365209639072418,-10.41956615447998,-0.0037304747384041548,-0.014388973824679852,0.04263399541378021,4.516666889190674,3.8333332538604736,-4.383333206176758,21.229999542236328,92427.859375,768.5677490234375,1.325049638748169,
1784555799.738455,T,85,841211,840895,-0.35434186458587646,0.12928688526153564,-10.429142951965332,-0.003996937070041895,-0.013323123566806316,0.042900457978248596,4.516666889190674,3.8333332538604736,-4.3416666984558105,21.229999542236328,92426.1328125,768.7221069335938,1.325049638748169,
1784555859.6449404,T,86,901122,850895,-0.33997663855552673,0.13407529890537262,-10.400412559509277,-0.004796324297785759,-0.013589587062597275,0.04343338683247566,4.474999904632568,3.7249999046325684,-4.191666603088379,21.290000915527344,92425.0390625,768.8206787109375,1.329034686088562,
1784555859.661716,T,87,901139,860895,-0.3447650372982025,0.14365209639072418,-10.433931350708008,-0.00506278732791543,-0.013589587062597275,0.04343338683247566,4.416666507720947,3.7666666507720947,-4.441666603088379,21.329999923706055,92425.34375,768.7935791015625,1.358923077583313,
1784555859.6786969,T,88,901156,870895,-0.35434186458587646,0.13407529890537262,-10.453084945678711,-0.0053292494267225266,-0.01252373680472374,0.04396630823612213,4.416666507720947,3.8333332538604736,-4.300000190734863,21.489999771118164,92425.2109375,768.8049926757812,1.3370050191879272,
1784555859.6956203,T,89,901173,880895,-0.3256114423274994,0.1388636976480484,-10.433931350708008,-0.0045298621989786625,-0.010924961417913437,0.04369984567165375,4.433333396911621,3.75,-4.4666666984558105,21.65999984741211,92426.375,768.7009887695312,1.3389976024627686,
1784555859.717238,T,90,901190,890895,-0.31603461503982544,0.13407529890537262,-10.433931350708008,-0.0053292494267225266,-0.013056661002337933,0.04369984567165375,4.5,3.883333444595337,-4.625,21.729999542236328,92426.40625,768.6982421875,1.3569306135177612,
1784555859.7374177,T,91,901211,900895,-0.33518823981285095,0.1388636976480484,-10.429142951965332,-0.00506278732791543,-0.012790199369192123,0.04343338683247566,4.416666507720947,3.924999952316284,-4.708333492279053,21.739999771118164,92426.703125,768.6712036132812,1.358923077583313,
1784555919.6409805,T,92,961122,910895,-0.33518823981285095,0.1388636976480484,-10.462661743164062,-0.0045298621989786625,-0.012790199369192123,0.04396630823612213,4.275000095367432,4.066666603088379,-4.5916666984558105,21.729999542236328,92426.28125,768.7091064453125,1.3569306135177612,
1784555919.6573658,T,93,961139,920895,-0.3208230137825012,0.12449848651885986,-10.41956615447998,-0.004796324297785759,-0.011990811675786972,0.04263399541378021,4.300000190734863,3.9000000953674316,-4.5916666984558105,21.75,92426.25,768.7117919921875,1.358923077583313,
1784555919.6743424,T,94,961156,930895,-0.3447650372982025,0.14844051003456116,-10.453084945678711,-0.00559571199119091,-0.013589587062597275,0.04396630823612213,4.3416666984558105,3.883333444595337,-4.625,21.770000457763672,92426.15625,768.720458984375,1.36888587474823,
1784555919.6913252,T,95,961173,940895,-0.3447650372982025,0.12449848651885986,-10.429142951965332,-0.0045298621989786625,-0.012790199369192123,0.04396630823612213,4.416666507720947,3.7666666507720947,-4.508333206176758,21.780000686645508,92425.265625,768.8001098632812,1.36888587474823,
1784555919.7083228,T,96,961190,950895,-0.33997663855552673,0.12449848651885986,-10.414777755737305,-0.0053292494267225266,-0.013056661002337933,0.04316692054271698,4.474999904632568,3.808333396911621,-4.508333206176758,21.760000228881836,92425.21875,768.804443359375,1.3868188858032227,
1784555919.725375,T,97,961207,960895,-0.33039984107017517,0.11971008777618408,-10.414777755737305,-0.00506278732791543,-0.011990811675786972,0.04369984567165375,4.383333206176758,3.808333396911621,-4.4666666984558105,21.770000457763672,92424.265625,768.8900146484375,1.3908039331436157,
1784555979.6330545,T,98,1021118,970895,-0.3495534360408783,0.1149216815829277,-10.438719749450684,-0.0053292494267225266,-0.013056661002337933,0.04369984567165375,4.558333396911621,3.7666666507720947,-4.358333110809326,21.809999465942383,92424.21875,768.8943481445312,1.398774266242981,
1784555979.6492782,T,99,1021135,980895,-0.3447650372982025,0.12928688526153564,-10.390835762023926,-0.00506278732791543,-0.010924961417913437,0.04316692054271698,4.541666507720947,3.8499999046325684,-4.4666666984558105,21.8700008392334,92423.625,768.9474487304688,1.422684907913208,
1784555979.6664033,T,100,1021152,990895,-0.33518823981285095,0.12449848651885986,-10.47702693939209,-0.00559571199119091,-0.010658498853445053,0.04316692054271698,4.300000190734863,3.875,-4.4666666984558105,21.90999984741211,92423.84375,768.9274291992188,1.4186997413635254,
1784555979.6827674,T,101,1021168,1000895,-0.33518823981285095,0.12449848651885986,-10.457873344421387,-0.00506278732791543,-0.011724349111318588,0.04396630823612213,4.3416666984558105,3.7916667461395264,-4.4666666984558105,21.959999084472656,92422.0078125,769.0925903320312,1.422684907913208,
1784555979.7010992,T,102,1021185,1010895,-0.33039984107017517,0.11971008777618408,-10.400412559509277,-0.00559571199119091,-0.011724349111318588,0.04369984567165375,4.258333206176758,3.941666603088379,-4.508333206176758,22.020000457763672,92420.484375,769.2291259765625,1.426669955253601,
1784555979.718323,T,103,1021204,1020895,-0.3447650372982025,0.12928688526153564,-10.429142951965332,-0.00559571199119091,-0.012257273308932781,0.04343338683247566,4.3416666984558105,3.9833333492279053,-4.383333206176758,22.110000610351562,92419.59375,769.309326171875,1.4246773719787598,
1784556519.6252308,T,104,1561122,1030895,-0.3495534360408783,0.12449848651885986,-10.429142951965332,-0.004796324297785759,-0.012257273308932781,0.04316692054271698,4.416666507720947,3.8333332538604736,-4.425000190734863,22.170000076293945,92418.78125,769.3818969726562,1.432647705078125,
1784556519.648795,T,105,1561148,1040895,-0.3256114423274994,0.1388636976480484,-10.41956615447998,-0.0045298621989786625,-0.012790199369192123,0.04369984567165375,4.416666507720947,3.7916667461395264,-4.400000095367432,22.190000534057617,92417.859375,769.4647827148438,1.446595549583435,
1784556519.6728532,T,106,1561170,1050895,-0.33997663855552673,0.13407529890537262,-10.414777755737305,-0.00559571199119091,-0.01252373680472374,0.04369984567165375,4.599999904632568,3.808333396911621,-4.383333206176758,22.170000076293945,92418.515625,769.4057006835938,1.4485880136489868,
1784556519.6966898,T,107,1561194,1060895,-0.33039984107017517,0.1388636976480484,-10.433931350708008,-0.0045298621989786625,-0.012790199369192123,0.042900457978248596,4.383333206176758,3.7916667461395264,-4.383333206176758,22.200000762939453,92418.515625,769.4057006835938,1.456558346748352,
1784556519.714313,T,108,1561218,1070895,-0.3495534360408783,0.14844051003456116,-10.44350814819336,-0.004263399634510279,-0.01252373680472374,0.04316692054271698,4.400000095367432,3.8499999046325684,-4.441666603088379,22.229999542236328,92418.4609375,769.4105834960938,1.4585509300231934,
1784556519.730672,T,109,1561236,1080895,-0.3447650372982025,0.11971008777618408,-10.400412559509277,-0.004263399634510279,-0.012257273308932781,0.042900457978248596,4.2166666984558105,3.8333332538604736,-4.3416666984558105,22.239999771118164,92418.875,769.373779296875,1.4665210247039795,
1784556519.7466862,T,110,1561252,1090895,-0.33039984107017517,0.12449848651885986,-10.41956615447998,-0.003996937070041895,-0.01252373680472374,0.04396630823612213,4.383333206176758,3.8499999046325684,-4.483333110809326,22.25,92418.46875,769.4100341796875,1.4844540357589722,
1784556519.762695,T,111,1561268,1100895,-0.3447650372982025,0.14365209639072418,-10.429142951965332,-0.004796324297785759,-0.012257273308932781,0.04396630823612213,4.3416666984558105,3.8499999046325684,-4.358333110809326,22.229999542236328,92419.84375,769.2865600585938,1.4824615716934204,
1784556519.7786615,T,112,1561284,1110895,-0.33518823981285095,0.12928688526153564,-10.429142951965332,-0.00559571199119091,-0.012257273308932781,0.0444992333650589,4.383333206176758,3.7666666507720947,-4.3416666984558105,22.170000076293945,92419.5,769.3174438476562,1.4824615716934204,
1784556519.7947314,T,113,1561300,1120895,-0.3447650372982025,0.1388636976480484,-10.41956615447998,-0.00506278732791543,-0.013589587062597275,0.04396630823612213,4.316666603088379,3.924999952316284,-4.3416666984558105,22.1200008392334,92419.96875,769.275146484375,1.4824615716934204,
1784556519.8109047,T,114,1561316,1130895,-0.3447650372982025,0.1388636976480484,-10.44350814819336,-0.004263399634510279,-0.011990811675786972,0.0444992333650589,4.3416666984558105,3.7666666507720947,-4.400000095367432,22.15999984741211,92421.328125,769.15380859375,1.4884392023086548,
1784556519.8266838,T,115,1561332,1140895,-0.35434186458587646,0.13407529890537262,-10.438719749450684,-0.005862174555659294,-0.01252373680472374,0.04396630823612213,4.300000190734863,3.808333396911621,-4.383333206176758,22.260000228881836,92421.40625,769.1467895507812,1.4904316663742065,
1784556519.842664,T,116,1561348,1150895,-0.3447650372982025,0.1149216815829277,-10.409989356994629,-0.0053292494267225266,-0.01252373680472374,0.042900457978248596,4.300000190734863,3.883333444595337,-4.358333110809326,22.290000915527344,92420.3125,769.2448120117188,1.4944169521331787,
1784556519.8586977,T,117,1561364,1160895,-0.33997663855552673,0.12928688526153564,-10.424354553222656,-0.00506278732791543,-0.011724349111318588,0.04396630823612213,4.275000095367432,3.875,-4.400000095367432,22.260000228881836,92420.640625,769.2150268554688,1.49640953540802,
1784556519.8746555,T,118,1561380,1170895,-0.35434186458587646,0.12928688526153564,-10.41956615447998,-0.0045298621989786625,-0.01119142398238182,0.04316692054271698,4.258333206176758,3.8499999046325684,-4.400000095367432,22.25,92419.46875,769.3201293945312,1.5123499631881714,
1784556519.890643,T,119,1561396,1180895,-0.3208230137825012,0.14844051003456116,-10.414777755737305,-0.00506278732791543,-0.01252373680472374,0.044232770800590515,4.275000095367432,3.9000000953674316,-4.425000190734863,22.18000030517578,92418.65625,769.3927001953125,1.5143425464630127,
1784556519.9066503,T,120,1561412,1190895,-0.3208230137825012,0.12928688526153564,-10.414777755737305,-0.0053292494267225266,-0.01252373680472374,0.044232770800590515,4.316666603088379,3.875,-4.400000095367432,22.1200008392334,92419.28125,769.3369140625,1.5123499631881714,
1784556519.922804,T,121,1561428,1200895,-0.3447650372982025,0.13407529890537262,-10.400412559509277,-0.00506278732791543,-0.01252373680472374,0.04343338683247566,4.275000095367432,3.875,-4.425000190734863,22.040000915527344,92417.96875,769.4550170898438,1.520320177078247,
1784556519.9386322,T,122,1561444,1210895,-0.3495534360408783,0.1149216815829277,-10.433931350708008,-0.0045298621989786625,-0.012257273308932781,0.04316692054271698,4.2166666984558105,3.9666666984558105,-4.383333206176758,22.020000457763672,92419.1015625,769.3532104492188,1.5143425464630127,
1784556519.9546235,T,123,1561460,1220895,-0.3495534360408783,0.13407529890537262,-10.414777755737305,-0.004796324297785759,-0.01252373680472374,0.04316692054271698,4.300000190734863,3.8333332538604736,-4.300000190734863,22.0,92419.46875,769.3201293945312,1.5183275938034058,
1784556519.970637,T,124,1561476,1230895,-0.33039984107017517,0.1388636976480484,-10.41956615447998,-0.005862174555659294,-0.012257273308932781,0.045032158493995667,4.300000190734863,3.9000000953674316,-4.400000095367432,22.040000915527344,92419.1875,769.3455810546875,1.520320177078247,
1784556519.9866254,T,125,1561492,1240895,-0.35434186458587646,0.13407529890537262,-10.429142951965332,-0.005862174555659294,-0.011457886546850204,0.04369984567165375,4.400000095367432,3.924999952316284,-4.275000095367432,22.100000381469727,92418.7578125,769.384033203125,1.5163350105285645,
1784556520.0026255,T,126,1561508,1250895,-0.35913026332855225,0.1388636976480484,-10.433931350708008,-0.00559571199119091,-0.011724349111318588,0.044232770800590515,4.275000095367432,3.8499999046325684,-4.508333206176758,22.1299991607666,92419.046875,769.3580322265625,1.520320177078247,
1784556520.018621,T,127,1561524,1260895,-0.33997663855552673,0.15322890877723694,-10.381258964538574,-0.0053292494267225266,-0.012257273308932781,0.044232770800590515,4.275000095367432,3.8499999046325684,-4.358333110809326,22.1200008392334,92418.453125,769.4116821289062,1.5462232828140259,
1784556520.034626,T,128,1561540,1270895,-0.33518823981285095,0.13407529890537262,-10.453084945678711,-0.004796324297785759,-0.011990811675786972,0.04369984567165375,4.358333110809326,3.7666666507720947,-4.358333110809326,22.049999237060547,92418.2578125,769.4290161132812,1.5282902717590332,
1784556520.0506225,T,129,1561556,1280895,-0.3495534360408783,0.14365209639072418,-10.390835762023926,-0.005862174555659294,-0.011724349111318588,0.04343338683247566,4.316666603088379,3.7249999046325684,-4.508333206176758,22.030000686645508,92417.734375,769.4755859375,1.5243052244186401,
1784556520.0666156,T,130,1561572,1290895,-0.3447650372982025,0.1149216815829277,-10.400412559509277,-0.00559571199119091,-0.012257273308932781,0.04316692054271698,4.3416666984558105,3.924999952316284,-4.4666666984558105,22.020000457763672,92417.09375,769.5330200195312,1.5243052244186401,
1784556520.0826418,T,131,1561588,1300895,-0.33997663855552673,0.15322890877723694,-10.429142951965332,-0.0053292494267225266,-0.012790199369192123,0.04476569592952728,4.3416666984558105,3.9000000953674316,-4.358333110809326,22.079999923706055,92415.953125,769.6354370117188,1.5302828550338745,
1784556520.0988765,T,132,1561604,1310895,-0.3447650372982025,0.1149216815829277,-10.41956615447998,-0.0053292494267225266,-0.012257273308932781,0.044232770800590515,4.383333206176758,3.9000000953674316,-4.400000095367432,22.1299991607666,92416.0078125,769.6305541992188,1.5282902717590332,
1784556520.1146462,T,133,1561620,1320895,-0.33997663855552673,0.10534487664699554,-10.400412559509277,-0.004796324297785759,-0.012257273308932781,0.04396630823612213,4.358333110809326,3.8499999046325684,-4.358333110809326,22.170000076293945,92416.09375,769.6229858398438,1.5581786632537842,
1784556520.1307027,T,134,1561636,1330895,-0.3447650372982025,0.12928688526153564,-10.429142951965332,-0.005862174555659294,-0.012257273308932781,0.04369984567165375,4.3416666984558105,3.8333332538604736,-4.3416666984558105,22.200000762939453,92416.765625,769.5628051757812,1.5561861991882324,
1784556520.146694,T,135,1561652,1340895,-0.33518823981285095,0.11971008777618408,-10.41956615447998,-0.00559571199119091,-0.011990811675786972,0.0444992333650589,4.300000190734863,3.7666666507720947,-4.425000190734863,22.260000228881836,92416.8828125,769.5525512695312,1.5541936159133911,
1784556520.1626565,T,136,1561668,1350895,-0.3447650372982025,0.11013327538967133,-10.405200958251953,-0.004796324297785759,-0.01252373680472374,0.0444992333650589,4.400000095367432,4.008333206176758,-4.4666666984558105,22.290000915527344,92415.609375,769.6668090820312,1.5541936159133911,
1784556520.1786873,T,137,1561684,1360895,-0.35434186458587646,0.11971008777618408,-10.429142951965332,-0.005862174555659294,-0.01252373680472374,0.04396630823612213,4.258333206176758,3.8333332538604736,-4.358333110809326,22.299999237060547,92415.578125,769.6695556640625,1.5502084493637085,
1784556520.1946316,T,138,1561700,1370895,-0.35434186458587646,0.14365209639072418,-10.41956615447998,-0.004263399634510279,-0.011724349111318588,0.0444992333650589,4.358333110809326,3.883333444595337,-4.400000095367432,22.219999313354492,92415.109375,769.7112426757812,1.5581786632537842,
1784556520.210661,T,139,1561716,1380895,-0.33997663855552673,0.12928688526153564,-10.409989356994629,-0.0053292494267225266,-0.011990811675786972,0.044232770800590515,4.316666603088379,3.941666603088379,-4.425000190734863,22.1200008392334,92414.34375,769.780029296875,1.5581786632537842,
1784556520.2266655,T,140,1561732,1390895,-0.363918662071228,0.13407529890537262,-10.400412559509277,-0.004796324297785759,-0.010924961417913437,0.045032158493995667,4.400000095367432,3.9666666984558105,-4.441666603088379,22.020000457763672,92413.9609375,769.8147583007812,1.5581786632537842,
1784556520.242614,T,141,1561748,1400895,-0.33518823981285095,0.14844051003456116,-10.41956615447998,-0.005862174555659294,-0.012790199369192123,0.04343338683247566,4.233333110809326,3.883333444595337,-4.425000190734863,21.959999084472656,92414.734375,769.744873046875,1.5541936159133911,
1784556520.2586193,T,142,1561764,1410895,-0.35434186458587646,0.13407529890537262,-10.405200958251953,-0.00559571199119091,-0.012257273308932781,0.04396630823612213,4.383333206176758,3.941666603088379,-4.425000190734863,21.90999984741211,92415.953125,769.6354370117188,1.574119210243225,
1784556520.2746212,T,143,1561780,1420895,-0.35913026332855225,0.13407529890537262,-10.38604736328125,-0.004796324297785759,-0.011990811675786972,0.04343338683247566,4.383333206176758,3.875,-4.300000190734863,21.8799991607666,92414.6875,769.7492065429688,1.5581786632537842,
1784556520.2907,T,144,1561796,1430895,-0.33039984107017517,0.11971008777618408,-10.38604736328125,-0.004796324297785759,-0.012790199369192123,0.044232770800590515,4.300000190734863,3.875,-4.4666666984558105,21.920000076293945,92414.5078125,769.7654418945312,1.5581786632537842,
1784556520.3066316,T,145,1561812,1440895,-0.35434186458587646,0.12928688526153564,-10.409989356994629,-0.004796324297785759,-0.01119142398238182,0.04343338683247566,4.316666603088379,3.875,-4.525000095367432,21.989999771118164,92412.84375,769.9149780273438,1.5820893049240112,
1784556520.3228765,T,146,1561828,1450895,-0.33039984107017517,0.1388636976480484,-10.414777755737305,-0.006128636654466391,-0.011457886546850204,0.04369984567165375,4.383333206176758,3.9833333492279053,-4.300000190734863,21.989999771118164,92413.296875,769.873779296875,1.5541936159133911,
1784556520.3386092,T,147,1561844,1460895,-0.35913026332855225,0.12449848651885986,-10.414777755737305,-0.004796324297785759,-0.012257273308932781,0.04369984567165375,4.358333110809326,3.9666666984558105,-4.483333110809326,21.969999313354492,92412.96875,769.9030151367188,1.574119210243225,
1784556520.354601,T,148,1561860,1470895,-0.3495534360408783,0.11971008777618408,-10.41956615447998,-0.006128636654466391,-0.012257273308932781,0.0444992333650589,4.3416666984558105,3.924999952316284,-4.383333206176758,21.989999771118164,92412.9140625,769.9078979492188,1.5781042575836182,
1784556520.370689,T,149,1561876,1480895,-0.3447650372982025,0.11013327538967133,-10.429142951965332,-0.004796324297785759,-0.012790199369192123,0.044232770800590515,4.258333206176758,3.875,-4.508333206176758,21.940000534057617,92415.6875,769.6597900390625,1.5781042575836182,
1784556520.3866115,T,150,1561892,1490895,-0.3495534360408783,0.14365209639072418,-10.395624160766602,-0.0053292494267225266,-0.012790199369192123,0.044232770800590515,4.166666507720947,3.875,-4.358333110809326,21.90999984741211,92417.0859375,769.5341186523438,1.5800968408584595,
1784556520.402617,T,151,1561908,1500895,-0.33518823981285095,0.14844051003456116,-10.400412559509277,-0.00559571199119091,-0.01252373680472374,0.04396630823612213,4.400000095367432,3.941666603088379,-4.441666603088379,21.90999984741211,92417.671875,769.4815673828125,1.5860744714736938,
1784556520.4187021,T,152,1561924,1510895,-0.33518823981285095,0.12449848651885986,-10.409989356994629,-0.006128636654466391,-0.011457886546850204,0.04369984567165375,4.383333206176758,3.7083332538604736,-4.400000095367432,21.93000030517578,92415.578125,769.6695556640625,1.5860744714736938,
1784556520.434696,T,153,1561940,1520895,-0.3447650372982025,0.14365209639072418,-10.405200958251953,-0.0045298621989786625,-0.011990811675786972,0.04396630823612213,4.300000190734863,3.7083332538604736,-4.358333110809326,21.860000610351562,92416.921875,769.5487670898438,1.5820893049240112,
1784556520.4506905,T,154,1561956,1530895,-0.33039984107017517,0.12449848651885986,-10.424354553222656,-0.00559571199119091,-0.012257273308932781,0.044232770800590515,4.383333206176758,3.8499999046325684,-4.4666666984558105,21.790000915527344,92416.6875,769.5698852539062,1.5840818881988525,
1784556520.4667063,T,155,1561972,1540895,-0.35434186458587646,0.14365209639072418,-10.376470565795898,-0.004263399634510279,-0.012257273308932781,0.04343338683247566,4.3416666984558105,3.7666666507720947,-4.508333206176758,21.739999771118164,92415.875,769.6424560546875,1.5860744714736938,
1784556520.4826756,T,156,1561988,1550895,-0.3447650372982025,0.13407529890537262,-10.405200958251953,-0.004796324297785759,-0.011990811675786972,0.04369984567165375,4.400000095367432,3.7249999046325684,-4.400000095367432,21.739999771118164,92414.9375,769.7269897460938,1.5840818881988525,
1784556520.4986782,T,157,1562004,1560895,-0.3495534360408783,0.1388636976480484,-10.371682167053223,-0.004263399634510279,-0.011990811675786972,0.04396630823612213,4.358333110809326,3.75,-4.425000190734863,21.760000228881836,92414.671875,769.750244140625,1.590059518814087,
1784556579.6215446,T,158,1621122,1570895,-0.3495534360408783,0.12449848651885986,-10.409989356994629,-0.004796324297785759,-0.01252373680472374,0.0444992333650589,4.400000095367432,3.8333332538604736,-4.358333110809326,21.760000228881836,92414.1875,769.7941284179688,1.5840818881988525,
1784556579.645016,T,159,1621148,1580895,-0.35913026332855225,0.12449848651885986,-10.414777755737305,-0.006128636654466391,-0.011990811675786972,0.04369984567165375,4.383333206176758,3.9000000953674316,-4.4666666984558105,21.809999465942383,92413.9375,769.8163452148438,1.5940446853637695,
1784556579.6689756,T,160,1621170,1590895,-0.3447650372982025,0.1149216815829277,-10.405200958251953,-0.006128636654466391,-0.012790199369192123,0.04343338683247566,4.458333492279053,3.875,-4.300000190734863,21.8700008392334,92413.203125,769.8824462890625,1.5880669355392456,
1784556579.6907802,T,161,1621194,1600895,-0.35913026332855225,0.12449848651885986,-10.400412559509277,-0.005862174555659294,-0.01252373680472374,0.04476569592952728,4.558333396911621,3.8499999046325684,-4.258333206176758,21.93000030517578,92413.546875,769.8510131835938,1.590059518814087,
1784556579.707496,T,162,1621216,1610895,-0.3495534360408783,0.11971008777618408,-10.390835762023926,-0.004263399634510279,-0.012257273308932781,0.04343338683247566,4.458333492279053,3.75,-4.483333110809326,21.889999389648438,92414.3125,769.7827758789062,1.590059518814087,
1784556579.7235181,T,163,1621232,1620895,-0.33518823981285095,0.12449848651885986,-10.390835762023926,-0.004263399634510279,-0.013323123566806316,0.04316692054271698,4.416666507720947,3.7916667461395264,-4.550000190734863,21.850000381469727,92414.546875,769.76220703125,1.6159628629684448,
1784556639.613066,T,164,1681124,1630895,-0.3447650372982025,0.11971008777618408,-10.381258964538574,-0.00506278732791543,-0.011724349111318588,0.0444992333650589,4.458333492279053,3.883333444595337,-4.383333206176758,21.850000381469727,92412.6796875,769.9295654296875,1.609985113143921,
1784556639.629737,T,165,1681142,1640895,-0.3447650372982025,0.1388636976480484,-10.41956615447998,-0.00506278732791543,-0.011457886546850204,0.04343338683247566,4.458333492279053,3.75,-4.4666666984558105,21.860000610351562,92413.09375,769.8922119140625,1.6079925298690796,
1784556639.6457179,T,166,1681158,1650895,-0.33997663855552673,0.13407529890537262,-10.433931350708008,-0.0053292494267225266,-0.012257273308932781,0.04369984567165375,4.433333396911621,3.7916667461395264,-4.425000190734863,21.84000015258789,92413.125,769.8894653320312,1.6159628629684448,
1784556639.6617093,T,167,1681174,1660895,-0.33039984107017517,0.12928688526153564,-10.405200958251953,-0.00506278732791543,-0.012257273308932781,0.04343338683247566,4.433333396911621,3.7249999046325684,-4.383333206176758,21.889999389648438,92411.390625,770.0449829101562,1.6139702796936035,
1784556639.6787195,T,168,1681191,1670895,-0.33039984107017517,0.12928688526153564,-10.376470565795898,-0.005862174555659294,-0.011724349111318588,0.04369984567165375,4.458333492279053,3.75,-4.483333110809326,21.8700008392334,92411.3125,770.052001953125,1.6358883380889893,
1784556639.6957307,T,169,1681208,1680895,-0.3447650372982025,0.12449848651885986,-10.405200958251953,-0.0053292494267225266,-0.011457886546850204,0.04369984567165375,4.516666889190674,3.8499999046325684,-4.316666603088379,21.829999923706055,92412.078125,769.9832153320312,1.6219404935836792,
1784556699.6052692,T,170,1741120,1690895,-0.33997663855552673,0.1149216815829277,-10.41956615447998,-0.006128636654466391,-0.011457886546850204,0.044232770800590515,4.474999904632568,3.6500000953674316,-4.400000095367432,21.829999923706055,92411.328125,770.0504150390625,1.6219404935836792,
1784556699.6220987,T,171,1741138,1700895,-0.33997663855552673,0.1149216815829277,-10.414777755737305,-0.00559571199119091,-0.011990811675786972,0.04396630823612213,4.474999904632568,3.808333396911621,-4.316666603088379,22.059999465942383,92409.046875,770.2551879882812,1.6259255409240723,
1784556699.638405,T,172,1741154,1710895,-0.363918662071228,0.12449848651885986,-10.38604736328125,-0.006128636654466391,-0.011457886546850204,0.04476569592952728,4.474999904632568,3.674999952316284,-4.483333110809326,22.1299991607666,92408.734375,770.2833251953125,1.623932957649231,
1784556699.6554759,T,173,1741170,1720895,-0.33518823981285095,0.12928688526153564,-10.395624160766602,-0.005862174555659294,-0.01119142398238182,0.0444992333650589,4.416666507720947,3.808333396911621,-4.483333110809326,22.110000610351562,92408.859375,770.2714233398438,1.6418659687042236,
1784556699.6738803,T,174,1741188,1730895,-0.33518823981285095,0.12928688526153564,-10.405200958251953,-0.00506278732791543,-0.011724349111318588,0.04529862105846405,4.358333110809326,3.674999952316284,-4.383333206176758,22.079999923706055,92408.359375,770.31640625,1.623932957649231,
1784556699.690097,T,175,1741206,1740895,-0.3256114423274994,0.13407529890537262,-10.38604736328125,-0.006395099684596062,-0.010658498853445053,0.045032158493995667,4.433333396911621,3.883333444595337,-4.425000190734863,22.1200008392334,92408.28125,770.3234252929688,1.6378809213638306,
1784556759.6089509,T,176,1801120,1750895,-0.33997663855552673,0.12928688526153564,-10.424354553222656,-0.00559571199119091,-0.01119142398238182,0.044232770800590515,4.458333492279053,3.808333396911621,-4.400000095367432,22.18000030517578,92408.640625,770.2914428710938,1.619947910308838,
1784556759.6328652,T,177,1801146,1760895,-0.3447650372982025,0.12928688526153564,-10.405200958251953,-0.00506278732791543,-0.011724349111318588,0.0444992333650589,4.433333396911621,3.7249999046325684,-4.508333206176758,22.200000762939453,92408.265625,770.3256225585938,1.623932957649231,
1784556759.6593287,T,178,1801170,1770895,-0.35913026332855225,0.12449848651885986,-10.409989356994629,-0.005862174555659294,-0.011724349111318588,0.044232770800590515,4.383333206176758,3.875,-4.383333206176758,22.18000030517578,92407.8828125,770.3591918945312,1.643858551979065,
1784556759.6889324,T,179,1801196,1780895,-0.3447650372982025,0.13407529890537262,-10.429142951965332,-0.006395099684596062,-0.011457886546850204,0.0444992333650589,4.433333396911621,3.941666603088379,-4.3416666984558105,22.1200008392334,92407.828125,770.3640747070312,1.6219404935836792,
1784556759.710226,T,180,1801226,1790895,-0.35434186458587646,0.14844051003456116,-10.38604736328125,-0.0053292494267225266,-0.011724349111318588,0.04476569592952728,4.5,3.7249999046325684,-4.400000095367432,22.06999969482422,92407.0859375,770.4312133789062,1.6458511352539062,
1784556759.729142,T,181,1801246,1800895,-0.35434186458587646,0.11971008777618408,-10.395624160766602,-0.00559571199119091,-0.011457886546850204,0.0444992333650589,4.275000095367432,3.875,-4.300000190734863,22.049999237060547,92407.765625,770.3699951171875,1.643858551979065,
1784556819.5968363,T,182,1861120,1810895,-0.35434186458587646,0.10534487664699554,-10.400412559509277,-0.00559571199119091,-0.011990811675786972,0.044232770800590515,4.358333110809326,3.883333444595337,-4.441666603088379,22.030000686645508,92406.6875,770.4664306640625,1.6458511352539062,
1784556819.6127448,T,183,1861136,1820895,-0.35434186458587646,0.12928688526153564,-10.409989356994629,-0.0053292494267225266,-0.011990811675786972,0.04396630823612213,4.3416666984558105,3.875,-4.300000190734863,22.010000228881836,92406.4765625,770.4859619140625,1.653821349143982,
1784556819.628777,T,184,1861152,1830895,-0.3447650372982025,0.12928688526153564,-10.400412559509277,-0.006395099684596062,-0.011990811675786972,0.044232770800590515,4.458333492279053,3.8333332538604736,-4.358333110809326,22.040000915527344,92406.9375,770.4442749023438,1.6498361825942993,
1784556819.6447413,T,185,1861168,1840895,-0.3495534360408783,0.11971008777618408,-10.409989356994629,-0.0053292494267225266,-0.010924961417913437,0.044232770800590515,4.316666603088379,3.7666666507720947,-4.400000095367432,22.040000915527344,92406.765625,770.4599609375,1.6757395267486572,
1784556819.660721,T,186,1861184,1850895,-0.35434186458587646,0.12449848651885986,-10.376470565795898,-0.00506278732791543,-0.011724349111318588,0.045032158493995667,4.3416666984558105,3.8499999046325684,-4.400000095367432,22.09000015258789,92404.578125,770.6560668945312,1.6518288850784302,
1784556819.676769,T,187,1861200,1860895,-0.35434186458587646,0.1388636976480484,-10.390835762023926,-0.00559571199119091,-0.01252373680472374,0.0444992333650589,4.3416666984558105,3.7666666507720947,-4.300000190734863,22.1299991607666,92404.0703125,770.7015991210938,1.6717544794082642,
1784556879.592867,T,188,1921120,1870895,-0.33997663855552673,0.12449848651885986,-10.38604736328125,-0.0053292494267225266,-0.011457886546850204,0.04396630823612213,4.275000095367432,3.7666666507720947,-4.3416666984558105,22.15999984741211,92403.046875,770.793701171875,1.6697617769241333,
1784556879.6087809,T,189,1921136,1880895,-0.35913026332855225,0.10534487664699554,-10.376470565795898,-0.003996937070041895,-0.011724349111318588,0.04396630823612213,4.400000095367432,3.808333396911621,-4.4666666984558105,22.15999984741211,92402.703125,770.8240356445312,1.6697617769241333,
1784556879.6247752,T,190,1921152,1890895,-0.3495534360408783,0.12928688526153564,-10.390835762023926,-0.004263399634510279,-0.011724349111318588,0.0444992333650589,4.316666603088379,3.8333332538604736,-4.300000190734863,22.15999984741211,92401.765625,770.9085693359375,1.6717544794082642,
1784556879.640758,T,191,1921168,1900895,-0.38307225704193115,0.13407529890537262,-10.347740173339844,-0.004263399634510279,-0.011457886546850204,0.04369984567165375,4.5,3.808333396911621,-4.383333206176758,22.110000610351562,92401.4765625,770.9340209960938,1.6717544794082642,
1784556879.6567552,T,192,1921184,1910895,-0.3495534360408783,0.12449848651885986,-10.366893768310547,-0.004796324297785759,-0.012257273308932781,0.04476569592952728,4.400000095367432,3.883333444595337,-4.4666666984558105,22.030000686645508,92401.6484375,770.9188232421875,1.6757395267486572,
1784556879.6728532,T,193,1921200,1920895,-0.33997663855552673,0.1149216815829277,-10.395624160766602,-0.00506278732791543,-0.012257273308932781,0.044232770800590515,4.3416666984558105,3.691666603088379,-4.2166666984558105,22.010000228881836,92400.78125,770.9968872070312,1.6797245740890503,
1784557200.2880154,T,1,121124,899,-0.3926490843296051,0.10534487664699554,-10.342951774597168,-0.0034640124067664146,-0.013323123566806316,0.029577335342764854,4.400000095367432,3.549999952316284,-4.550000190734863,21.940000534057617,92393.65625,771.6356811523438,1.7395012378692627,
1784557200.304324,T,2,121141,10899,-0.3734954595565796,0.11013327538967133,-10.347740173339844,-0.0026646247133612633,-0.013856049627065659,0.044232770800590515,4.5,3.5916666984558105,-4.525000095367432,21.809999465942383,92393.453125,771.6541137695312,1.741493821144104,
1784557200.321319,T,3,121158,20899,-0.363918662071228,0.12928688526153564,-10.362105369567871,-0.003197549842298031,-0.012257273308932781,0.044232770800590515,4.433333396911621,3.633333444595337,-4.508333206176758,21.700000762939453,92396.640625,771.3679809570312,1.741493821144104,
1784557200.3382955,T,4,121175,30899,-0.3878606855869293,0.09576806426048279,-10.338163375854492,-0.003197549842298031,-0.013856049627065659,0.04343338683247566,4.516666889190674,3.6500000953674316,-4.316666603088379,21.670000076293945,92396.9375,771.3414306640625,1.745478868484497,
1784557200.3553069,T,5,121192,40899,-0.38307225704193115,0.1149216815829277,-10.347740173339844,-0.003197549842298031,-0.013589587062597275,0.0444992333650589,4.516666889190674,3.5916666984558105,-4.400000095367432,21.579999923706055,92394.75,771.53759765625,1.741493821144104,
1784557200.3723245,T,6,121209,50899,-0.3878606855869293,0.1149216815829277,-10.362105369567871,-0.002931087277829647,-0.013323123566806316,0.04396630823612213,4.558333396911621,3.6500000953674316,-4.400000095367432,21.479999542236328,92394.5625,771.5543823242188,1.765404462814331,
1784557200.3892963,T,7,121226,60899,-0.38307225704193115,0.09576806426048279,-10.362105369567871,-0.0037304747384041548,-0.013323123566806316,0.04369984567165375,4.400000095367432,3.5916666984558105,-4.425000190734863,21.420000076293945,92393.765625,771.6259155273438,1.7494639158248901,
1784557200.4063048,T,8,121243,70899,-0.38307225704193115,0.12449848651885986,-10.338163375854492,-0.003197549842298031,-0.013056661002337933,0.04316692054271698,4.416666507720947,3.6083333492279053,-4.441666603088379,21.389999389648438,92392.921875,771.7017822265625,1.7534492015838623,
1784557200.4233084,T,9,121260,80899,-0.3974374830722809,0.11013327538967133,-10.357316970825195,-0.0034640124067664146,-0.01252373680472374,0.044232770800590515,4.416666507720947,3.7083332538604736,-4.508333206176758,21.399999618530273,92392.890625,771.7044677734375,1.771382212638855,
1784557200.440419,T,10,121277,90899,-0.3974374830722809,0.10534487664699554,-10.323798179626465,-0.003197549842298031,-0.014388973824679852,0.0444992333650589,4.383333206176758,3.6500000953674316,-4.666666507720947,21.440000534057617,92391.2265625,771.8534545898438,1.775367259979248,
1784557200.457426,T,11,121294,100899,-0.3926490843296051,0.10055647045373917,-10.35252857208252,-0.003996937070041895,-0.013056661002337933,0.0444992333650589,4.474999904632568,3.8499999046325684,-4.566666603088379,21.40999984741211,92390.828125,771.8897705078125,1.775367259979248,
1784557200.474435,T,12,121311,110899,-0.40222588181495667,0.1149216815829277,-10.309432983398438,-0.0034640124067664146,-0.01252373680472374,0.04343338683247566,4.383333206176758,3.7916667461395264,-4.508333206176758,21.420000076293945,92390.8359375,771.8887329101562,1.7733747959136963,
1784557200.4914353,T,13,121328,120899,-0.3926490843296051,0.10055647045373917,-10.362105369567871,-0.0045298621989786625,-0.012790199369192123,0.0444992333650589,4.558333396911621,3.5916666984558105,-4.525000095367432,21.420000076293945,92390.15625,771.949951171875,1.7793524265289307,
1784557260.292203,T,14,181126,130899,-0.3926490843296051,0.10055647045373917,-10.347740173339844,-0.002931087277829647,-0.01252373680472374,0.04369984567165375,4.433333396911621,3.549999952316284,-4.441666603088379,21.399999618530273,92389.71875,771.9889526367188,1.7813448905944824,
1784557260.3121364,T,15,181147,140899,-0.37828385829925537,0.10534487664699554,-10.35252857208252,-0.0026646247133612633,-0.014388973824679852,0.044232770800590515,4.458333492279053,3.691666603088379,-4.4666666984558105,21.360000610351562,92390.0078125,771.9629516601562,1.7833374738693237,
1784557260.3321013,T,16,181166,150899,-0.3878606855869293,0.11971008777618408,-10.342951774597168,-0.0034640124067664146,-0.014122511260211468,0.04396630823612213,4.5,3.633333444595337,-4.625,21.329999923706055,92390.75,771.8968505859375,1.7813448905944824,
1784557260.352888,T,17,181187,160899,-0.40701428055763245,0.12449848651885986,-10.357316970825195,-0.003996937070041895,-0.013856049627065659,0.04316692054271698,4.433333396911621,3.508333444595337,-4.4666666984558105,21.31999969482422,92390.9453125,771.8795166015625,1.8012704849243164,
1784557260.3727572,T,18,181208,170899,-0.3734954595565796,0.10055647045373917,-10.342951774597168,-0.004263399634510279,-0.01252373680472374,0.04396630823612213,4.5,3.566666603088379,-4.383333206176758,21.299999237060547,92390.34375,771.93310546875,1.8012704849243164,
1784557260.3931358,T,19,181227,180899,-0.3926490843296051,0.12449848651885986,-10.35252857208252,-0.003197549842298031,-0.013056661002337933,0.04343338683247566,4.516666889190674,3.549999952316284,-4.4666666984558105,21.329999923706055,92389.5078125,772.0079345703125,1.8012704849243164,
1784557320.285023,T,20,241124,190899,-0.3926490843296051,0.11971008777618408,-10.362105369567871,-0.003197549842298031,-0.013589587062597275,0.04369984567165375,4.516666889190674,3.549999952316284,-4.508333206176758,21.399999618530273,92387.375,772.1991577148438,1.8052555322647095,
1784557320.300949,T,21,241141,200899,-0.3687070608139038,0.11971008777618408,-10.371682167053223,-0.0037304747384041548,-0.01252373680472374,0.045565083622932434,4.474999904632568,3.549999952316284,-4.5916666984558105,21.5,92385.125,772.4013061523438,1.8052555322647095,
1784557320.3179402,T,22,241158,210899,-0.3734954595565796,0.12449848651885986,-10.366893768310547,-0.0045298621989786625,-0.013589587062597275,0.0444992333650589,4.541666507720947,3.549999952316284,-4.4666666984558105,21.56999969482422,92386.03125,772.3200073242188,1.8072481155395508,
1784557320.334969,T,23,241175,220899,-0.3878606855869293,0.11971008777618408,-10.338163375854492,-0.0037304747384041548,-0.013056661002337933,0.044232770800590515,4.474999904632568,3.566666603088379,-4.508333206176758,21.540000915527344,92386.421875,772.2847900390625,1.815218448638916,
1784557320.352101,T,24,241192,230899,-0.38307225704193115,0.11013327538967133,-10.342951774597168,-0.0034640124067664146,-0.01252373680472374,0.044232770800590515,4.474999904632568,3.566666603088379,-4.508333206176758,21.579999923706055,92387.03125,772.2301025390625,1.8132258653640747,
1784557320.3687873,T,25,241209,240899,-0.38307225704193115,0.11013327538967133,-10.347740173339844,-0.003996937070041895,-0.013323123566806316,0.0444992333650589,4.458333492279053,3.5250000953674316,-4.483333110809326,21.610000610351562,92387.6640625,772.1731567382812,1.8132258653640747,
1784557380.2920532,T,26,301134,250899,-0.37828385829925537,0.12449848651885986,-10.362105369567871,-0.0026646247133612633,-0.012790199369192123,0.04529862105846405,4.416666507720947,3.6083333492279053,-4.625,21.670000076293945,92386.765625,772.25390625,1.8291661739349365,
1784557380.3089933,T,27,301151,260899,-0.38307225704193115,0.09576806426048279,-10.347740173339844,-0.004796324297785759,-0.013323123566806316,0.044232770800590515,4.433333396911621,3.5250000953674316,-4.599999904632568,21.729999542236328,92383.96875,772.50537109375,1.8311588764190674,
1784557380.3284917,T,28,301168,270899,-0.3878606855869293,0.12449848651885986,-10.342951774597168,-0.0045298621989786625,-0.013323123566806316,0.04476569592952728,4.5,3.508333444595337,-4.550000190734863,21.729999542236328,92384.90625,772.4208374023438,1.8331514596939087,
1784557380.3448863,T,29,301187,280899,-0.3926490843296051,0.09576806426048279,-10.366893768310547,-0.0045298621989786625,-0.013856049627065659,0.04369984567165375,4.474999904632568,3.5250000953674316,-4.483333110809326,21.760000228881836,92382.421875,772.6434936523438,1.8371365070343018,
1784557380.3660154,T,30,301204,290899,-0.3687070608139038,0.1149216815829277,-10.371682167053223,-0.002931087277829647,-0.012790199369192123,0.044232770800590515,4.474999904632568,3.566666603088379,-4.441666603088379,21.790000915527344,92382.03125,772.6787719726562,1.8331514596939087,
1784557380.3847833,T,31,301225,300899,-0.37828385829925537,0.11013327538967133,-10.362105369567871,-0.0015987749211490154,-0.011724349111318588,0.044232770800590515,4.433333396911621,3.6083333492279053,-4.4666666984558105,21.790000915527344,92382.4375,772.6419067382812,1.8431141376495361,
1784557440.2881129,T,32,361128,310899,-0.3926490843296051,0.10534487664699554,-10.376470565795898,-0.0007993874605745077,-0.013589587062597275,0.0444992333650589,4.516666889190674,3.6500000953674316,-4.358333110809326,21.8700008392334,92382.7578125,772.6137084960938,1.839129090309143,
1784557440.309094,T,33,361149,320899,-0.3687070608139038,0.1149216815829277,-10.347740173339844,-0.0034640124067664146,-0.011990811675786972,0.04369984567165375,4.383333206176758,3.6083333492279053,-4.508333206176758,22.0,92382.7421875,772.6153564453125,1.8431141376495361,
1784557440.3258495,T,34,361170,330899,-0.37828385829925537,0.08619125932455063,-10.35252857208252,-0.004263399634510279,-0.01252373680472374,0.04476569592952728,4.383333206176758,3.566666603088379,-4.441666603088379,22.079999923706055,92384.2109375,772.483154296875,1.8451067209243774,
1784557440.342907,T,35,361187,340899,-0.37828385829925537,0.10534487664699554,-10.371682167053223,-0.00506278732791543,-0.013056661002337933,0.04476569592952728,4.416666507720947,3.6500000953674316,-4.508333206176758,22.149999618530273,92384.9609375,772.4159545898438,1.8411215543746948,
1784557440.365132,T,36,361204,350899,-0.3878606855869293,0.10534487664699554,-10.366893768310547,-0.004263399634510279,-0.015188361518085003,0.044232770800590515,4.458333492279053,3.7249999046325684,-4.400000095367432,22.209999084472656,92385.15625,772.3986206054688,1.8431141376495361,
1784557440.3810089,T,37,361225,360899,-0.38307225704193115,0.11971008777618408,-10.342951774597168,-0.0045298621989786625,-0.013056661002337933,0.0444992333650589,4.358333110809326,3.808333396911621,-4.724999904632568,22.260000228881836,92384.4765625,772.4592895507812,1.8610471487045288,
1784557500.2885296,T,38,421130,370899,-0.3734954595565796,0.06703764945268631,-10.357316970825195,-0.004796324297785759,-0.011990811675786972,0.044232770800590515,4.300000190734863,3.808333396911621,-4.441666603088379,22.219999313354492,92382.78125,772.611572265625,1.8610471487045288,
1784557500.3084188,T,39,421151,380899,-0.3926490843296051,0.10534487664699554,-10.366893768310547,-0.004263399634510279,-0.01252373680472374,0.04476569592952728,4.316666603088379,3.924999952316284,-4.4666666984558105,22.209999084472656,92381.125,772.760009765625,1.8690173625946045,
1784557500.3249173,T,40,421170,390899,-0.40701428055763245,0.11013327538967133,-10.35252857208252,-0.003996937070041895,-0.012257273308932781,0.044232770800590515,4.275000095367432,3.875,-4.4666666984558105,22.200000762939453,92379.6640625,772.8911743164062,1.8490917682647705,
1784557500.3454084,T,41,421187,400899,-0.3878606855869293,0.1149216815829277,-10.342951774597168,-0.005862174555659294,-0.013056661002337933,0.044232770800590515,4.300000190734863,4.025000095367432,-4.425000190734863,22.200000762939453,92380.4921875,772.8169555664062,1.8670247793197632,
1784557500.3653343,T,42,421208,410899,-0.38307225704193115,0.08619125932455063,-10.347740173339844,-0.0045298621989786625,-0.012790199369192123,0.044232770800590515,4.3416666984558105,3.924999952316284,-4.441666603088379,22.209999084472656,92380.3203125,772.8320922851562,1.8670247793197632,
1784557500.3849428,T,43,421227,420899,-0.363918662071228,0.10534487664699554,-10.35252857208252,-0.004263399634510279,-0.011990811675786972,0.0444992333650589,4.275000095367432,4.008333206176758,-4.525000095367432,22.25,92380.328125,772.83154296875,1.8670247793197632,
1784557560.2765248,T,44,481124,430899,-0.35434186458587646,0.10055647045373917,-10.357316970825195,-0.004796324297785759,-0.011990811675786972,0.045032158493995667,4.316666603088379,3.883333444595337,-4.483333110809326,22.219999313354492,92380.4296875,772.8223266601562,1.8749951124191284,
1784557560.2932363,T,45,481141,440899,-0.3687070608139038,0.090979665517807,-10.366893768310547,-0.003996937070041895,-0.011724349111318588,0.0444992333650589,4.433333396911621,4.025000095367432,-4.5916666984558105,22.200000762939453,92379.875,772.8721923828125,1.8670247793197632,
1784557560.3103313,T,46,481158,450899,-0.38307225704193115,0.09576806426048279,-10.342951774597168,-0.003996937070041895,-0.012257273308932781,0.04476569592952728,4.416666507720947,4.050000190734863,-4.441666603088379,22.170000076293945,92378.65625,772.981689453125,1.8690173625946045,
1784557560.3288865,T,47,481175,460899,-0.38307225704193115,0.09576806426048279,-10.371682167053223,-0.003996937070041895,-0.01252373680472374,0.0444992333650589,4.300000190734863,4.008333206176758,-4.525000095367432,22.149999618530273,92379.40625,772.9144897460938,1.8670247793197632,
1784557560.3461914,T,48,481194,470899,-0.3687070608139038,0.10055647045373917,-10.357316970825195,-0.004263399634510279,-0.012790199369192123,0.04396630823612213,4.400000095367432,4.025000095367432,-4.508333206176758,22.1299991607666,92378.5,772.9957275390625,1.8670247793197632,
1784557560.3632402,T,49,481211,480899,-0.3734954595565796,0.08140286058187485,-10.371682167053223,-0.004263399634510279,-0.012790199369192123,0.044232770800590515,4.3416666984558105,4.141666889190674,-4.483333110809326,22.100000381469727,92378.734375,772.974609375,1.8749951124191284,
1784557620.2770097,T,50,541126,490899,-0.3974374830722809,0.11013327538967133,-10.381258964538574,-0.004796324297785759,-0.012790199369192123,0.04396630823612213,4.433333396911621,4.008333206176758,-4.483333110809326,22.079999923706055,92378.25,773.0184936523438,1.8769875764846802,
1784557620.293618,T,51,541143,500899,-0.37828385829925537,0.10534487664699554,-10.347740173339844,-0.0045298621989786625,-0.011724349111318588,0.04396630823612213,4.383333206176758,4.066666603088379,-4.441666603088379,22.110000610351562,92376.0859375,773.2119750976562,1.8749951124191284,
1784557620.3107083,T,52,541160,510899,-0.38307225704193115,0.1149216815829277,-10.299856185913086,-0.0053292494267225266,-0.013589587062597275,0.04529862105846405,4.358333110809326,4.025000095367432,-4.383333206176758,22.149999618530273,92375.609375,773.2547607421875,1.8749951124191284,
1784557620.3294163,T,53,541177,520899,-0.37828385829925537,0.10534487664699554,-10.347740173339844,-0.003996937070041895,-0.013856049627065659,0.04476569592952728,4.300000190734863,4.099999904632568,-4.525000095367432,22.18000030517578,92375.484375,773.2661743164062,1.8949205875396729,
1784557620.3464303,T,54,541196,530899,-0.37828385829925537,0.08619125932455063,-10.35252857208252,-0.0045298621989786625,-0.011990811675786972,0.04396630823612213,4.458333492279053,4.050000190734863,-4.425000190734863,22.209999084472656,92373.8671875,773.411376953125,1.8769875764846802,
1784557620.3653347,T,55,541213,540899,-0.3878606855869293,0.10055647045373917,-10.357316970825195,-0.004796324297785759,-0.013323123566806316,0.0444992333650589,4.416666507720947,4.066666603088379,-4.441666603088379,22.25,92373.9140625,773.4070434570312,1.892928123474121,
1784557680.2763028,T,56,601128,550899,-0.3926490843296051,0.1149216815829277,-10.362105369567871,-0.00506278732791543,-0.012790199369192123,0.045565083622932434,4.416666507720947,4.099999904632568,-4.525000095367432,22.31999969482422,92373.140625,773.4769897460938,1.8789801597595215,
1784557680.293333,T,57,601145,560899,-0.37828385829925537,0.090979665517807,-10.362105369567871,-0.0045298621989786625,-0.01252373680472374,0.04369984567165375,4.358333110809326,4.025000095367432,-4.508333206176758,22.350000381469727,92372.7578125,773.5105590820312,1.8809727430343628,
1784557680.310301,T,58,601162,570899,-0.3734954595565796,0.10534487664699554,-10.38604736328125,-0.003996937070041895,-0.010924961417913437,0.04476569592952728,4.383333206176758,4.099999904632568,-4.5916666984558105,22.350000381469727,92371.5625,773.6178588867188,1.8789801597595215,
1784557680.3273492,T,59,601179,580899,-0.3734954595565796,0.08619125932455063,-10.357316970825195,-0.004263399634510279,-0.01252373680472374,0.0444992333650589,4.300000190734863,4.083333492279053,-4.4666666984558105,22.399999618530273,92371.5625,773.6178588867188,1.8969131708145142,
1784557680.3442397,T,60,601196,590899,-0.3734954595565796,0.1149216815829277,-10.366893768310547,-0.0037304747384041548,-0.01252373680472374,0.04476569592952728,4.474999904632568,4.025000095367432,-4.550000190734863,22.479999542236328,92369.984375,773.7598876953125,1.8969131708145142,
1784557680.3639078,T,61,601213,600899,-0.3734954595565796,0.11013327538967133,-10.35252857208252,-0.0045298621989786625,-0.011990811675786972,0.04396630823612213,4.416666507720947,4.183333396911621,-4.441666603088379,22.579999923706055,92367.1796875,774.0113525390625,1.8949205875396729,
1784557740.27617,T,62,661126,610899,-0.37828385829925537,0.11013327538967133,-10.357316970825195,-0.004263399634510279,-0.01252373680472374,0.04529862105846405,4.383333206176758,3.9833333492279053,-4.508333206176758,22.649999618530273,92366.046875,774.1132202148438,1.8949205875396729,
1784557740.2961595,T,63,661147,620899,-0.35434186458587646,0.090979665517807,-10.371682167053223,-0.0045298621989786625,-0.01119142398238182,0.04476569592952728,4.358333110809326,4.141666889190674,-4.599999904632568,22.670000076293945,92366.390625,774.0823364257812,1.8989057540893555,
1784557740.3124256,T,64,661166,630899,-0.37828385829925537,0.10055647045373917,-10.357316970825195,-0.003996937070041895,-0.01252373680472374,0.045032158493995667,4.316666603088379,4.066666603088379,-4.441666603088379,22.670000076293945,92365.015625,774.2058715820312,1.892928123474121,
1784557740.3321762,T,65,661183,640899,-0.3878606855869293,0.10534487664699554,-10.342951774597168,-0.00506278732791543,-0.012257273308932781,0.045032158493995667,4.400000095367432,4.099999904632568,-4.525000095367432,22.639999389648438,92364.046875,774.2926025390625,1.8969131708145142,
1784557740.3484104,T,66,661202,650899,-0.3878606855869293,0.08619125932455063,-10.342951774597168,-0.003996937070041895,-0.012790199369192123,0.045032158493995667,4.383333206176758,4.050000190734863,-4.508333206176758,22.600000381469727,92363.421875,774.3484497070312,1.8769875764846802,
1784557740.365491,T,67,661219,660899,-0.3878606855869293,0.10055647045373917,-10.376470565795898,-0.003996937070041895,-0.013056661002337933,0.045032158493995667,4.433333396911621,4.166666507720947,-4.525000095367432,22.59000015258789,92363.71875,774.3218994140625,1.8969131708145142,
1784557800.2682126,T,68,721122,670899,-0.3878606855869293,0.09576806426048279,-10.35252857208252,-0.004263399634510279,-0.011457886546850204,0.04476569592952728,4.416666507720947,4.224999904632568,-4.483333110809326,22.600000381469727,92363.484375,774.343017578125,1.8969131708145142,
1784557800.2881935,T,69,721139,680899,-0.3878606855869293,0.11013327538967133,-10.338163375854492,-0.003996937070041895,-0.011457886546850204,0.044232770800590515,4.3416666984558105,4.050000190734863,-4.625,22.610000610351562,92365.6640625,774.1478881835938,1.8989057540893555,
1784557800.3088377,T,70,721160,690899,-0.3878606855869293,0.10055647045373917,-10.35252857208252,-0.00559571199119091,-0.012790199369192123,0.045032158493995667,4.400000095367432,4.166666507720947,-4.508333206176758,22.670000076293945,92364.6640625,774.23681640625,1.8969131708145142,
1784557800.3287182,T,71,721181,700899,-0.3734954595565796,0.10534487664699554,-10.347740173339844,-0.0045298621989786625,-0.011990811675786972,0.04476569592952728,4.383333206176758,4.099999904632568,-4.425000190734863,22.729999542236328,92361.359375,774.5338134765625,1.8989057540893555,
1784557800.3481035,T,72,721200,710899,-0.38307225704193115,0.10534487664699554,-10.381258964538574,-0.0045298621989786625,-0.01119142398238182,0.045032158493995667,4.3416666984558105,4.083333492279053,-4.566666603088379,22.790000915527344,92359.875,774.6671142578125,1.8769875764846802,
1784557800.3710384,T,73,721219,720899,-0.3687070608139038,0.09576806426048279,-10.32858657836914,-0.0045298621989786625,-0.01252373680472374,0.045565083622932434,4.358333110809326,4.066666603088379,-4.5916666984558105,22.770000457763672,92359.390625,774.7099609375,1.8789801597595215,
1784557860.276274,T,74,781128,730899,-0.3734954595565796,0.07661445438861847,-10.366893768310547,-0.0053292494267225266,-0.011724349111318588,0.04476569592952728,4.558333396911621,4.066666603088379,-4.425000190734863,22.739999771118164,92360.734375,774.589599609375,1.8949205875396729,
1784557860.292326,T,75,781149,740899,-0.3687070608139038,0.08140286058187485,-10.35252857208252,-0.0053292494267225266,-0.011724349111318588,0.0444992333650589,4.400000095367432,4.099999904632568,-4.625,22.729999542236328,92360.1484375,774.6422119140625,1.8789801597595215,
1784557860.313716,T,76,781166,750899,-0.3687070608139038,0.11013327538967133,-10.342951774597168,-0.0045298621989786625,-0.011724349111318588,0.0444992333650589,4.400000095367432,4.050000190734863,-4.4666666984558105,22.75,92358.6328125,774.7787475585938,1.8769875764846802,
1784557860.3326497,T,77,781187,760899,-0.3687070608139038,0.10534487664699554,-10.362105369567871,-0.006128636654466391,-0.011457886546850204,0.04476569592952728,4.416666507720947,4.083333492279053,-4.625,22.850000381469727,92358.984375,774.746826171875,1.8749951124191284,
1784557860.3527365,T,78,781206,770899,-0.35913026332855225,0.090979665517807,-10.35252857208252,-0.00506278732791543,-0.01119142398238182,0.0444992333650589,4.400000095367432,3.941666603088379,-4.5916666984558105,22.8799991607666,92358.9375,774.7511596679688,1.873002529144287,
1784557860.372583,T,79,781227,780899,-0.38307225704193115,0.090979665517807,-10.376470565795898,-0.004796324297785759,-0.011990811675786972,0.04529862105846405,4.3416666984558105,4.208333492279053,-4.566666603088379,22.860000610351562,92358.90625,774.7538452148438,1.873002529144287,
1784557920.2760487,T,80,841130,790899,-0.37828385829925537,0.1149216815829277,-10.362105369567871,-0.00506278732791543,-0.012257273308932781,0.04476569592952728,4.383333206176758,3.883333444595337,-4.483333110809326,22.850000381469727,92357.90625,774.8438110351562,1.8749951124191284,
1784557920.2922156,T,81,841151,800899,-0.3687070608139038,0.10534487664699554,-10.314221382141113,-0.0045298621989786625,-0.012257273308932781,0.04583154618740082,4.358333110809326,3.941666603088379,-4.550000190734863,22.8799991607666,92357.390625,774.889892578125,1.8749951124191284,
1784557920.3090045,T,82,841168,810899,-0.3878606855869293,0.10055647045373917,-10.357316970825195,-0.00506278732791543,-0.012257273308932781,0.04529862105846405,4.275000095367432,4.008333206176758,-4.441666603088379,22.959999084472656,92358.359375,774.8026123046875,1.8710099458694458,
1784557920.326049,T,83,841185,820899,-0.37828385829925537,0.090979665517807,-10.357316970825195,-0.0045298621989786625,-0.011724349111318588,0.04369984567165375,4.300000190734863,3.9666666984558105,-4.425000190734863,22.989999771118164,92358.1171875,774.8248291015625,1.873002529144287,
1784557920.3446019,T,84,841202,830899,-0.37828385829925537,0.10055647045373917,-10.347740173339844,-0.00559571199119091,-0.011724349111318588,0.045032158493995667,4.275000095367432,3.924999952316284,-4.508333206176758,22.950000762939453,92357.703125,774.8616943359375,1.873002529144287,
1784557920.3652923,T,85,841221,840899,-0.3974374830722809,0.10055647045373917,-10.357316970825195,-0.004263399634510279,-0.011990811675786972,0.044232770800590515,4.300000190734863,4.008333206176758,-4.425000190734863,22.959999084472656,92358.390625,774.7999267578125,1.8749951124191284,
1784638414.7018752,T,1,4921124,897,-0.2059013396501541,1.2449848651885986,-14.020444869995117,0.32508420944213867,0.1830597221851349,0.20197856426239014,-1.524999976158142,7.208333492279053,-4.233333110809326,16.989999771118164,92378.25,773.0184936523438,0.001992556033656001,
1784638414.719022,T,2,4921141,10897,-0.1149216815829277,0.1628057211637497,-10.338163375854492,0.0015987749211490154,-0.020517610013484955,0.04210107401013374,-0.9166666865348816,7.291666507720947,-4.233333110809326,16.950000762939453,92381.34375,772.7405395507812,0.03586600720882416,
1784638414.7362187,T,3,4921158,20897,-0.14365209639072418,0.15322890877723694,-10.323798179626465,0.0007993874605745077,-0.019984684884548187,0.04183461144566536,-0.9666666388511658,7.308333396911621,-4.275000095367432,16.950000762939453,92385.015625,772.4110717773438,0.05579156056046486,
1784638414.7544186,T,4,4921175,30897,-0.1388636976480484,0.20111294090747833,-10.347740173339844,0.0010658499086275697,-0.0189188364893198,0.04210107401013374,-1.0083333253860474,7.224999904632568,-4.316666603088379,16.940000534057617,92385.75,772.3455200195312,0.11158312112092972,
1784638414.7718496,T,5,4921194,40897,-0.1388636976480484,0.181959331035614,-10.319009780883789,0.0007993874605745077,-0.01945176161825657,0.04236753284931183,-0.875,7.291666507720947,-4.233333110809326,16.93000030517578,92385.7578125,772.3444213867188,0.1414714753627777,
1784638414.7889707,T,6,4921211,50897,-0.12449848651885986,0.181959331035614,-10.35252857208252,0.0002664624771568924,-0.01945176161825657,0.04156814515590668,-1.0083333253860474,7.191666603088379,-4.258333206176758,16.93000030517578,92386.0625,772.3173217773438,0.18331512808799744,
1784638414.8065493,T,7,4921228,60897,-0.14365209639072418,0.1867477297782898,-10.357316970825195,0.0015987749211490154,-0.0189188364893198,0.04130168259143829,-0.925000011920929,7.25,-4.3416666984558105,16.93000030517578,92386.40625,772.285888671875,0.21320347487926483,
1784638414.8260078,T,8,4921245,70897,-0.1388636976480484,0.17238251864910126,-10.35252857208252,0.0002664624771568924,-0.019718224182724953,0.04236753284931183,-1.0083333253860474,7.108333110809326,-4.275000095367432,16.920000076293945,92386.3515625,772.2913208007812,0.25305458903312683,
1784638414.8459642,T,9,4921264,80897,-0.12928688526153564,0.1867477297782898,-10.338163375854492,0.0007993874605745077,-0.0189188364893198,0.04263399541378021,-0.9166666865348816,7.191666603088379,-4.2166666984558105,16.920000076293945,92387.34375,772.2024536132812,0.2829429507255554,
1784638414.8660932,T,10,4921285,90897,-0.14365209639072418,0.1628057211637497,-10.357316970825195,0.0007993874605745077,-0.019185297191143036,0.04263399541378021,-0.875,7.25,-4.316666603088379,16.920000076293945,92386.828125,772.2484741210938,0.3188089430332184,
1784638414.885938,T,11,4921304,100897,-0.11971008777618408,0.17717093229293823,-10.309432983398438,0.0002664624771568924,-0.018652373924851418,0.04183461144566536,-0.8333333134651184,7.208333492279053,-4.358333110809326,16.920000076293945,92386.828125,772.2484741210938,0.3666302561759949,
1784638414.9087775,T,12,4921325,110897,-0.1388636976480484,0.17238251864910126,-10.347740173339844,0.0002664624771568924,-0.0189188364893198,0.04210107401013374,-1.024999976158142,7.291666507720947,-4.258333206176758,16.920000076293945,92386.828125,772.2484741210938,0.3785856366157532,
1784638414.9264796,T,13,4921348,120897,-0.11971008777618408,0.15801730751991272,-10.357316970825195,0.0002664624771568924,-0.01811944879591465,0.04183461144566536,-1.0083333253860474,7.066666603088379,-4.2166666984558105,16.93000030517578,92386.8203125,772.2490234375,0.4104664921760559,
1784638414.946688,T,14,4921365,130897,-0.1388636976480484,0.19632454216480255,-10.35252857208252,-0.0010658499086275697,-0.019185297191143036,0.042900457978248596,-0.675000011920929,7.133333206176758,-4.150000095367432,16.950000762939453,92386.4375,772.283203125,0.4622729420661926,
1784638414.9676752,T,15,4921386,140897,-0.14844051003456116,0.17238251864910126,-10.362105369567871,-0.0002664624771568924,-0.02025114931166172,0.04130168259143829,-0.8083333373069763,7.25,-4.191666603088379,16.950000762939453,92386.0,772.32275390625,0.47422829270362854,
1784638414.9865131,T,16,4921407,150897,-0.13407529890537262,0.1628057211637497,-10.366893768310547,-0.0005329249543137848,-0.01945176161825657,0.04236753284931183,-0.7250000238418579,7.224999904632568,-4.191666603088379,16.959999084472656,92385.140625,772.4002075195312,0.5061091780662537,
1784638415.0041368,T,17,4921426,160897,-0.13407529890537262,0.181959331035614,-10.357316970825195,-0.0005329249543137848,-0.018652373924851418,0.04210107401013374,-0.875,7.0916666984558105,-4.108333110809326,16.979999542236328,92383.140625,772.5790405273438,0.5300198793411255,
1784638415.0223079,T,18,4921443,170897,-0.12449848651885986,0.181959331035614,-10.347740173339844,-0.0002664624771568924,-0.0189188364893198,0.04210107401013374,-0.8500000238418579,7.191666603088379,-4.258333206176758,17.0,92382.1796875,772.6657104492188,0.5638933181762695,
1784638415.0422885,T,19,4921460,180897,-0.15322890877723694,0.1628057211637497,-10.35252857208252,0.0002664624771568924,-0.018385911360383034,0.04210107401013374,-0.8333333134651184,7.266666889190674,-4.275000095367432,17.010000228881836,92382.09375,772.67333984375,0.5878039598464966,
1784638415.0619285,T,20,4921481,190897,-0.1388636976480484,0.17717093229293823,-10.357316970825195,0.0007993874605745077,-0.0189188364893198,0.04263399541378021,-0.9666666388511658,7.191666603088379,-4.233333110809326,17.030000686645508,92381.28125,772.7459106445312,0.6017518639564514,
1784638415.0819442,T,21,4921500,200897,-0.14365209639072418,0.1628057211637497,-10.357316970825195,0.0018652373692020774,-0.018652373924851418,0.04210107401013374,-0.9166666865348816,7.291666507720947,-4.3416666984558105,17.040000915527344,92380.4140625,772.823974609375,0.6336327791213989,
1784638415.1020079,T,22,4921521,210897,-0.1388636976480484,0.1628057211637497,-10.376470565795898,0.0005329249543137848,-0.019185297191143036,0.04316692054271698,-0.8333333134651184,7.208333492279053,-4.175000190734863,17.049999237060547,92380.890625,772.7811889648438,0.6555508375167847,
1784638415.1219897,T,23,4921540,220897,-0.1388636976480484,0.15801730751991272,-10.357316970825195,-0.0005329249543137848,-0.019984684884548187,0.042900457978248596,-0.875,7.191666603088379,-4.258333206176758,17.06999969482422,92380.578125,772.809326171875,0.6834466457366943,
1784638415.1422791,T,24,4921561,230897,-0.14365209639072418,0.16759411990642548,-10.35252857208252,0.0005329249543137848,-0.017586523666977882,0.04236753284931183,-0.7666666507720947,7.224999904632568,-4.2166666984558105,17.079999923706055,92379.671875,772.890625,0.6894243359565735,
1784638415.1619728,T,25,4921580,240897,-0.14844051003456116,0.15322890877723694,-10.362105369567871,0.0005329249543137848,-0.01945176161825657,0.04263399541378021,-0.7666666507720947,7.191666603088379,-4.2166666984558105,17.079999923706055,92378.390625,773.0049438476562,0.7232977747917175,
1784638415.1852827,T,26,4921601,250897,-0.12928688526153564,0.16759411990642548,-10.381258964538574,0.0015987749211490154,-0.018652373924851418,0.04236753284931183,-0.925000011920929,7.191666603088379,-4.2166666984558105,17.100000381469727,92379.1171875,772.93994140625,0.7272829413414001,
1784638415.204246,T,27,4921624,260897,-0.14365209639072418,0.14844051003456116,-10.38604736328125,-0.0002664624771568924,-0.0189188364893198,0.042900457978248596,-0.8083333373069763,7.224999904632568,-4.275000095367432,17.149999618530273,92379.734375,772.8846435546875,0.7551786303520203,
1784638415.2211359,T,28,4921643,270897,-0.14844051003456116,0.16759411990642548,-10.342951774597168,0.0013323123566806316,-0.01811944879591465,0.04183461144566536,-0.9416666626930237,7.008333206176758,-4.066666603088379,17.18000030517578,92380.328125,772.83154296875,0.7591637969017029,
1784638415.2379978,T,29,4921660,280897,-0.1149216815829277,0.16759411990642548,-10.357316970825195,0.0007993874605745077,-0.0189188364893198,0.04263399541378021,-0.8333333134651184,6.916666507720947,-3.9166667461395264,17.200000762939453,92380.3671875,772.8283081054688,0.7870596051216125,
1784638415.2575722,T,30,4921677,290897,-0.15322890877723694,0.17717093229293823,-10.357316970825195,0.0005329249543137848,-0.01811944879591465,0.04236753284931183,-0.8916666507720947,7.0,-4.025000095367432,17.229999542236328,92380.1875,772.843994140625,0.7930372357368469,
1784638415.2741995,T,31,4921696,300897,-0.15322890877723694,0.15322890877723694,-10.371682167053223,0.0002664624771568924,-0.0189188364893198,0.04236753284931183,-0.9416666626930237,7.0,-3.9833333492279053,17.25,92380.46875,772.819091796875,0.8149552941322327,
1784638415.2928271,T,32,4921713,310897,-0.1149216815829277,0.181959331035614,-10.376470565795898,-0.0013323123566806316,-0.018385911360383034,0.04183461144566536,-0.75,6.958333492279053,-3.875,17.280000686645508,92380.6328125,772.804443359375,0.8249180912971497,
1784638415.3138971,T,33,4921732,320897,-0.1388636976480484,0.14844051003456116,-10.376470565795898,-0.0005329249543137848,-0.018652373924851418,0.04130168259143829,-0.9416666626930237,7.0916666984558105,-3.933333396911621,17.290000915527344,92380.8046875,772.7887573242188,0.8448436260223389,
1784638415.3313313,T,34,4921753,330897,-0.12928688526153564,0.17238251864910126,-10.357316970825195,-0.0005329249543137848,-0.01945176161825657,0.04210107401013374,-0.875,6.974999904632568,-3.941666603088379,17.309999465942383,92380.703125,772.7979736328125,0.8567990660667419,
1784638415.356579,T,35,4921770,340897,-0.15801730751991272,0.1628057211637497,-10.371682167053223,0.0010658499086275697,-0.019185297191143036,0.04263399541378021,-0.875,6.974999904632568,-3.9666666984558105,17.34000015258789,92380.21875,772.84130859375,0.8767246007919312,
1784638415.378245,T,36,4921795,350897,-0.14844051003456116,0.1628057211637497,-10.357316970825195,0.0007993874605745077,-0.018385911360383034,0.04236753284931183,-0.925000011920929,7.0,-4.050000190734863,17.3700008392334,92379.421875,772.9133911132812,0.8827022314071655,
1784638415.394127,T,37,4921816,360897,-0.13407529890537262,0.15322890877723694,-10.376470565795898,0.0005329249543137848,-0.01678713597357273,0.04210107401013374,-0.925000011920929,7.108333110809326,-4.133333206176758,17.40999984741211,92379.7109375,772.8868408203125,0.8846947550773621,
1784638415.416592,T,38,4921833,370897,-0.13407529890537262,0.16759411990642548,-10.338163375854492,-0.0010658499086275697,-0.01811944879591465,0.04236753284931183,-0.8333333134651184,7.050000190734863,-4.0916666984558105,17.459999084472656,92379.9375,772.8667602539062,0.9086054563522339,
1784638415.4406917,T,39,4921856,380897,-0.1388636976480484,0.1628057211637497,-10.366893768310547,-0.0005329249543137848,-0.019185297191143036,0.04236753284931183,-0.8083333373069763,7.050000190734863,-4.050000190734863,17.5,92378.6875,772.9789428710938,0.9145830869674683,
1784638415.461999,T,40,4921879,390897,-0.1388636976480484,0.15801730751991272,-10.357316970825195,0.0,-0.0173200611025095,0.04236753284931183,-0.9166666865348816,6.958333492279053,-3.8333332538604736,17.559999465942383,92379.390625,772.9160766601562,0.9205607771873474,
1784638415.4818645,T,41,4921900,400897,-0.14365209639072418,0.16759411990642548,-10.371682167053223,0.0005329249543137848,-0.017852986231446266,0.04236753284931183,-0.8333333134651184,6.958333492279053,-3.9166667461395264,17.6299991607666,92378.40625,773.00390625,0.9404863715171814,
1784638415.5027888,T,42,4921921,410897,-0.13407529890537262,0.15801730751991272,-10.376470565795898,-0.0005329249543137848,-0.0173200611025095,0.04183461144566536,-0.8916666507720947,6.958333492279053,-4.008333206176758,17.65999984741211,92377.703125,773.0672607421875,0.9464640617370605,
1784638415.5220125,T,43,4921942,420897,-0.15801730751991272,0.14844051003456116,-10.362105369567871,-0.0005329249543137848,-0.0173200611025095,0.04263399541378021,-0.8083333373069763,7.0,-3.933333396911621,17.68000030517578,92378.03125,773.0374755859375,0.9464640617370605,
1784638415.5423048,T,44,4921961,430897,-0.12928688526153564,0.14365209639072418,-10.366893768310547,0.0005329249543137848,-0.01811944879591465,0.04236753284931183,-0.75,6.933333396911621,-3.9166667461395264,17.700000762939453,92377.421875,773.0922241210938,0.9743597507476807,
1784638415.5619802,T,45,4921980,440897,-0.14365209639072418,0.14844051003456116,-10.381258964538574,-0.0002664624771568924,-0.018385911360383034,0.04210107401013374,-0.8083333373069763,6.974999904632568,-3.941666603088379,17.700000762939453,92378.1171875,773.0299072265625,0.9803374409675598,
1784638415.582817,T,46,4922001,450897,-0.15322890877723694,0.17238251864910126,-10.38604736328125,0.0,-0.018385911360383034,0.04156814515590668,-0.8916666507720947,6.958333492279053,-3.941666603088379,17.719999313354492,92376.765625,773.1513061523438,0.9883077144622803,
1784638415.6023004,T,47,4922022,460897,-0.12928688526153564,0.1628057211637497,-10.376470565795898,-0.0002664624771568924,-0.018652373924851418,0.04236753284931183,-0.7916666865348816,6.974999904632568,-4.008333206176758,17.729999542236328,92377.96875,773.04345703125,1.0142109394073486,
1784638415.6189604,T,48,4922041,470897,-0.1388636976480484,0.15801730751991272,-10.381258964538574,0.0,-0.018652373924851418,0.042900457978248596,-0.8916666507720947,6.849999904632568,-3.9833333492279053,17.75,92378.0,773.0401611328125,1.0122183561325073,
1784638415.6382287,T,49,4922058,480897,-0.15322890877723694,0.16759411990642548,-10.400412559509277,0.0,-0.01811944879591465,0.04236753284931183,-0.8333333134651184,6.916666507720947,-4.050000190734863,17.760000228881836,92377.75,773.0629272460938,1.0142109394073486,
1784638415.658004,T,50,4922077,490897,-0.14365209639072418,0.1388636976480484,-10.357316970825195,-0.0013323123566806316,-0.01811944879591465,0.04263399541378021,-0.8083333373069763,6.875,-4.0916666984558105,17.790000915527344,92378.96875,772.9534912109375,1.040114164352417,
1784638415.6785347,T,51,4922096,500897,-0.15322890877723694,0.15322890877723694,-10.395624160766602,-0.0005329249543137848,-0.017852986231446266,0.04236753284931183,-0.7250000238418579,6.833333492279053,-4.066666603088379,17.81999969482422,92378.4375,773.0011596679688,1.0440993309020996,
1784638415.6980345,T,52,4922117,510897,-0.14844051003456116,0.15322890877723694,-10.390835762023926,0.0,-0.017053598538041115,0.04263399541378021,-0.8500000238418579,6.933333396911621,-4.0916666984558105,17.84000015258789,92376.359375,773.1875610351562,1.070002555847168,
1784638415.7147453,T,53,4922136,520897,-0.15801730751991272,0.15801730751991272,-10.342951774597168,-0.0010658499086275697,-0.018652373924851418,0.042900457978248596,-0.8333333134651184,7.025000095367432,-3.9833333492279053,17.860000610351562,92375.0703125,773.3030395507812,1.070002555847168,
1784638415.731048,T,54,4922153,530897,-0.14365209639072418,0.1628057211637497,-10.38604736328125,0.0,-0.018385911360383034,0.04316692054271698,-0.7250000238418579,6.875,-4.050000190734863,17.899999618530273,92373.625,773.43310546875,1.0779727697372437,
1784638415.748083,T,55,4922170,540897,-0.1628057211637497,0.14365209639072418,-10.395624160766602,0.0,-0.01811944879591465,0.04210107401013374,-0.9166666865348816,6.833333492279053,-3.933333396911621,17.959999084472656,92372.5703125,773.5278930664062,1.0779727697372437,
1784638415.765155,T,56,4922187,550897,-0.1388636976480484,0.15322890877723694,-10.357316970825195,-0.0002664624771568924,-0.018652373924851418,0.04156814515590668,-0.7250000238418579,6.916666507720947,-3.9166667461395264,18.020000457763672,92373.46875,773.4471435546875,1.0978983640670776,
1784638415.7820454,T,57,4922204,560897,-0.1388636976480484,0.15322890877723694,-10.381258964538574,-0.0013323123566806316,-0.0189188364893198,0.04263399541378021,-0.8500000238418579,6.833333492279053,-4.108333110809326,18.049999237060547,92371.8203125,773.5950927734375,1.1078611612319946,
1784638415.8023615,T,58,4922221,570897,-0.14365209639072418,0.15801730751991272,-10.362105369567871,-0.0010658499086275697,-0.017852986231446266,0.04236753284931183,-0.7666666507720947,6.875,-4.008333206176758,18.06999969482422,92370.3828125,773.7235717773438,1.1118462085723877,
1784638415.8228962,T,59,4922240,580897,-0.12928688526153564,0.14844051003456116,-10.38604736328125,-0.0018652373692020774,-0.0189188364893198,0.04343338683247566,-0.7083333134651184,6.849999904632568,-4.025000095367432,18.100000381469727,92369.203125,773.8297729492188,1.1317718029022217,
1784638415.8422627,T,60,4922261,590897,-0.15322890877723694,0.14844051003456116,-10.390835762023926,0.0005329249543137848,-0.01811944879591465,0.04236753284931183,-0.875,6.891666889190674,-3.9166667461395264,18.110000610351562,92368.640625,773.8801879882812,1.1337642669677734,
1784638415.857965,T,61,4922280,600897,-0.1388636976480484,0.1628057211637497,-10.38604736328125,-0.0005329249543137848,-0.01598774828016758,0.04263399541378021,-0.75,6.849999904632568,-4.050000190734863,18.1299991607666,92368.15625,773.9235229492188,1.1317718029022217,
1784638415.8779812,T,62,4922297,610897,-0.1388636976480484,0.1628057211637497,-10.366893768310547,-0.0013323123566806316,-0.0173200611025095,0.040768761187791824,-0.7666666507720947,6.891666889190674,-3.9166667461395264,18.139999389648438,92368.0625,773.9321899414062,1.1397420167922974,
1784638415.8980124,T,63,4922316,620897,-0.15322890877723694,0.1628057211637497,-10.414777755737305,-0.0005329249543137848,-0.017852986231446266,0.04183461144566536,-0.7916666865348816,6.958333492279053,-3.9833333492279053,18.149999618530273,92368.703125,773.874755859375,1.161660075187683,
1784638415.9190538,T,64,4922337,630897,-0.14365209639072418,0.14365209639072418,-10.390835762023926,-0.0015987749211490154,-0.01811944879591465,0.042900457978248596,-0.8083333373069763,6.916666507720947,-4.025000095367432,18.149999618530273,92368.921875,773.855224609375,1.1636526584625244,
1784638415.9382899,T,65,4922358,640897,-0.13407529890537262,0.15801730751991272,-10.376470565795898,-0.0010658499086275697,-0.018385911360383034,0.04343338683247566,-0.8500000238418579,6.808333396911621,-4.0916666984558105,18.149999618530273,92369.4375,773.8086547851562,1.1736154556274414,
1784638415.957915,T,66,4922377,650897,-0.14365209639072418,0.14844051003456116,-10.357316970825195,-0.0018652373692020774,-0.0173200611025095,0.042900457978248596,-0.7666666507720947,6.933333396911621,-3.941666603088379,18.170000076293945,92369.4921875,773.8346557617188,1.1736154556274414,
1784638415.9779444,T,67,4922396,660897,-0.15322890877723694,0.16759411990642548,-10.376470565795898,0.0002664624771568924,-0.0173200611025095,0.04369984567165375,-0.9166666865348816,6.974999904632568,-3.9833333492279053,18.15999984741211,92369.890625,773.7680053710938,1.1895558834075928,
1784638415.9984019,T,68,4922417,670897,-0.14844051003456116,0.14365209639072418,-10.362105369567871,-0.0005329249543137848,-0.01811944879591465,0.04343338683247566,-0.75,6.933333396911621,-3.933333396911621,18.15999984741211,92370.1953125,773.7409057617188,1.1935409307479858,
1784638416.0182455,T,69,4922436,680897,-0.1628057211637497,0.1628057211637497,-10.381258964538574,-0.0007993874605745077,-0.017586523666977882,0.04210107401013374,-0.75,7.025000095367432,-3.875,18.139999389648438,92369.65625,773.7896728515625,1.1975260972976685,
1784638416.0379438,T,70,4922457,690897,-0.17238251864910126,0.14844051003456116,-10.371682167053223,-0.0018652373692020774,-0.017586523666977882,0.04210107401013374,-0.8083333373069763,6.849999904632568,-3.9166667461395264,18.1299991607666,92370.171875,773.7430419921875,1.2035037279129028,
1784638416.05794,T,71,4922476,700897,-0.14844051003456116,0.15322890877723694,-10.362105369567871,0.0,-0.017586523666977882,0.042900457978248596,-0.6499999761581421,6.875,-3.9833333492279053,18.110000610351562,92370.6171875,773.7029418945312,1.201511263847351,
1784638416.0786026,T,72,4922497,710897,-0.15322890877723694,0.17717093229293823,-10.366893768310547,-0.0013323123566806316,-0.017586523666977882,0.04210107401013374,-0.8333333134651184,6.958333492279053,-3.9833333492279053,18.1200008392334,92369.953125,773.7625732421875,1.2114739418029785,
1784638416.0984256,T,73,4922518,720897,-0.1388636976480484,0.12449848651885986,-10.405200958251953,-0.0010658499086275697,-0.01678713597357273,0.04183461144566536,-0.8333333134651184,6.933333396911621,-4.025000095367432,18.059999465942383,92369.3671875,773.8151245117188,1.2054963111877441,
1784638416.1193206,T,74,4922537,730897,-0.1388636976480484,0.1388636976480484,-10.371682167053223,-0.0013323123566806316,-0.0173200611025095,0.042900457978248596,-0.7250000238418579,7.0,-3.9666666984558105,18.040000915527344,92371.1875,773.6520385742188,1.2234293222427368,
1784638416.1381314,T,75,4922558,740897,-0.15801730751991272,0.15801730751991272,-10.376470565795898,-0.0013323123566806316,-0.01945176161825657,0.04210107401013374,-0.8333333134651184,7.008333206176758,-4.025000095367432,18.100000381469727,92371.0859375,773.6607055664062,1.2373772859573364,
1784638416.158455,T,76,4922577,750897,-0.15322890877723694,0.17238251864910126,-10.38604736328125,-0.0010658499086275697,-0.01678713597357273,0.04236753284931183,-0.6833333373069763,6.891666889190674,-3.9833333492279053,18.139999389648438,92370.71875,773.6937255859375,1.2373772859573364,
1784638416.178008,T,77,4922598,760897,-0.1388636976480484,0.13407529890537262,-10.38604736328125,-0.0010658499086275697,-0.0173200611025095,0.04263399541378021,-0.7916666865348816,6.891666889190674,-4.008333206176758,18.139999389648438,92369.140625,773.8357543945312,1.2433549165725708,
1784638416.1948771,T,78,4922617,770897,-0.16759411990642548,0.1388636976480484,-10.395624160766602,-0.0010658499086275697,-0.017586523666977882,0.04343338683247566,-0.7666666507720947,6.933333396911621,-4.025000095367432,18.1299991607666,92368.375,773.904052734375,1.2413623332977295,
1784638416.2118604,T,79,4922634,780897,-0.14365209639072418,0.17238251864910126,-10.357316970825195,-0.0013323123566806316,-0.017586523666977882,0.04343338683247566,-0.8083333373069763,6.933333396911621,-3.8499999046325684,18.15999984741211,92369.1640625,773.8330078125,1.2393697500228882,
1784638416.2300441,T,80,4922651,790897,-0.15322890877723694,0.15322890877723694,-10.38604736328125,-0.0013323123566806316,-0.017852986231446266,0.04263399541378021,-0.7666666507720947,6.958333492279053,-3.875,18.18000030517578,92369.0625,773.8427734375,1.2573027610778809,
1784638416.2501924,T,81,4922668,800897,-0.12449848651885986,0.14365209639072418,-10.366893768310547,-0.0007993874605745077,-0.017586523666977882,0.04236753284931183,-0.7666666507720947,6.849999904632568,-4.050000190734863,18.15999984741211,92369.546875,773.7988891601562,1.2732433080673218,
1784638416.269761,T,82,4922689,810897,-0.14365209639072418,0.16759411990642548,-10.371682167053223,-0.0013323123566806316,-0.017586523666977882,0.042900457978248596,-0.7666666507720947,6.933333396911621,-4.008333206176758,18.1299991607666,92370.3125,773.7300415039062,1.2672655582427979,
1784638416.289956,T,83,4922708,820897,-0.15322890877723694,0.15801730751991272,-10.357316970825195,-0.0005329249543137848,-0.017852986231446266,0.04130168259143829,-0.9166666865348816,6.916666507720947,-4.025000095367432,18.09000015258789,92371.40625,773.6325073242188,1.2712507247924805,
1784638416.3125758,T,84,4922729,830897,-0.1388636976480484,0.14365209639072418,-10.390835762023926,-0.0002664624771568924,-0.0173200611025095,0.042900457978248596,-0.7250000238418579,6.933333396911621,-3.933333396911621,18.06999969482422,92370.46875,773.7159423828125,1.2891836166381836,
1784638416.3339639,T,85,4922752,840897,-0.1628057211637497,0.15801730751991272,-10.371682167053223,-0.0013323123566806316,-0.01811944879591465,0.04236753284931183,-0.7083333134651184,6.833333492279053,-3.933333396911621,18.059999465942383,92369.4921875,773.8037719726562,1.291176199913025,
1784638416.3545992,T,86,4922773,850897,-0.14844051003456116,0.14844051003456116,-10.38604736328125,-0.0007993874605745077,-0.017586523666977882,0.042900457978248596,-0.7250000238418579,7.0,-3.9833333492279053,18.06999969482422,92368.9375,773.8536376953125,1.301138997077942,
1784638416.3751395,T,87,4922794,860897,-0.14844051003456116,0.15801730751991272,-10.38604736328125,-0.0010658499086275697,-0.017053598538041115,0.04263399541378021,-0.8333333134651184,6.974999904632568,-3.9666666984558105,18.079999923706055,92367.71875,773.9630737304688,1.3031315803527832,
1784638416.391818,T,88,4922813,870897,-0.14844051003456116,0.14844051003456116,-10.38604736328125,-0.0010658499086275697,-0.0173200611025095,0.04183461144566536,-0.8083333373069763,6.916666507720947,-3.9833333492279053,18.09000015258789,92368.90625,773.8563232421875,1.3230570554733276,
1784638416.4136436,T,89,4922830,880897,-0.15801730751991272,0.14844051003456116,-10.38604736328125,-0.0015987749211490154,-0.01811944879591465,0.04236753284931183,-0.7666666507720947,6.958333492279053,-4.008333206176758,18.100000381469727,92368.171875,773.9224243164062,1.3230570554733276,
1784638416.4347303,T,90,4922853,890897,-0.13407529890537262,0.14844051003456116,-10.362105369567871,-0.0007993874605745077,-0.017053598538041115,0.042900457978248596,-0.75,6.875,-3.941666603088379,18.100000381469727,92368.515625,773.8915405273438,1.3270422220230103,
1784638416.4520252,T,91,4922874,900897,-0.13407529890537262,0.15801730751991272,-10.366893768310547,-0.0002664624771568924,-0.017586523666977882,0.04316692054271698,-0.675000011920929,6.958333492279053,-3.9666666984558105,18.09000015258789,92369.078125,773.8411865234375,1.325049638748169,
1784638416.474011,T,92,4922891,910897,-0.1388636976480484,0.1628057211637497,-10.405200958251953,-0.0005329249543137848,-0.0173200611025095,0.042900457978248596,-0.8333333134651184,6.875,-3.9666666984558105,18.110000610351562,92368.734375,773.8720703125,1.329034686088562,
1784638416.4954512,T,93,4922912,920897,-0.15322890877723694,0.15801730751991272,-10.371682167053223,-0.0002664624771568924,-0.017852986231446266,0.04236753284931183,-0.6833333373069763,6.891666889190674,-3.8499999046325684,18.110000610351562,92370.0078125,773.7576904296875,1.3370050191879272,
1784638416.5140877,T,94,4922935,930897,-0.15322890877723694,0.14844051003456116,-10.362105369567871,-0.0005329249543137848,-0.017053598538041115,0.04210107401013374,-0.7666666507720947,6.808333396911621,-3.9666666984558105,18.1200008392334,92368.6875,773.8758544921875,1.335012435913086,
1784638416.5340605,T,95,4922952,940897,-0.12449848651885986,0.15801730751991272,-10.347740173339844,-0.0002664624771568924,-0.0173200611025095,0.04156814515590668,-0.8083333373069763,6.833333492279053,-3.9666666984558105,18.1299991607666,92367.859375,773.9506225585938,1.358923077583313,
1784638416.5540352,T,96,4922973,950897,-0.14365209639072418,0.14365209639072418,-10.371682167053223,-0.0015987749211490154,-0.017586523666977882,0.04369984567165375,-0.8500000238418579,6.849999904632568,-3.933333396911621,18.200000762939453,92366.953125,774.0313720703125,1.3569306135177612,
1784638416.5739555,T,97,4922992,960897,-0.1388636976480484,0.14365209639072418,-10.366893768310547,-0.0007993874605745077,-0.017586523666977882,0.04236753284931183,-0.7916666865348816,6.891666889190674,-4.008333206176758,18.270000457763672,92366.9609375,774.0308227539062,1.358923077583313,
1784638416.594871,T,98,4923013,970897,-0.15801730751991272,0.1388636976480484,-10.362105369567871,-0.0005329249543137848,-0.017586523666977882,0.042900457978248596,-0.7666666507720947,6.933333396911621,-3.9833333492279053,18.329999923706055,92366.953125,774.0313720703125,1.35493803024292,
1784638416.6119344,T,99,4923034,980897,-0.15322890877723694,0.14844051003456116,-10.35252857208252,-0.0002664624771568924,-0.0173200611025095,0.04369984567165375,-0.8083333373069763,6.875,-3.9166667461395264,18.350000381469727,92366.3125,774.0888061523438,1.3649007081985474,
1784638416.6290638,T,100,4923051,990897,-0.14365209639072418,0.15801730751991272,-10.35252857208252,-0.0013323123566806316,-0.017586523666977882,0.04210107401013374,-0.7250000238418579,6.849999904632568,-4.133333206176758,18.350000381469727,92366.3828125,774.0828857421875,1.3868188858032227,
1784638416.6507618,T,101,4923067,1000897,-0.17717093229293823,0.14365209639072418,-10.395624160766602,-0.0013323123566806316,-0.017053598538041115,0.042900457978248596,-0.8083333373069763,6.933333396911621,-4.066666603088379,18.3700008392334,92365.859375,774.1300048828125,1.3848263025283813,
1784638416.6700187,T,102,4923089,1010897,-0.15801730751991272,0.14844051003456116,-10.357316970825195,-0.0010658499086275697,-0.018385911360383034,0.042900457978248596,-0.7916666865348816,6.849999904632568,-3.9833333492279053,18.360000610351562,92366.4296875,774.0785522460938,1.3888113498687744,
1784638416.6902995,T,103,4923109,1020897,-0.1628057211637497,0.12449848651885986,-10.390835762023926,-0.0007993874605745077,-0.017053598538041115,0.04316692054271698,-0.6499999761581421,6.891666889190674,-3.9666666984558105,18.360000610351562,92366.84375,774.0411376953125,1.3708783388137817,
1784638416.7117093,T,104,4923129,1030897,-0.15801730751991272,0.13407529890537262,-10.366893768310547,-0.0005329249543137848,-0.01678713597357273,0.04263399541378021,-0.7666666507720947,6.916666507720947,-4.008333206176758,18.3799991607666,92368.859375,773.8606567382812,1.3908039331436157,
1784638416.7302122,T,105,4923151,1040897,-0.15322890877723694,0.14844051003456116,-10.357316970825195,-0.0002664624771568924,-0.017053598538041115,0.04369984567165375,-0.7250000238418579,6.849999904632568,-4.108333110809326,18.3700008392334,92368.765625,773.8687744140625,1.3967816829681396,
1784638416.7509227,T,106,4923169,1050897,-0.15322890877723694,0.15801730751991272,-10.395624160766602,0.0,-0.01678713597357273,0.04316692054271698,-0.675000011920929,6.933333396911621,-3.941666603088379,18.350000381469727,92368.578125,773.8856201171875,1.394789218902588,
1784638416.7700615,T,107,4923189,1060897,-0.15801730751991272,0.15801730751991272,-10.357316970825195,-0.0021316998172551394,-0.01678713597357273,0.04316692054271698,-0.7666666507720947,6.875,-3.9666666984558105,18.350000381469727,92368.5390625,773.8899536132812,1.394789218902588,
1784638416.7903786,T,108,4923209,1070897,-0.15322890877723694,0.14365209639072418,-10.381258964538574,-0.0021316998172551394,-0.017586523666977882,0.04263399541378021,-0.675000011920929,6.808333396911621,-3.9166667461395264,18.360000610351562,92367.796875,773.9560546875,1.4186997413635254,
1784638416.8102398,T,109,4923229,1080897,-0.17238251864910126,0.14365209639072418,-10.366893768310547,0.0005329249543137848,-0.017053598538041115,0.04210107401013374,-0.7916666865348816,6.849999904632568,-4.066666603088379,18.360000610351562,92367.96875,773.9408569335938,1.4167072772979736,
1784638416.8307061,T,110,4923249,1090897,-0.16759411990642548,0.1628057211637497,-10.376470565795898,-0.0018652373692020774,-0.01678713597357273,0.04316692054271698,-0.7666666507720947,6.875,-4.025000095367432,18.34000015258789,92368.6640625,773.8779907226562,1.4206923246383667,
1784638416.8504632,T,111,4923269,1100897,-0.15322890877723694,0.13407529890537262,-10.390835762023926,-0.0002664624771568924,-0.018385911360383034,0.042900457978248596,-0.7666666507720947,6.958333492279053,-3.875,18.31999969482422,92368.59375,773.884521484375,1.4206923246383667,
1784638416.8699703,T,112,4923289,1110897,-0.15322890877723694,0.1388636976480484,-10.381258964538574,0.0,-0.017586523666977882,0.04343338683247566,-0.8083333373069763,6.849999904632568,-3.9833333492279053,18.31999969482422,92368.765625,773.8687744140625,1.4246773719787598,
1784638416.8870714,T,113,4923309,1120897,-0.17717093229293823,0.14844051003456116,-10.371682167053223,-0.0005329249543137848,-0.01678713597357273,0.04316692054271698,-0.875,7.0916666984558105,-4.3416666984558105,18.31999969482422,92369.75,773.7804565429688,1.4186997413635254,
1784638416.903102,T,114,4923325,1130897,-0.13407529890537262,0.12928688526153564,-10.35252857208252,-0.0015987749211490154,-0.01678713597357273,0.04369984567165375,-1.0083333253860474,7.066666603088379,-4.358333110809326,18.329999923706055,92369.0625,773.8427734375,1.4286625385284424,
1784638416.9219563,T,115,4923341,1140897,-0.15322890877723694,0.15801730751991272,-10.347740173339844,-0.0010658499086275697,-0.017053598538041115,0.04210107401013374,-1.1666666269302368,7.0916666984558105,-4.483333110809326,18.350000381469727,92367.890625,773.9479370117188,1.426669955253601,
1784638416.942234,T,116,4923361,1150897,-0.14844051003456116,0.15322890877723694,-10.366893768310547,-0.0002664624771568924,-0.017852986231446266,0.04316692054271698,-1.0666667222976685,7.066666603088379,-4.275000095367432,18.350000381469727,92368.609375,773.8828735351562,1.4306550025939941,
1784638416.9625716,T,117,4923381,1160897,-0.1388636976480484,0.15322890877723694,-10.371682167053223,-0.0007993874605745077,-0.0173200611025095,0.04183461144566536,-1.0499999523162842,7.066666603088379,-4.258333206176758,18.329999923706055,92369.3203125,773.8194580078125,1.4485880136489868,
1784638416.9790263,T,118,4923401,1170897,-0.14844051003456116,0.14365209639072418,-10.366893768310547,-0.0005329249543137848,-0.018652373924851418,0.04263399541378021,-1.0666667222976685,7.133333206176758,-4.300000190734863,18.329999923706055,92370.21875,773.7387084960938,1.4545658826828003,
1784638416.9983294,T,119,4923417,1180897,-0.15801730751991272,0.1388636976480484,-10.357316970825195,-0.0018652373692020774,-0.017053598538041115,0.04263399541378021,-1.1083333492279053,7.108333110809326,-4.2166666984558105,18.329999923706055,92370.7265625,773.6932373046875,1.4485880136489868,
1784638417.01815,T,120,4923437,1190897,-0.13407529890537262,0.15322890877723694,-10.371682167053223,-0.0015987749211490154,-0.0173200611025095,0.04316692054271698,-1.0666667222976685,7.175000190734863,-4.383333206176758,18.31999969482422,92370.1015625,773.7495727539062,1.456558346748352,
1784638417.038719,T,121,4923457,1200897,-0.14365209639072418,0.14365209639072418,-10.342951774597168,-0.0013323123566806316,-0.017586523666977882,0.04316692054271698,-1.024999976158142,7.133333206176758,-4.275000095367432,18.329999923706055,92369.359375,773.815673828125,1.4505805969238281,
1784638417.057987,T,122,4923477,1210897,-0.14844051003456116,0.14844051003456116,-10.35252857208252,-0.0002664624771568924,-0.017586523666977882,0.04183461144566536,-1.0083333253860474,7.066666603088379,-4.300000190734863,18.329999923706055,92369.828125,773.7734375,1.432647705078125,
1784638417.0779405,T,123,4923497,1220897,-0.16759411990642548,0.1628057211637497,-10.362105369567871,-0.0013323123566806316,-0.0173200611025095,0.042900457978248596,-0.6333333253860474,6.733333110809326,-3.9666666984558105,18.389999389648438,92368.84375,773.8623046875,1.4585509300231934,
1784638417.0979862,T,124,4923517,1230897,-0.14844051003456116,0.13407529890537262,-10.35252857208252,-0.0013323123566806316,-0.017852986231446266,0.04183461144566536,-0.550000011920929,6.875,-3.875,18.479999542236328,92368.0,773.9376220703125,1.4585509300231934,
1784638417.1194713,T,125,4923537,1240897,-0.14844051003456116,0.14365209639072418,-10.390835762023926,-0.0018652373692020774,-0.017586523666977882,0.04263399541378021,-0.6083333492279053,6.775000095367432,-3.941666603088379,18.530000686645508,92367.296875,774.0010375976562,1.4605435132980347,
1784638417.14154,T,126,4923559,1250897,-0.14844051003456116,0.14844051003456116,-10.357316970825195,-0.0007993874605745077,-0.017586523666977882,0.042900457978248596,-0.675000011920929,6.891666889190674,-3.875,18.5,92367.7265625,773.9625854492188,1.4784765243530273,
1784638417.1602871,T,127,4923581,1260897,-0.14365209639072418,0.15322890877723694,-10.390835762023926,-0.0007993874605745077,-0.018385911360383034,0.04210107401013374,-0.5249999761581421,6.733333110809326,-3.8916666507720947,18.510000228881836,92367.8828125,773.948486328125,1.4625359773635864,
1784638417.1821005,T,128,4923599,1270897,-0.1388636976480484,0.14365209639072418,-10.381258964538574,-0.0010658499086275697,-0.0173200611025095,0.042900457978248596,-0.6499999761581421,6.7166666984558105,-3.9166667461395264,18.540000915527344,92368.109375,773.9278564453125,1.4625359773635864,
1784638417.1992776,T,129,4923621,1280897,-0.15322890877723694,0.15322890877723694,-10.400412559509277,-0.0015987749211490154,-0.0173200611025095,0.04369984567165375,-0.5666666626930237,6.733333110809326,-3.8499999046325684,18.559999465942383,92367.71875,773.9630737304688,1.4824615716934204,
1784638417.2212107,T,130,4923639,1290897,-0.15322890877723694,0.15801730751991272,-10.371682167053223,-0.0013323123566806316,-0.0173200611025095,0.04183461144566536,-0.5666666626930237,6.916666507720947,-3.933333396911621,18.59000015258789,92366.4375,774.0780029296875,1.4864466190338135,
1784638417.2445807,T,131,4923661,1300897,-0.15322890877723694,0.1388636976480484,-10.371682167053223,0.0,-0.016520673409104347,0.04236753284931183,-0.5916666388511658,6.800000190734863,-3.875,18.610000610351562,92367.3203125,773.9988403320312,1.4884392023086548,
1784638417.2682042,T,132,4923683,1310897,-0.14844051003456116,0.14844051003456116,-10.376470565795898,-0.0005329249543137848,-0.0173200611025095,0.04210107401013374,-0.7083333134651184,6.775000095367432,-4.025000095367432,18.610000610351562,92369.046875,773.8438720703125,1.4924243688583374,
1784638417.2908134,T,133,4923707,1320897,-0.1628057211637497,0.15801730751991272,-10.347740173339844,-0.0015987749211490154,-0.01678713597357273,0.042900457978248596,-0.675000011920929,6.849999904632568,-3.8916666507720947,18.639999389648438,92367.640625,773.9701538085938,1.4864466190338135,
1784638417.3084097,T,134,4923729,1330897,-0.1628057211637497,0.14365209639072418,-10.381258964538574,-0.0013323123566806316,-0.0173200611025095,0.04316692054271698,-0.5666666626930237,6.800000190734863,-3.8499999046325684,18.65999984741211,92367.921875,773.9451904296875,1.4844540357589722,
1784638417.3281572,T,135,4923747,1340897,-0.15322890877723694,0.15801730751991272,-10.35252857208252,0.0007993874605745077,-0.016520673409104347,0.04156814515590668,-0.6499999761581421,6.875,-3.933333396911621,18.670000076293945,92367.8671875,773.9500732421875,1.49640953540802,
1784638417.353759,T,136,4923767,1350897,-0.15801730751991272,0.15801730751991272,-10.366893768310547,-0.0007993874605745077,-0.017852986231446266,0.04316692054271698,-0.550000011920929,6.891666889190674,-4.050000190734863,18.670000076293945,92367.046875,774.0232543945312,1.5183275938034058,
1784638417.3732708,T,137,4923793,1360897,-0.1628057211637497,0.15322890877723694,-10.390835762023926,-0.0021316998172551394,-0.017586523666977882,0.042900457978248596,-0.6833333373069763,6.775000095367432,-3.941666603088379,18.670000076293945,92367.046875,774.0232543945312,1.5143425464630127,
1784638417.3931148,T,138,4923813,1370897,-0.15801730751991272,0.1388636976480484,-10.400412559509277,-0.0010658499086275697,-0.016520673409104347,0.042900457978248596,0.9833333492279053,6.433333396911621,-3.191666603088379,18.75,92367.7890625,773.9566040039062,1.5143425464630127,
1784638417.4114099,T,139,4923833,1380897,-0.14844051003456116,0.14365209639072418,-10.390835762023926,0.0,-0.0173200611025095,0.042900457978248596,1.0916666984558105,6.125,-3.933333396911621,18.799999237060547,92368.078125,773.9306030273438,1.5163350105285645,
1784638417.4294806,T,140,4923851,1390897,-0.14844051003456116,0.14365209639072418,-10.362105369567871,-0.0015987749211490154,-0.01678713597357273,0.042900457978248596,1.0916666984558105,6.233333110809326,-3.9666666984558105,18.8700008392334,92369.0078125,773.84765625,1.5143425464630127,
1784638417.4504683,T,141,4923869,1400897,-0.1388636976480484,0.1388636976480484,-10.38604736328125,-0.0013323123566806316,-0.01598774828016758,0.04263399541378021,0.9166666865348816,5.683333396911621,-3.1500000953674316,18.950000762939453,92368.875,773.8595581054688,1.5163350105285645,
1784638417.4738472,T,142,4923889,1410897,-0.08619125932455063,0.17717093229293823,-10.462661743164062,-0.0010658499086275697,-0.015188361518085003,0.04263399541378021,-0.375,6.650000095367432,-4.050000190734863,18.93000030517578,92369.03125,773.8455200195312,1.5243052244186401,
1784638417.4956255,T,143,4923913,1420897,-0.14844051003456116,0.15322890877723694,-10.371682167053223,-0.0013323123566806316,-0.01598774828016758,0.04263399541378021,-0.5916666388511658,6.599999904632568,-4.008333206176758,18.90999984741211,92368.7890625,773.8671875,1.520320177078247,
1784638417.5153415,T,144,4923935,1430897,-0.14365209639072418,0.14844051003456116,-10.371682167053223,-0.0010658499086275697,-0.016254210844635963,0.04396630823612213,-0.46666666865348816,6.583333492279053,-3.8916666507720947,18.90999984741211,92368.609375,773.8828735351562,1.5243052244186401,
1784638417.5348895,T,145,4923955,1440897,-0.14844051003456116,0.1388636976480484,-10.395624160766602,-0.0010658499086275697,-0.016520673409104347,0.042900457978248596,-0.5083333253860474,6.608333110809326,-4.050000190734863,18.940000534057617,92368.84375,773.8623046875,1.5223126411437988,
1784638417.551629,T,146,4923973,1450897,-0.12928688526153564,0.13407529890537262,-10.376470565795898,-0.0015987749211490154,-0.01811944879591465,0.04343338683247566,-0.5249999761581421,6.558333396911621,-4.050000190734863,18.979999542236328,92369.03125,773.8455200195312,1.5223126411437988,
1784638417.5703828,T,147,4923991,1460897,-0.13407529890537262,0.14844051003456116,-10.400412559509277,-0.0010658499086275697,-0.016520673409104347,0.04343338683247566,-0.4583333432674408,6.583333492279053,-3.933333396911621,19.020000457763672,92369.3984375,773.8124389648438,1.5243052244186401,
1784638417.5871184,T,148,4924009,1470897,-0.12928688526153564,0.1388636976480484,-10.362105369567871,-0.0015987749211490154,-0.01678713597357273,0.042900457978248596,-0.4583333432674408,6.7166666984558105,-3.8333332538604736,19.049999237060547,92370.875,773.6796875,1.5183275938034058,
1784638417.6070073,T,149,4924025,1480897,-0.14844051003456116,0.1388636976480484,-10.38604736328125,-0.0010658499086275697,-0.017053598538041115,0.04316692054271698,-0.3499999940395355,6.7166666984558105,-3.941666603088379,19.06999969482422,92371.28125,773.6433715820312,1.5442308187484741,
1784638417.628294,T,150,4924045,1490897,-0.17238251864910126,0.15322890877723694,-10.400412559509277,-0.0007993874605745077,-0.016520673409104347,0.04316692054271698,-0.3333333432674408,6.633333206176758,-4.025000095367432,19.110000610351562,92370.59375,773.7051391601562,1.5302828550338745,
1784638417.6466706,T,151,4924067,1500897,-0.1388636976480484,0.11971008777618408,-10.38604736328125,-0.0015987749211490154,-0.016254210844635963,0.04316692054271698,-0.6083333492279053,6.516666889190674,-4.025000095367432,19.149999618530273,92371.53125,773.62060546875,1.5442308187484741,
1784638417.6664717,T,152,4924085,1510897,-0.13407529890537262,0.14844051003456116,-10.395624160766602,-0.0013323123566806316,-0.016520673409104347,0.042900457978248596,-0.4583333432674408,6.633333206176758,-4.008333206176758,19.170000076293945,92372.7109375,773.514892578125,1.5502084493637085,
1784638417.683501,T,153,4924105,1520897,-0.12449848651885986,0.12449848651885986,-10.347740173339844,-0.0018652373692020774,-0.01598774828016758,0.04236753284931183,-0.5249999761581421,6.516666889190674,-4.025000095367432,19.149999618530273,92371.578125,773.6168212890625,1.5522010326385498,
1784638417.7017899,T,154,4924123,1530897,-0.12449848651885986,0.12928688526153564,-10.409989356994629,-0.0010658499086275697,-0.01678713597357273,0.04210107401013374,-0.46666666865348816,6.608333110809326,-4.008333206176758,19.139999389648438,92371.4921875,773.6243896484375,1.5522010326385498,
1784638417.7202792,T,155,4924141,1540897,-0.13407529890537262,0.1628057211637497,-10.366893768310547,-0.0007993874605745077,-0.016254210844635963,0.04343338683247566,-0.4166666567325592,6.583333492279053,-3.9833333492279053,19.15999984741211,92372.765625,773.510009765625,1.5541936159133911,
1784638417.7388716,T,156,4924159,1550897,-0.15322890877723694,0.14844051003456116,-10.366893768310547,-0.0018652373692020774,-0.01678713597357273,0.04369984567165375,-0.4833333194255829,6.608333110809326,-4.025000095367432,19.200000762939453,92372.75,773.5116577148438,1.5541936159133911,
1784638417.756876,T,157,4924177,1560897,-0.1388636976480484,0.17238251864910126,-10.357316970825195,-0.0015987749211490154,-0.01598774828016758,0.04263399541378021,-0.375,6.599999904632568,-4.050000190734863,19.25,92369.3828125,773.8135375976562,1.5581786632537842,
1784638417.778688,T,158,4924195,1570897,-0.13407529890537262,0.12928688526153564,-10.366893768310547,-0.0007993874605745077,-0.017852986231446266,0.04236753284931183,-0.4583333432674408,6.474999904632568,-3.9666666984558105,19.299999237060547,92368.484375,773.8948364257812,1.5561861991882324,
1784638417.798985,T,159,4924217,1580897,-0.14844051003456116,0.15322890877723694,-10.390835762023926,-0.0013323123566806316,-0.017053598538041115,0.04369984567165375,-0.6499999761581421,6.516666889190674,-4.008333206176758,19.299999237060547,92369.21875,773.828125,1.5761116743087769,
1784638417.8217182,T,160,4924239,1590897,-0.14844051003456116,0.14365209639072418,-10.390835762023926,-0.0018652373692020774,-0.016254210844635963,0.04343338683247566,-0.4833333194255829,6.5,-4.025000095367432,19.309999465942383,92368.8515625,773.8612060546875,1.5601712465286255,
1784638417.839973,T,161,4924261,1600897,-0.14844051003456116,0.1388636976480484,-10.362105369567871,-0.0015987749211490154,-0.01678713597357273,0.04316692054271698,-0.5083333253860474,6.650000095367432,-3.9833333492279053,19.309999465942383,92370.3203125,773.7294921875,1.5601712465286255,
1784638417.8573256,T,162,4924279,1610897,-0.12928688526153564,0.1388636976480484,-10.362105369567871,-0.0023981621488928795,-0.016254210844635963,0.044232770800590515,-0.4583333432674408,6.691666603088379,-3.875,19.299999237060547,92370.75,773.6910400390625,1.5621638298034668,
1784638417.878615,T,163,4924297,1620897,-0.12449848651885986,0.1388636976480484,-10.371682167053223,-0.0007993874605745077,-0.016254210844635963,0.044232770800590515,-0.550000011920929,6.583333492279053,-4.050000190734863,19.290000915527344,92371.1875,773.6520385742188,1.5761116743087769,
1784638417.8989534,T,164,4924317,1630897,-0.14365209639072418,0.14844051003456116,-10.381258964538574,-0.0023981621488928795,-0.01678713597357273,0.042900457978248596,-0.5083333253860474,6.558333396911621,-3.875,19.270000457763672,92372.3359375,773.5485229492188,1.5581786632537842,
1784638417.916511,T,165,4924337,1640897,-0.14365209639072418,0.14365209639072418,-10.395624160766602,-0.0010658499086275697,-0.01598774828016758,0.04369984567165375,-0.5249999761581421,6.608333110809326,-4.025000095367432,19.260000228881836,92374.546875,773.3501586914062,1.5781042575836182,
1784638417.9352908,T,166,4924355,1650897,-0.14365209639072418,0.14844051003456116,-10.38604736328125,-0.0015987749211490154,-0.016520673409104347,0.042900457978248596,-0.5249999761581421,6.558333396911621,-3.9666666984558105,19.239999771118164,92375.03125,773.3068237304688,1.5840818881988525,
1784638417.9563608,T,167,4924375,1660897,-0.14844051003456116,0.14844051003456116,-10.38604736328125,-0.0018652373692020774,-0.015721285715699196,0.04316692054271698,-0.4583333432674408,6.583333492279053,-4.008333206176758,19.229999542236328,92374.9921875,773.31005859375,1.5860744714736938,
1784638417.978566,T,168,4924395,1670897,-0.14365209639072418,0.14844051003456116,-10.381258964538574,-0.0023981621488928795,-0.016520673409104347,0.04263399541378021,-0.5249999761581421,6.558333396911621,-3.941666603088379,19.229999542236328,92374.78125,773.32958984375,1.5820893049240112,
1784638417.99507,T,169,4924417,1680897,-0.1388636976480484,0.15322890877723694,-10.366893768310547,-0.0018652373692020774,-0.01678713597357273,0.04369984567165375,-0.550000011920929,6.516666889190674,-4.025000095367432,19.209999084472656,92374.34375,773.3685913085938,1.5840818881988525,
1784638418.0137384,T,170,4924433,1690897,-0.1388636976480484,0.1388636976480484,-10.395624160766602,-0.0010658499086275697,-0.017586523666977882,0.04343338683247566,-0.5666666626930237,6.541666507720947,-4.050000190734863,19.170000076293945,92374.59375,773.3463745117188,1.5840818881988525,
1784638418.0309362,T,171,4924453,1700897,-0.1388636976480484,0.15322890877723694,-10.38604736328125,-0.0010658499086275697,-0.0173200611025095,0.04343338683247566,-0.46666666865348816,6.599999904632568,-4.008333206176758,19.219999313354492,92373.9453125,773.4043579101562,1.5880669355392456,
1784638418.0469666,T,172,4924469,1710897,-0.1149216815829277,0.1388636976480484,-10.362105369567871,-0.0015987749211490154,-0.01678713597357273,0.04343338683247566,-0.4583333432674408,6.633333206176758,-3.875,19.139999389648438,92373.484375,773.445556640625,1.590059518814087,
1784638418.0629365,T,173,4924485,1720897,-0.14365209639072418,0.15322890877723694,-10.366893768310547,-0.0018652373692020774,-0.01678713597357273,0.04316692054271698,-0.5249999761581421,6.5,-3.9833333492279053,19.100000381469727,92373.5703125,773.43798828125,1.5880669355392456,
1784638418.0789573,T,174,4924501,1730897,-0.14844051003456116,0.15322890877723694,-10.371682167053223,0.0002664624771568924,-0.017053598538041115,0.04236753284931183,-0.5666666626930237,6.608333110809326,-3.9666666984558105,19.09000015258789,92373.25,773.4666748046875,1.590059518814087,
1784638418.0949636,T,175,4924517,1740897,-0.13407529890537262,0.12449848651885986,-10.362105369567871,-0.0007993874605745077,-0.01598774828016758,0.04369984567165375,-0.550000011920929,6.608333110809326,-3.933333396911621,19.100000381469727,92373.359375,773.4569091796875,1.5860744714736938,
1784638418.1109967,T,176,4924533,1750897,-0.1388636976480484,0.14844051003456116,-10.38604736328125,-0.002931087277829647,-0.01678713597357273,0.0444992333650589,-0.5666666626930237,6.558333396911621,-4.066666603088379,19.139999389648438,92375.203125,773.2916259765625,1.5920522212982178,
1784638418.1298335,T,177,4924549,1760897,-0.15801730751991272,0.14365209639072418,-10.366893768310547,-0.0013323123566806316,-0.015454824082553387,0.042900457978248596,-0.5083333253860474,6.474999904632568,-3.9166667461395264,19.15999984741211,92376.375,773.1865234375,1.5940446853637695,
1784638418.1469834,T,178,4924569,1770897,-0.14844051003456116,0.15322890877723694,-10.371682167053223,-0.0021316998172551394,-0.016520673409104347,0.04369984567165375,-0.4833333194255829,6.675000190734863,-3.9833333492279053,19.18000030517578,92375.875,773.2315063476562,1.590059518814087,
1784638418.162954,T,179,4924585,1780897,-0.13407529890537262,0.15801730751991272,-10.35252857208252,-0.0018652373692020774,-0.0173200611025095,0.04369984567165375,-0.5249999761581421,6.5,-4.008333206176758,19.200000762939453,92375.25,773.2872924804688,1.6139702796936035,
1784638418.1825044,T,180,4924601,1790897,-0.14844051003456116,0.1388636976480484,-10.362105369567871,-0.0018652373692020774,-0.015721285715699196,0.04369984567165375,-0.375,6.608333110809326,-4.008333206176758,19.219999313354492,92374.1875,773.3826904296875,1.6119776964187622,
1784638418.199699,T,181,4924621,1800897,-0.13407529890537262,0.14365209639072418,-10.371682167053223,-0.0021316998172551394,-0.015454824082553387,0.04236753284931183,-0.5249999761581421,6.516666889190674,-4.008333206176758,19.229999542236328,92374.4375,773.3599243164062,1.609985113143921,
1784638418.2188022,T,182,4924639,1810897,-0.13407529890537262,0.12928688526153564,-10.357316970825195,-0.0002664624771568924,-0.0173200611025095,0.04316692054271698,-0.5666666626930237,6.608333110809326,-3.9833333492279053,19.229999542236328,92374.78125,773.32958984375,1.6179553270339966,
1784638418.2349837,T,183,4924657,1820897,-0.14844051003456116,0.15322890877723694,-10.362105369567871,-0.0013323123566806316,-0.015454824082553387,0.04369984567165375,-0.550000011920929,6.5,-4.008333206176758,19.190000534057617,92375.296875,773.282958984375,1.6179553270339966,
1784638418.2510314,T,184,4924673,1830897,-0.1388636976480484,0.14365209639072418,-10.409989356994629,-0.0002664624771568924,-0.01678713597357273,0.04316692054271698,-0.5083333253860474,6.5,-4.008333206176758,19.18000030517578,92374.84375,773.3241577148438,1.6139702796936035,
1784638418.2672367,T,185,4924689,1840897,-0.1388636976480484,0.14844051003456116,-10.376470565795898,-0.0026646247133612633,-0.015721285715699196,0.04369984567165375,-0.5249999761581421,6.516666889190674,-3.9166667461395264,19.18000030517578,92375.21875,773.2900390625,1.619947910308838,
1784638418.2831159,T,186,4924705,1850897,-0.15801730751991272,0.13407529890537262,-10.381258964538574,-0.0015987749211490154,-0.017053598538041115,0.04263399541378021,-0.6083333492279053,6.608333110809326,-3.9166667461395264,19.190000534057617,92375.515625,773.2634887695312,1.6179553270339966,
1784638418.2989433,T,187,4924721,1860897,-0.14844051003456116,0.12928688526153564,-10.395624160766602,-0.0023981621488928795,-0.016254210844635963,0.04343338683247566,-0.5666666626930237,6.583333492279053,-3.9833333492279053,19.190000534057617,92376.6875,773.1583251953125,1.6219404935836792,
1784638418.315164,T,188,4924737,1870897,-0.13407529890537262,0.15801730751991272,-10.409989356994629,-0.0007993874605745077,-0.016520673409104347,0.04316692054271698,-0.4333333373069763,6.558333396911621,-3.875,19.18000030517578,92377.28125,773.1046752929688,1.623932957649231,
1784638418.3310652,T,189,4924753,1880897,-0.15322890877723694,0.14365209639072418,-10.381258964538574,-0.0013323123566806316,-0.01598774828016758,0.04316692054271698,-0.5666666626930237,6.5,-3.9166667461395264,19.149999618530273,92375.734375,773.2439575195312,1.6418659687042236,
1784638418.3471684,T,190,4924769,1890897,-0.15322890877723694,0.15322890877723694,-10.390835762023926,-0.0021316998172551394,-0.016254210844635963,0.04396630823612213,-0.5249999761581421,6.583333492279053,-4.008333206176758,19.1299991607666,92374.7734375,773.3301391601562,1.6398735046386719,
1784638418.363191,T,191,4924785,1900897,-0.12928688526153564,0.14365209639072418,-10.38604736328125,-0.0026646247133612633,-0.01678713597357273,0.04316692054271698,-0.4833333194255829,6.599999904632568,-3.7916667461395264,19.1299991607666,92373.3984375,773.453125,1.6398735046386719,
1784638418.3792202,T,192,4924801,1910897,-0.15801730751991272,0.14844051003456116,-10.381258964538574,-0.0015987749211490154,-0.017053598538041115,0.04316692054271698,-0.5666666626930237,6.541666507720947,-3.9833333492279053,19.1299991607666,92373.46875,773.4471435546875,1.643858551979065,
1784638418.397358,T,193,4924819,1920897,-0.12449848651885986,0.1388636976480484,-10.371682167053223,-0.0018652373692020774,-0.016254210844635963,0.04316692054271698,-0.550000011920929,6.516666889190674,-3.941666603088379,19.139999389648438,92373.171875,773.4742431640625,1.6378809213638306,
1784638418.4181206,T,194,4924837,1930897,-0.13407529890537262,0.1388636976480484,-10.371682167053223,-0.0013323123566806316,-0.01598774828016758,0.04369984567165375,-0.550000011920929,6.433333396911621,-3.933333396911621,19.1200008392334,92373.625,773.43310546875,1.6418659687042236,
1784638418.435213,T,195,4924857,1940897,-0.12449848651885986,0.12928688526153564,-10.362105369567871,-0.0026646247133612633,-0.01678713597357273,0.042900457978248596,-0.4333333373069763,6.358333110809326,-4.050000190734863,19.100000381469727,92372.84375,773.5029907226562,1.6418659687042236,
1784638418.4512005,T,196,4924873,1950897,-0.1388636976480484,0.1388636976480484,-10.32858657836914,-0.003197549842298031,-0.0173200611025095,0.04316692054271698,-0.375,6.516666889190674,-4.008333206176758,19.1200008392334,92372.421875,773.5409545898438,1.647843599319458,
1784638418.4670694,T,197,4924889,1960897,-0.13407529890537262,0.13407529890537262,-10.390835762023926,-0.0023981621488928795,-0.016254210844635963,0.04369984567165375,-0.3499999940395355,6.558333396911621,-4.0916666984558105,19.1200008392334,92372.359375,773.546875,1.6418659687042236,
1784638418.4832752,T,198,4924905,1970897,-0.13407529890537262,0.15801730751991272,-10.366893768310547,-0.0007993874605745077,-0.016520673409104347,0.04316692054271698,-0.4166666567325592,6.558333396911621,-3.8916666507720947,19.100000381469727,92371.8125,773.5956420898438,1.643858551979065,
1784638418.5010371,T,199,4924921,1980897,-0.14844051003456116,0.15801730751991272,-10.376470565795898,-0.0023981621488928795,-0.0173200611025095,0.04263399541378021,-0.4583333432674408,6.583333492279053,-3.875,19.09000015258789,92371.6015625,773.6146240234375,1.6418659687042236,
1784638418.5187666,T,200,4924939,1990897,-0.15322890877723694,0.14365209639072418,-10.362105369567871,-0.0023981621488928795,-0.015454824082553387,0.04396630823612213,-0.46666666865348816,6.608333110809326,-3.933333396911621,19.110000610351562,92373.265625,773.4650268554688,1.6518288850784302,
1784638418.534966,T,201,4924957,2000897,-0.1388636976480484,0.14844051003456116,-10.376470565795898,-0.0021316998172551394,-0.015454824082553387,0.04369984567165375,-0.4583333432674408,6.541666507720947,-3.933333396911621,19.139999389648438,92373.734375,773.42333984375,1.6498361825942993,
1784638418.550921,T,202,4924973,2010897,-0.1628057211637497,0.15322890877723694,-10.400412559509277,-0.0013323123566806316,-0.017053598538041115,0.042900457978248596,-0.46666666865348816,6.558333396911621,-4.008333206176758,19.170000076293945,92374.421875,773.361572265625,1.6518288850784302,
1784638418.5669303,T,203,4924989,2020897,-0.14365209639072418,0.12449848651885986,-10.347740173339844,-0.0010658499086275697,-0.01678713597357273,0.04476569592952728,-0.4333333373069763,6.516666889190674,-4.133333206176758,19.18000030517578,92374.5390625,773.3512573242188,1.643858551979065,
1784638418.5829594,T,204,4925005,2030897,-0.1388636976480484,0.1388636976480484,-10.366893768310547,-0.0013323123566806316,-0.016520673409104347,0.04476569592952728,-0.3333333432674408,6.558333396911621,-4.008333206176758,19.18000030517578,92373.640625,773.4320068359375,1.6498361825942993,
1784638418.5989525,T,205,4925021,2040897,-0.1388636976480484,0.13407529890537262,-10.35252857208252,-0.0018652373692020774,-0.016254210844635963,0.04369984567165375,-0.550000011920929,6.3416666984558105,-3.9666666984558105,19.18000030517578,92373.671875,773.4292602539062,1.6518288850784302,
1784638418.6179638,T,206,4925037,2050897,-0.15322890877723694,0.14844051003456116,-10.357316970825195,-0.0015987749211490154,-0.016520673409104347,0.04343338683247566,-0.4166666567325592,6.558333396911621,-4.108333110809326,19.190000534057617,92374.78125,773.32958984375,1.6498361825942993,
1784638418.6379125,T,207,4925057,2060897,-0.1388636976480484,0.14365209639072418,-10.38604736328125,-0.0023981621488928795,-0.016520673409104347,0.04343338683247566,-0.4583333432674408,6.541666507720947,-3.9166667461395264,19.190000534057617,92374.3515625,773.3674926757812,1.653821349143982,
1784638418.6552474,T,208,4925077,2070897,-0.15322890877723694,0.13407529890537262,-10.357316970825195,-0.0018652373692020774,-0.01598774828016758,0.04263399541378021,-0.4333333373069763,6.583333492279053,-4.025000095367432,19.200000762939453,92373.875,773.4103393554688,1.653821349143982,
1784638418.670942,T,209,4925093,2080897,-0.15322890877723694,0.1388636976480484,-10.381258964538574,-0.0015987749211490154,-0.015721285715699196,0.04369984567165375,-0.4166666567325592,6.516666889190674,-3.933333396911621,19.200000762939453,92374.046875,773.3951416015625,1.6558139324188232,
1784638418.686935,T,210,4925109,2090897,-0.15322890877723694,0.1388636976480484,-10.362105369567871,-0.0010658499086275697,-0.01598774828016758,0.04316692054271698,-0.3916666805744171,6.599999904632568,-4.108333110809326,19.190000534057617,92374.5234375,773.3523559570312,1.6518288850784302,
1784638418.7029371,T,211,4925125,2100897,-0.14365209639072418,0.14844051003456116,-10.395624160766602,-0.0026646247133612633,-0.01678713597357273,0.04263399541378021,-0.5666666626930237,6.583333492279053,-4.025000095367432,19.200000762939453,92375.0859375,773.3019409179688,1.653821349143982,
1784638418.7189896,T,212,4925141,2110897,-0.16759411990642548,0.1388636976480484,-10.366893768310547,-0.0015987749211490154,-0.016254210844635963,0.04369984567165375,-0.3916666805744171,6.516666889190674,-3.9666666984558105,19.190000534057617,92375.3828125,773.275390625,1.6717544794082642,
1784638418.7349284,T,213,4925157,2120897,-0.15801730751991272,0.15801730751991272,-10.366893768310547,-0.0015987749211490154,-0.016520673409104347,0.042900457978248596,-0.3916666805744171,6.541666507720947,-4.008333206176758,19.200000762939453,92376.109375,773.2098388671875,1.653821349143982,
1784638418.7509644,T,214,4925173,2130897,-0.14844051003456116,0.14844051003456116,-10.362105369567871,-0.0021316998172551394,-0.016254210844635963,0.04369984567165375,-0.4583333432674408,6.608333110809326,-4.025000095367432,19.209999084472656,92374.8515625,773.3230590820312,1.673746943473816,
1784638418.7669375,T,215,4925189,2140897,-0.1388636976480484,0.14365209639072418,-10.405200958251953,-0.0005329249543137848,-0.015721285715699196,0.042900457978248596,-0.3916666805744171,6.558333396911621,-4.025000095367432,19.18000030517578,92375.609375,773.2547607421875,1.6717544794082642,
1784638418.7859714,T,216,4925205,2150897,-0.13407529890537262,0.12928688526153564,-10.35252857208252,-0.0007993874605745077,-0.016520673409104347,0.04369984567165375,-0.4333333373069763,6.516666889190674,-3.9833333492279053,19.1299991607666,92374.84375,773.3241577148438,1.6757395267486572,
1784638418.8028817,T,217,4925225,2160897,-0.1388636976480484,0.1388636976480484,-10.338163375854492,-0.0013323123566806316,-0.0173200611025095,0.04316692054271698,-0.4583333432674408,6.5,-4.050000190734863,19.049999237060547,92372.9375,773.494873046875,1.6578065156936646,
1784638418.8220847,T,218,4925241,2170897,-0.15322890877723694,0.14844051003456116,-10.362105369567871,-0.0023981621488928795,-0.01811944879591465,0.042900457978248596,-0.4833333194255829,6.583333492279053,-3.9666666984558105,18.979999542236328,92372.53125,773.5311889648438,1.6717544794082642,
1784638418.8389204,T,219,4925261,2180897,-0.12449848651885986,0.15322890877723694,-10.35252857208252,-0.0007993874605745077,-0.01598774828016758,0.042900457978248596,-0.6083333492279053,6.608333110809326,-3.9666666984558105,18.940000534057617,92372.015625,773.5777587890625,1.673746943473816,
1784638418.8548734,T,220,4925277,2190897,-0.14365209639072418,0.15322890877723694,-10.347740173339844,-0.0007993874605745077,-0.01678713597357273,0.04263399541378021,-0.4833333194255829,6.516666889190674,-4.008333206176758,18.8700008392334,92373.125,773.4780883789062,1.673746943473816,
1784638418.8708825,T,221,4925293,2200897,-0.14365209639072418,0.14365209639072418,-10.35252857208252,-0.0005329249543137848,-0.016520673409104347,0.04316692054271698,-0.5083333253860474,6.633333206176758,-4.008333206176758,18.8799991607666,92373.109375,773.4796752929688,1.673746943473816,
1784638418.8868847,T,222,4925309,2210897,-0.15801730751991272,0.13407529890537262,-10.347740173339844,-0.0007993874605745077,-0.017586523666977882,0.04316692054271698,-0.5249999761581421,6.633333206176758,-3.9833333492279053,18.950000762939453,92372.484375,773.5355224609375,1.6757395267486572,
1784638418.9028466,T,223,4925325,2220897,-0.14844051003456116,0.14844051003456116,-10.405200958251953,-0.0018652373692020774,-0.0173200611025095,0.04316692054271698,-0.4333333373069763,6.633333206176758,-3.808333396911621,19.010000228881836,92372.03125,773.5756225585938,1.673746943473816,
1784638418.9189372,T,224,4925341,2230897,-0.15801730751991272,0.14365209639072418,-10.381258964538574,-0.0018652373692020774,-0.016254210844635963,0.04316692054271698,-0.5083333253860474,6.633333206176758,-3.9166667461395264,19.049999237060547,92372.9765625,773.4916381835938,1.6757395267486572,
1784638418.9349773,T,225,4925357,2240897,-0.1628057211637497,0.14844051003456116,-10.347740173339844,-0.0007993874605745077,-0.016520673409104347,0.04236753284931183,-0.4166666567325592,6.599999904632568,-4.050000190734863,19.09000015258789,92373.75,773.4216918945312,1.677731990814209,
1784638418.9530842,T,226,4925375,2250897,-0.15322890877723694,0.15801730751991272,-10.347740173339844,-0.0013323123566806316,-0.016254210844635963,0.04369984567165375,-0.4833333194255829,6.633333206176758,-4.008333206176758,19.09000015258789,92373.109375,773.4796752929688,1.677731990814209,
1784638418.9702091,T,227,4925391,2260897,-0.12928688526153564,0.1388636976480484,-10.362105369567871,-0.0023981621488928795,-0.01678713597357273,0.04236753284931183,-0.4333333373069763,6.541666507720947,-3.9833333492279053,19.110000610351562,92373.4453125,773.4493408203125,1.6817171573638916,
1784638418.986983,T,228,4925409,2270897,-0.1628057211637497,0.1628057211637497,-10.366893768310547,-0.0018652373692020774,-0.017053598538041115,0.04343338683247566,-0.4166666567325592,6.541666507720947,-4.066666603088379,19.1200008392334,92373.28125,773.4639892578125,1.6837096214294434,
1784638419.002974,T,229,4925425,2280897,-0.13407529890537262,0.1388636976480484,-10.362105369567871,-0.0026646247133612633,-0.016520673409104347,0.04263399541378021,-0.3333333432674408,6.5,-4.050000190734863,19.110000610351562,92374.1640625,773.3848266601562,1.6837096214294434,
1784638419.02198,T,230,4925441,2290897,-0.12928688526153564,0.14365209639072418,-10.371682167053223,-0.0015987749211490154,-0.01598774828016758,0.04263399541378021,-0.3333333432674408,6.583333492279053,-3.933333396911621,19.100000381469727,92374.734375,773.3339233398438,1.6817171573638916,
1784638419.0388854,T,231,4925461,2300897,-0.11971008777618408,0.14365209639072418,-10.35252857208252,-0.0015987749211490154,-0.015721285715699196,0.04369984567165375,-0.4166666567325592,6.608333110809326,-4.066666603088379,19.06999969482422,92375.3125,773.2818603515625,1.687694787979126,
1784638419.0549517,T,232,4925477,2310897,-0.17238251864910126,0.1149216815829277,-10.342951774597168,0.0005329249543137848,-0.017586523666977882,0.04236753284931183,-0.46666666865348816,6.558333396911621,-4.050000190734863,19.06999969482422,92375.5859375,773.2569580078125,1.687694787979126,
1784638419.070986,T,233,4925493,2320897,-0.13407529890537262,0.11013327538967133,-10.357316970825195,-0.0015987749211490154,-0.016254210844635963,0.04396630823612213,-0.4583333432674408,6.558333396911621,-3.9666666984558105,19.06999969482422,92375.453125,773.2694091796875,1.6996501684188843,
1784638419.0869856,T,234,4925509,2330897,-0.14365209639072418,0.14365209639072418,-10.342951774597168,-0.0010658499086275697,-0.017053598538041115,0.04343338683247566,-0.5916666388511658,6.633333206176758,-4.050000190734863,19.059999465942383,92375.671875,773.2493896484375,1.6857022047042847,
1784638419.108205,T,235,4925525,2340897,-0.14844051003456116,0.14844051003456116,-10.38604736328125,-0.0018652373692020774,-0.017053598538041115,0.044232770800590515,-0.4833333194255829,6.583333492279053,-4.008333206176758,19.059999465942383,92375.671875,773.2493896484375,1.687694787979126,
1784638419.1258752,T,236,4925547,2350897,-0.16759411990642548,0.16759411990642548,-10.338163375854492,-0.0026646247133612633,-0.017053598538041115,0.04316692054271698,-0.5083333253860474,6.633333206176758,-4.025000095367432,19.049999237060547,92376.28125,773.1946411132812,1.7056277990341187,
1784638419.1429667,T,237,4925565,2360897,-0.12449848651885986,0.14365209639072418,-10.35252857208252,-0.0013323123566806316,-0.016520673409104347,0.04263399541378021,-0.4833333194255829,6.583333492279053,-4.008333206176758,19.079999923706055,92376.8046875,773.1474609375,1.7076202630996704,
1784638419.1618798,T,238,4925581,2370897,-0.13407529890537262,0.13407529890537262,-10.347740173339844,-0.0023981621488928795,-0.017586523666977882,0.04316692054271698,-0.375,6.633333206176758,-3.9166667461395264,19.079999923706055,92375.703125,773.2466430664062,1.7076202630996704,
1784638419.1789343,T,239,4925601,2380897,-0.1388636976480484,0.13407529890537262,-10.342951774597168,-0.0021316998172551394,-0.016254210844635963,0.04263399541378021,-0.4166666567325592,6.599999904632568,-4.008333206176758,19.079999923706055,92375.609375,773.2547607421875,1.7116055488586426,
1784638419.1955218,T,240,4925617,2390897,-0.13407529890537262,0.1388636976480484,-10.35252857208252,-0.0021316998172551394,-0.016254210844635963,0.04316692054271698,-0.4333333373069763,6.599999904632568,-4.025000095367432,19.079999923706055,92375.609375,773.2547607421875,1.7096128463745117,
1784638419.2138667,T,241,4925635,2400897,-0.15322890877723694,0.14365209639072418,-10.338163375854492,-0.0026646247133612633,-0.016254210844635963,0.04369984567165375,-0.375,6.583333492279053,-4.050000190734863,19.079999923706055,92375.09375,773.3013916015625,1.7135981321334839,
1784638419.230965,T,242,4925653,2410897,-0.13407529890537262,0.1388636976480484,-10.342951774597168,-0.0026646247133612633,-0.015721285715699196,0.04369984567165375,-0.4833333194255829,6.558333396911621,-4.008333206176758,19.079999923706055,92375.2265625,773.2894897460938,1.7135981321334839,
1784638419.2469757,T,243,4925669,2420897,-0.13407529890537262,0.12928688526153564,-10.357316970825195,-0.0015987749211490154,-0.016520673409104347,0.04369984567165375,-0.46666666865348816,6.5,-4.008333206176758,19.100000381469727,92375.28125,773.2846069335938,1.7135981321334839,
1784638419.2629554,T,244,4925685,2430897,-0.13407529890537262,0.1388636976480484,-10.357316970825195,-0.0018652373692020774,-0.017053598538041115,0.04369984567165375,-0.46666666865348816,6.599999904632568,-4.008333206176758,19.110000610351562,92376.1875,773.2027587890625,1.7155905961990356,
1784638419.2817633,T,245,4925701,2440897,-0.15801730751991272,0.1388636976480484,-10.366893768310547,-0.0015987749211490154,-0.01678713597357273,0.04316692054271698,-0.4833333194255829,6.541666507720947,-4.066666603088379,19.100000381469727,92375.765625,773.2412109375,1.7135981321334839,
1784638419.301866,T,246,4925721,2450897,-0.14844051003456116,0.1388636976480484,-10.357316970825195,-0.0018652373692020774,-0.01598774828016758,0.04316692054271698,-0.4333333373069763,6.650000095367432,-4.108333110809326,19.110000610351562,92376.640625,773.162109375,1.7335236072540283,
1784638419.322866,T,247,4925741,2460897,-0.13407529890537262,0.17238251864910126,-10.376470565795898,0.0,-0.016520673409104347,0.04343338683247566,-0.550000011920929,6.599999904632568,-4.008333206176758,19.139999389648438,92377.15625,773.1165771484375,1.7335236072540283,
1784638419.3389964,T,248,4925761,2470897,-0.15801730751991272,0.15801730751991272,-10.362105369567871,-0.0021316998172551394,-0.01678713597357273,0.042900457978248596,-0.375,6.599999904632568,-3.9833333492279053,19.149999618530273,92376.515625,773.174072265625,1.7355161905288696,
1784638419.3549519,T,249,4925777,2480897,-0.14844051003456116,0.11971008777618408,-10.342951774597168,-0.0021316998172551394,-0.016520673409104347,0.04369984567165375,-0.4166666567325592,6.5,-4.008333206176758,19.139999389648438,92375.40625,773.273193359375,1.737508773803711,
1784638419.370946,T,250,4925793,2490897,-0.14844051003456116,0.14365209639072418,-10.35252857208252,-0.0002664624771568924,-0.017053598538041115,0.04343338683247566,-0.4333333373069763,6.599999904632568,-4.025000095367432,19.139999389648438,92374.6796875,773.3382568359375,1.737508773803711,
1784638419.386926,T,251,4925809,2500897,-0.15801730751991272,0.14365209639072418,-10.347740173339844,-0.0013323123566806316,-0.016254210844635963,0.042900457978248596,-0.4166666567325592,6.583333492279053,-3.9666666984558105,19.149999618530273,92375.8671875,773.2320556640625,1.737508773803711,
1784638419.4061205,T,252,4925825,2510897,-0.15322890877723694,0.1628057211637497,-10.338163375854492,-0.0021316998172551394,-0.01678713597357273,0.04316692054271698,-0.4583333432674408,6.599999904632568,-3.9833333492279053,19.1200008392334,92376.234375,773.198974609375,1.737508773803711,
1784638419.422965,T,253,4925845,2520897,-0.14844051003456116,0.15801730751991272,-10.366893768310547,-0.0010658499086275697,-0.016254210844635963,0.04396630823612213,-0.5083333253860474,6.633333206176758,-3.808333396911621,19.09000015258789,92377.609375,773.075439453125,1.7434862852096558,
1784638419.438967,T,254,4925861,2530897,-0.14365209639072418,0.12928688526153564,-10.347740173339844,-0.0021316998172551394,-0.016520673409104347,0.04396630823612213,-0.4166666567325592,6.474999904632568,-3.8916666507720947,19.09000015258789,92377.359375,773.09765625,1.7355161905288696,
1784638419.454942,T,255,4925877,2540897,-0.14365209639072418,0.14844051003456116,-10.342951774597168,-0.0013323123566806316,-0.0173200611025095,0.04316692054271698,-0.2666666805744171,6.583333492279053,-3.8916666507720947,19.100000381469727,92376.625,773.1637573242188,1.765404462814331,
1784638474.6977205,T,256,4981122,2550897,-0.14365209639072418,0.1388636976480484,-10.342951774597168,-0.0015987749211490154,-0.016254210844635963,0.04343338683247566,-0.2916666567325592,6.583333492279053,-4.066666603088379,19.09000015258789,92376.671875,773.159423828125,1.745478868484497,
1784638474.7136853,T,257,4981138,4930897,-0.15801730751991272,0.15322890877723694,-10.323798179626465,-0.0026646247133612633,-0.014655436389148235,0.04396630823612213,0.008333333767950535,6.583333492279053,-3.8916666507720947,19.459999084472656,92352.359375,775.3413696289062,1.8670247793197632,
1784638474.7297108,T,258,4981154,4940897,-0.16759411990642548,0.1388636976480484,-10.323798179626465,-0.0018652373692020774,-0.014921898953616619,0.04476569592952728,-0.008333333767950535,6.474999904632568,-3.941666603088379,19.40999984741211,92354.140625,775.1820068359375,1.8650321960449219,
1784638474.7498555,T,259,4981170,4950897,-0.14844051003456116,0.13407529890537262,-10.295066833496094,-0.0015987749211490154,-0.015188361518085003,0.042900457978248596,0.02500000037252903,6.516666889190674,-4.025000095367432,19.3799991607666,92354.484375,775.1505737304688,1.8490917682647705,
1784638474.770606,T,260,4981191,4960897,-0.13407529890537262,0.12449848651885986,-10.338163375854492,-0.0026646247133612633,-0.014655436389148235,0.04396630823612213,-0.09166666865348816,6.474999904632568,-3.9166667461395264,19.350000381469727,92354.71875,775.1300048828125,1.8470991849899292,
1784638474.7901843,T,261,4981212,4970897,-0.15322890877723694,0.13407529890537262,-10.319009780883789,-0.0021316998172551394,-0.016254210844635963,0.04396630823612213,0.0,6.650000095367432,-4.066666603088379,19.3799991607666,92354.515625,775.1478881835938,1.8630397319793701,
1784638474.810074,T,262,4981232,4980897,-0.14365209639072418,0.14365209639072418,-10.309432983398438,-0.0018652373692020774,-0.015454824082553387,0.04396630823612213,-0.06666667014360428,6.558333396911621,-3.933333396911621,19.399999618530273,92354.234375,775.1727905273438,1.8470991849899292,
1784638534.7023773,T,263,5041128,4990897,-0.14844051003456116,0.12928688526153564,-10.323798179626465,-0.0015987749211490154,-0.01598774828016758,0.04369984567165375,-0.02500000037252903,6.474999904632568,-3.8333332538604736,19.3700008392334,92352.640625,775.31591796875,1.8670247793197632,
1784638534.7217886,T,264,5041146,5000897,-0.1388636976480484,0.1628057211637497,-10.295066833496094,-0.0010658499086275697,-0.015721285715699196,0.04369984567165375,-0.06666667014360428,6.416666507720947,-4.025000095367432,19.350000381469727,92351.7265625,775.3983154296875,1.8470991849899292,
1784638534.7431738,T,265,5041166,5010897,-0.15322890877723694,0.14365209639072418,-10.309432983398438,-0.0015987749211490154,-0.01678713597357273,0.04369984567165375,-0.05000000074505806,6.474999904632568,-3.933333396911621,19.350000381469727,92352.140625,775.3609008789062,1.8451067209243774,
1784638534.7595422,T,266,5041186,5020897,-0.14844051003456116,0.12928688526153564,-10.295066833496094,-0.0013323123566806316,-0.015721285715699196,0.04396630823612213,-0.06666667014360428,6.458333492279053,-3.941666603088379,19.360000610351562,92352.046875,775.3695678710938,1.8470991849899292,
1784638534.778427,T,267,5041202,5030897,-0.1388636976480484,0.12928688526153564,-10.32858657836914,-0.0026646247133612633,-0.014655436389148235,0.04369984567165375,0.05000000074505806,6.633333206176758,-3.9166667461395264,19.3799991607666,92351.9375,775.3793334960938,1.8670247793197632,
1784638534.8006587,T,268,5041222,5040897,-0.1388636976480484,0.13407529890537262,-10.304644584655762,-0.0013323123566806316,-0.015454824082553387,0.04396630823612213,0.02500000037252903,6.583333492279053,-3.941666603088379,19.389999389648438,92351.296875,775.4373168945312,1.8690173625946045,
1784638594.698412,T,269,5101126,5050897,-0.14365209639072418,0.1628057211637497,-10.299856185913086,-0.0010658499086275697,-0.016520673409104347,0.042900457978248596,-0.09166666865348816,6.458333492279053,-4.108333110809326,19.3799991607666,92350.734375,775.4877319335938,1.8690173625946045,
1784638594.715652,T,270,5101144,5060897,-0.15322890877723694,0.12928688526153564,-10.309432983398438,-0.003197549842298031,-0.014655436389148235,0.044232770800590515,-0.008333333767950535,6.474999904632568,-3.9166667461395264,19.3799991607666,92350.21875,775.5332641601562,1.892928123474121,
1784638594.7347457,T,271,5101162,5070897,-0.1867477297782898,0.13407529890537262,-10.309432983398438,-0.0007993874605745077,-0.016520673409104347,0.042900457978248596,-0.05000000074505806,6.416666507720947,-3.9833333492279053,19.350000381469727,92348.8046875,775.66064453125,1.8710099458694458,
1784638594.754448,T,272,5101180,5080897,-0.1628057211637497,0.14365209639072418,-10.304644584655762,-0.0015987749211490154,-0.015188361518085003,0.044232770800590515,0.02500000037252903,6.458333492279053,-3.933333396911621,19.31999969482422,92348.3125,775.7045288085938,1.8749951124191284,
1784638594.7716706,T,273,5101200,5090897,-0.14844051003456116,0.14365209639072418,-10.333374977111816,-0.003197549842298031,-0.016254210844635963,0.042900457978248596,-0.09166666865348816,6.558333396911621,-3.941666603088379,19.270000457763672,92348.59375,775.6790771484375,1.8710099458694458,
1784638594.7907152,T,274,5101218,5100897,-0.14365209639072418,0.1628057211637497,-10.309432983398438,-0.0023981621488928795,-0.015721285715699196,0.04369984567165375,0.05000000074505806,6.5,-3.9833333492279053,19.260000228881836,92348.8125,775.6600952148438,1.873002529144287,
1784638654.6987722,T,275,5161126,5110897,-0.15801730751991272,0.14844051003456116,-10.314221382141113,-0.0010658499086275697,-0.016254210844635963,0.04369984567165375,0.008333333767950535,6.433333396911621,-3.933333396911621,19.280000686645508,92348.234375,775.7116088867188,1.8749951124191284,
1784638654.7165518,T,276,5161146,5120897,-0.13407529890537262,0.1388636976480484,-10.319009780883789,-0.0026646247133612633,-0.014921898953616619,0.04316692054271698,-0.05000000074505806,6.474999904632568,-3.941666603088379,19.290000915527344,92348.859375,775.65576171875,1.8690173625946045,
1784638654.7345922,T,277,5161164,5130897,-0.12928688526153564,0.15801730751991272,-10.299856185913086,-0.0018652373692020774,-0.01598774828016758,0.044232770800590515,-0.06666667014360428,6.433333396911621,-3.941666603088379,19.270000457763672,92349.15625,775.628662109375,1.8710099458694458,
1784638654.7515578,T,278,5161182,5140897,-0.17238251864910126,0.1388636976480484,-10.304644584655762,-0.0010658499086275697,-0.015454824082553387,0.04343338683247566,0.0,6.5,-3.941666603088379,19.280000686645508,92349.4296875,775.604248046875,1.8650321960449219,
1784638654.7708778,T,279,5161199,5150897,-0.14844051003456116,0.1628057211637497,-10.295066833496094,-0.0015987749211490154,-0.014655436389148235,0.04343338683247566,-0.008333333767950535,6.433333396911621,-3.9166667461395264,19.450000762939453,92349.234375,775.6216430664062,1.8749951124191284,
1784638654.7883391,T,280,5161219,5160897,-0.14365209639072418,0.12928688526153564,-10.338163375854492,-0.0015987749211490154,-0.015454824082553387,0.04369984567165375,-0.008333333767950535,6.583333492279053,-3.9666666984558105,19.65999984741211,92347.375,775.78857421875,1.8710099458694458,
1784638714.6942415,T,281,5221126,5170897,-0.13407529890537262,0.13407529890537262,-10.290278434753418,-0.0018652373692020774,-0.015721285715699196,0.04396630823612213,-0.02500000037252903,6.516666889190674,-3.8499999046325684,19.68000030517578,92348.078125,775.7257080078125,1.873002529144287,
1784638714.714136,T,282,5221144,5180897,-0.14365209639072418,0.14844051003456116,-10.35252857208252,-0.003197549842298031,-0.015454824082553387,0.04396630823612213,0.0,6.5,-3.941666603088379,19.649999618530273,92348.421875,775.6953125,1.8789801597595215,
1784638714.7309213,T,283,5221164,5190897,-0.1628057211637497,0.1149216815829277,-10.338163375854492,-0.0015987749211490154,-0.01598774828016758,0.042900457978248596,0.0,6.5,-3.875,19.6200008392334,92347.46875,775.7804565429688,1.873002529144287,
1784638714.7468045,T,284,5221180,5200897,-0.15801730751991272,0.14365209639072418,-10.309432983398438,-0.0026646247133612633,-0.015721285715699196,0.04476569592952728,0.10833333432674408,6.558333396911621,-3.8916666507720947,19.56999969482422,92350.109375,775.5435791015625,1.8769875764846802,
1784638714.7662468,T,285,5221196,5210897,-0.14844051003456116,0.14844051003456116,-10.299856185913086,-0.0007993874605745077,-0.015454824082553387,0.04476569592952728,-0.008333333767950535,6.541666507720947,-3.9666666984558105,19.5,92352.09375,775.365234375,1.8749951124191284,
1784638714.7868533,T,286,5221216,5220897,-0.14844051003456116,0.13407529890537262,-10.319009780883789,-0.0026646247133612633,-0.015188361518085003,0.04396630823612213,0.0,6.474999904632568,-3.933333396911621,19.479999542236328,92352.1953125,775.3560180664062,1.8789801597595215,
1784638774.6983337,T,287,5281130,5230897,-0.1388636976480484,0.14844051003456116,-10.304644584655762,-0.0021316998172551394,-0.015454824082553387,0.044232770800590515,0.008333333767950535,6.691666603088379,-3.9166667461395264,19.520000457763672,92352.1484375,775.3603515625,1.8789801597595215,
1784638774.7186906,T,288,5281150,5240897,-0.15322890877723694,0.1388636976480484,-10.304644584655762,-0.0023981621488928795,-0.01598774828016758,0.04369984567165375,0.09166666865348816,6.541666507720947,-3.941666603088379,19.559999465942383,92351.7890625,775.3928833007812,1.8710099458694458,
1784638774.7427025,T,289,5281170,5250897,-0.1388636976480484,0.12449848651885986,-10.290278434753418,-0.002931087277829647,-0.014655436389148235,0.045565083622932434,-0.05000000074505806,6.416666507720947,-3.933333396911621,19.559999465942383,92352.9921875,775.2850341796875,1.873002529144287,
1784638774.7616715,T,290,5281196,5260897,-0.1388636976480484,0.1388636976480484,-10.323798179626465,-0.0023981621488928795,-0.016254210844635963,0.0444992333650589,-0.05000000074505806,6.474999904632568,-3.933333396911621,19.530000686645508,92353.640625,775.2265014648438,1.873002529144287,
1784638774.7829785,T,291,5281215,5270897,-0.14365209639072418,0.1388636976480484,-10.338163375854492,-0.0015987749211490154,-0.016254210844635963,0.04369984567165375,-0.02500000037252903,6.516666889190674,-4.008333206176758,19.520000457763672,92354.171875,775.1787719726562,1.8769875764846802,
1784638774.8003058,T,292,5281235,5280897,-0.1628057211637497,0.13407529890537262,-10.309432983398438,-0.0023981621488928795,-0.015454824082553387,0.04369984567165375,-0.05000000074505806,6.316666603088379,-3.933333396911621,19.489999771118164,92352.65625,775.3148193359375,1.873002529144287,
1784638894.6862228,T,293,5401126,5290897,-0.15322890877723694,0.14844051003456116,-10.319009780883789,-0.0026646247133612633,-0.01598774828016758,0.04343338683247566,-0.05000000074505806,6.433333396911621,-3.9666666984558105,19.440000534057617,92352.21875,775.3538818359375,1.8749951124191284,
1784638894.7021933,T,294,5401142,5300897,-0.14365209639072418,0.1388636976480484,-10.280701637268066,-0.0023981621488928795,-0.01598774828016758,0.0444992333650589,0.008333333767950535,6.358333110809326,-3.9666666984558105,19.469999313354492,92352.09375,775.365234375,1.8789801597595215,
1784638894.7181997,T,295,5401158,5310897,-0.15322890877723694,0.11971008777618408,-10.319009780883789,-0.0015987749211490154,-0.014122511260211468,0.044232770800590515,-0.06666667014360428,6.433333396911621,-3.9666666984558105,19.639999389648438,92351.09375,775.4552001953125,1.8670247793197632,
1784638894.737866,T,296,5401174,5320897,-0.1388636976480484,0.13407529890537262,-10.323798179626465,-0.0023981621488928795,-0.014655436389148235,0.04369984567165375,0.02500000037252903,6.516666889190674,-3.875,19.719999313354492,92349.78125,775.5728149414062,1.8690173625946045,
1784638894.755087,T,297,5401195,5330897,-0.15801730751991272,0.13407529890537262,-10.333374977111816,-0.0018652373692020774,-0.015188361518085003,0.044232770800590515,0.06666667014360428,6.516666889190674,-3.8333332538604736,19.75,92348.109375,775.7229614257812,1.8670247793197632,
1784638894.7721107,T,298,5401212,5340897,-0.13407529890537262,0.14844051003456116,-10.290278434753418,-0.0023981621488928795,-0.014122511260211468,0.04316692054271698,0.0,6.358333110809326,-3.8916666507720947,19.809999465942383,92347.9921875,775.7332763671875,1.8690173625946045,
1784638894.7882376,T,299,5401228,5350897,-0.14365209639072418,0.13407529890537262,-10.319009780883789,-0.0026646247133612633,-0.015188361518085003,0.044232770800590515,0.008333333767950535,6.474999904632568,-3.9166667461395264,19.8700008392334,92347.9921875,775.7332763671875,1.8630397319793701,
1784638894.8146586,T,300,5401244,5360897,-0.1628057211637497,0.11971008777618408,-10.309432983398438,-0.0021316998172551394,-0.014921898953616619,0.04396630823612213,0.06666667014360428,6.599999904632568,-3.8333332538604736,19.81999969482422,92348.28125,775.7078247070312,1.8710099458694458,
1784638894.8342776,T,301,5401272,5370897,-0.15322890877723694,0.12449848651885986,-10.333374977111816,-0.0015987749211490154,-0.015721285715699196,0.04476569592952728,0.02500000037252903,6.5,-3.941666603088379,19.739999771118164,92349.1875,775.6259765625,1.8431141376495361,
1784638894.854071,T,302,5401290,5380897,-0.14844051003456116,0.14365209639072418,-10.314221382141113,-0.0034640124067664146,-0.015721285715699196,0.04316692054271698,0.21666666865348816,6.358333110809326,-3.941666603088379,19.690000534057617,92349.3046875,775.6156616210938,1.8630397319793701,
1784638894.8740401,T,303,5401311,5390897,-0.14844051003456116,0.13407529890537262,-10.309432983398438,-0.0021316998172551394,-0.015188361518085003,0.044232770800590515,-0.10833333432674408,6.474999904632568,-3.8333332538604736,19.690000534057617,92349.234375,775.6216430664062,1.8490917682647705,
1784638894.8911886,T,304,5401331,5400897,-0.1628057211637497,0.1388636976480484,-10.32858657836914,-0.0015987749211490154,-0.015188361518085003,0.0444992333650589,-0.02500000037252903,6.433333396911621,-3.808333396911621,19.68000030517578,92350.90625,775.4719848632812,1.8470991849899292,
1784638954.6901395,T,305,5461132,5410897,-0.1388636976480484,0.14365209639072418,-10.304644584655762,-0.0018652373692020774,-0.015188361518085003,0.044232770800590515,-0.05000000074505806,6.416666507720947,-4.025000095367432,19.670000076293945,92350.3671875,775.520263671875,1.8690173625946045,
1784638954.706221,T,306,5461148,5420897,-0.13407529890537262,0.1388636976480484,-10.304644584655762,-0.0015987749211490154,-0.015188361518085003,0.04529862105846405,0.05000000074505806,6.541666507720947,-3.808333396911621,19.639999389648438,92349.03125,775.6400756835938,1.8470991849899292,
1784638954.7261117,T,307,5461164,5430897,-0.15801730751991272,0.14365209639072418,-10.309432983398438,-0.003197549842298031,-0.014921898953616619,0.042900457978248596,0.008333333767950535,6.474999904632568,-3.8499999046325684,19.6200008392334,92349.96875,775.5560302734375,1.8670247793197632,
1784638954.7422745,T,308,5461184,5440897,-0.13407529890537262,0.13407529890537262,-10.299856185913086,-0.0021316998172551394,-0.015454824082553387,0.042900457978248596,-0.05000000074505806,6.458333492279053,-3.941666603088379,19.600000381469727,92350.15625,775.5392456054688,1.8650321960449219,
1784638954.7582538,T,309,5461200,5450897,-0.1388636976480484,0.14844051003456116,-10.304644584655762,-0.0018652373692020774,-0.014921898953616619,0.044232770800590515,-0.02500000037252903,6.474999904632568,-3.8916666507720947,19.639999389648438,92350.4375,775.5137329101562,1.8670247793197632,
1784638954.7741177,T,310,5461216,5460897,-0.15801730751991272,0.14365209639072418,-10.323798179626465,-0.0021316998172551394,-0.015454824082553387,0.04369984567165375,-0.008333333767950535,6.558333396911621,-3.9166667461395264,19.6200008392334,92350.8671875,775.4752807617188,1.8670247793197632,
1784640694.629855,T,311,7201132,5470897,-0.14844051003456116,0.12449848651885986,-10.309432983398438,-0.0018652373692020774,-0.01598774828016758,0.0444992333650589,-0.06666667014360428,6.458333492279053,-3.8333332538604736,19.600000381469727,92350.9765625,775.4655151367188,1.8690173625946045,
1784640694.6475074,T,312,7201154,5480897,-0.1628057211637497,0.12449848651885986,-10.342951774597168,-0.0015987749211490154,-0.015188361518085003,0.044232770800590515,-0.19166666269302368,6.400000095367432,-4.066666603088379,19.549999237060547,92351.21875,775.44384765625,1.8690173625946045,
1784640694.6663284,T,313,7201170,5490897,-0.1388636976480484,0.1388636976480484,-10.299856185913086,-0.0018652373692020774,-0.014921898953616619,0.045565083622932434,-0.05000000074505806,6.5,-3.933333396911621,19.540000915527344,92351.65625,775.40478515625,1.8630397319793701,
1784640694.686723,T,314,7201190,5500897,-0.14844051003456116,0.12928688526153564,-10.314221382141113,-0.002931087277829647,-0.014655436389148235,0.04396630823612213,-0.02500000037252903,6.400000095367432,-3.941666603088379,19.56999969482422,92350.421875,775.515380859375,1.8650321960449219,
1784640694.7112694,T,315,7201210,5510897,-0.14844051003456116,0.12928688526153564,-10.319009780883789,-0.0026646247133612633,-0.015454824082553387,0.04396630823612213,0.0,6.433333396911621,-3.808333396911621,19.600000381469727,92351.0078125,775.4628295898438,1.8670247793197632,
1784640694.7305737,T,316,7201234,5520897,-0.13407529890537262,0.1388636976480484,-10.32858657836914,-0.0023981621488928795,-0.015454824082553387,0.044232770800590515,-0.02500000037252903,6.400000095367432,-3.8916666507720947,19.600000381469727,92351.359375,775.4308471679688,1.8710099458694458,
1784640694.7474577,T,317,7201254,5530897,-0.14844051003456116,0.12928688526153564,-10.295066833496094,-0.0018652373692020774,-0.015188361518085003,0.0444992333650589,-0.10833333432674408,6.383333206176758,-4.025000095367432,19.56999969482422,92351.3125,775.4351806640625,1.8690173625946045,
1784640694.7635274,T,318,7201270,5540897,-0.15322890877723694,0.13407529890537262,-10.314221382141113,-0.0018652373692020774,-0.013856049627065659,0.0444992333650589,-0.06666667014360428,6.400000095367432,-3.7083332538604736,19.520000457763672,92351.671875,775.4031982421875,1.8690173625946045,
1784640694.7795925,T,319,7201286,5550897,-0.14365209639072418,0.1388636976480484,-10.314221382141113,-0.0013323123566806316,-0.015454824082553387,0.0444992333650589,0.0,6.383333206176758,-3.8916666507720947,19.489999771118164,92352.4453125,775.3338012695312,1.8650321960449219,
1784640694.7955685,T,320,7201302,5560897,-0.1628057211637497,0.12449848651885986,-10.299856185913086,-0.0015987749211490154,-0.01598774828016758,0.0444992333650589,0.008333333767950535,6.474999904632568,-3.933333396911621,19.469999313354492,92352.390625,775.3386840820312,1.8670247793197632,
1784640694.811531,T,321,7201318,5570897,-0.12449848651885986,0.15322890877723694,-10.309432983398438,-0.0023981621488928795,-0.01598774828016758,0.044232770800590515,-0.10833333432674408,6.608333110809326,-3.941666603088379,19.459999084472656,92350.9375,775.46875,1.8650321960449219,
1784640694.827658,T,322,7201334,5580897,-0.16759411990642548,0.1388636976480484,-10.299856185913086,-0.002931087277829647,-0.01598774828016758,0.04396630823612213,-0.17499999701976776,6.416666507720947,-4.050000190734863,19.43000030517578,92351.0625,775.4579467773438,1.8630397319793701,
1784640694.8442965,T,323,7201350,5590897,-0.15801730751991272,0.13407529890537262,-10.323798179626465,-0.0018652373692020774,-0.015721285715699196,0.04396630823612213,-0.008333333767950535,6.458333492279053,-3.875,19.40999984741211,92350.90625,775.4719848632812,1.8610471487045288,
1784640694.8664143,T,324,7201368,5600897,-0.1388636976480484,0.13407529890537262,-10.333374977111816,-0.0026646247133612633,-0.015721285715699196,0.04343338683247566,-0.13333334028720856,6.458333492279053,-4.050000190734863,19.420000076293945,92350.609375,775.4985961914062,1.8650321960449219,
1784640694.8834734,T,325,7201390,5610897,-0.15801730751991272,0.12449848651885986,-10.299856185913086,-0.0021316998172551394,-0.015188361518085003,0.04396630823612213,-0.02500000037252903,6.458333492279053,-3.9833333492279053,19.420000076293945,92350.953125,775.4676513671875,1.8650321960449219,
1784640694.8995874,T,326,7201406,5620897,-0.13407529890537262,0.11971008777618408,-10.295066833496094,-0.0026646247133612633,-0.014921898953616619,0.04529862105846405,0.06666667014360428,6.458333492279053,-3.8916666507720947,19.440000534057617,92349.375,775.609130859375,1.8670247793197632,
1784640694.915679,T,327,7201422,5630897,-0.15801730751991272,0.12928688526153564,-10.314221382141113,-0.0023981621488928795,-0.015454824082553387,0.044232770800590515,0.05000000074505806,6.474999904632568,-3.9833333492279053,19.540000915527344,92348.390625,775.6980590820312,1.8650321960449219,
1784640694.931472,T,328,7201438,5640897,-0.14365209639072418,0.12449848651885986,-10.319009780883789,-0.0023981621488928795,-0.014921898953616619,0.0444992333650589,0.0,6.458333492279053,-3.875,19.6200008392334,92348.4609375,775.6909790039062,1.8650321960449219,
1784640694.9474788,T,329,7201454,5650897,-0.14844051003456116,0.12928688526153564,-10.333374977111816,-0.002931087277829647,-0.015188361518085003,0.044232770800590515,-0.05000000074505806,6.3416666984558105,-4.008333206176758,19.59000015258789,92348.109375,775.7229614257812,1.8451067209243774,
1784640694.9635603,T,330,7201470,5660897,-0.1628057211637497,0.12928688526153564,-10.323798179626465,-0.0026646247133612633,-0.015188361518085003,0.04476569592952728,-0.15000000596046448,6.416666507720947,-4.008333206176758,19.549999237060547,92348.296875,775.7061767578125,1.8670247793197632,
1784640694.9824903,T,331,7201486,5670897,-0.15801730751991272,0.14365209639072418,-10.309432983398438,-0.0023981621488928795,-0.015188361518085003,0.04396630823612213,-0.21666666865348816,6.416666507720947,-3.8916666507720947,19.489999771118164,92348.3671875,775.7001953125,1.8630397319793701,
1784640695.0001168,T,332,7201506,5680897,-0.14844051003456116,0.14365209639072418,-10.319009780883789,-0.002931087277829647,-0.01598774828016758,0.04396630823612213,0.0,6.541666507720947,-3.933333396911621,19.549999237060547,92347.03125,775.8194580078125,1.8470991849899292,
1784640695.0223398,T,333,7201524,5690897,-0.15322890877723694,0.12449848651885986,-10.285490036010742,-0.002931087277829647,-0.014655436389148235,0.045032158493995667,-0.008333333767950535,6.583333492279053,-3.875,19.65999984741211,92345.7890625,775.93115234375,1.8431141376495361,
1784640695.0405085,T,334,7201546,5700897,-0.15322890877723694,0.14365209639072418,-10.299856185913086,-0.0021316998172551394,-0.015454824082553387,0.0444992333650589,-0.09166666865348816,6.383333206176758,-3.9166667461395264,19.709999084472656,92345.15625,775.988037109375,1.8451067209243774,
1784640695.0623863,T,335,7201564,5710897,-0.14365209639072418,0.14844051003456116,-10.323798179626465,-0.0037304747384041548,-0.015454824082553387,0.0444992333650589,0.05000000074505806,6.400000095367432,-3.8499999046325684,19.75,92344.9375,776.007568359375,1.8451067209243774,
1784640695.0795536,T,336,7201586,5720897,-0.15322890877723694,0.12449848651885986,-10.309432983398438,-0.0023981621488928795,-0.015188361518085003,0.044232770800590515,0.06666667014360428,6.458333492279053,-3.9833333492279053,19.719999313354492,92345.484375,775.9588012695312,1.8470991849899292,
1784640695.095476,T,337,7201602,5730897,-0.1628057211637497,0.12928688526153564,-10.362105369567871,-0.003197549842298031,-0.014388973824679852,0.045032158493995667,0.15000000596046448,6.416666507720947,-3.875,19.690000534057617,92346.0390625,775.9088745117188,1.8411215543746948,
1784640695.111529,T,338,7201618,5740897,-0.1388636976480484,0.13407529890537262,-10.314221382141113,-0.0015987749211490154,-0.015721285715699196,0.04343338683247566,-0.02500000037252903,6.316666603088379,-4.108333110809326,19.639999389648438,92345.9765625,775.914306640625,1.8431141376495361,
1784640695.1275177,T,339,7201634,5750897,-0.15322890877723694,0.12449848651885986,-10.304644584655762,-0.0021316998172551394,-0.015188361518085003,0.04316692054271698,0.02500000037252903,6.383333206176758,-3.875,19.6200008392334,92346.3984375,775.8764038085938,1.839129090309143,
1784640695.146409,T,340,7201650,5760897,-0.15801730751991272,0.14365209639072418,-10.323798179626465,-0.0021316998172551394,-0.014921898953616619,0.04343338683247566,0.05000000074505806,6.416666507720947,-3.9666666984558105,19.6200008392334,92347.2578125,775.7994384765625,1.8371365070343018,
1784640695.1665003,T,341,7201670,5770897,-0.14365209639072418,0.11971008777618408,-10.314221382141113,-0.0018652373692020774,-0.014655436389148235,0.04396630823612213,0.10833333432674408,6.433333396911621,-3.8333332538604736,19.6299991607666,92346.203125,775.8937377929688,1.8451067209243774,
1784640695.183624,T,342,7201690,5780897,-0.15322890877723694,0.14365209639072418,-10.319009780883789,-0.003197549842298031,-0.014921898953616619,0.04369984567165375,-0.02500000037252903,6.400000095367432,-3.941666603088379,19.68000030517578,92344.984375,776.0032348632812,1.8470991849899292,
1784640695.202484,T,343,7201706,5790897,-0.1628057211637497,0.13407529890537262,-10.299856185913086,-0.0026646247133612633,-0.015188361518085003,0.04343338683247566,0.15000000596046448,6.383333206176758,-3.933333396911621,19.649999618530273,92344.984375,776.0032348632812,1.8431141376495361,
1784640695.2199633,T,344,7201726,5800897,-0.15322890877723694,0.13407529890537262,-10.309432983398438,-0.0015987749211490154,-0.014388973824679852,0.04396630823612213,0.008333333767950535,6.433333396911621,-3.8499999046325684,19.670000076293945,92345.2109375,775.983154296875,1.8470991849899292,
1784640695.2402577,T,345,7201744,5810897,-0.15801730751991272,0.11971008777618408,-10.280701637268066,-0.0026646247133612633,-0.014122511260211468,0.0444992333650589,-0.02500000037252903,6.400000095367432,-3.933333396911621,19.719999313354492,92344.109375,776.0818481445312,1.8411215543746948,
1784640695.2623355,T,346,7201764,5820897,-0.15801730751991272,0.1388636976480484,-10.319009780883789,-0.0021316998172551394,-0.01598774828016758,0.04396630823612213,0.13333334028720856,6.5,-3.9666666984558105,19.739999771118164,92342.9296875,776.1875,1.8451067209243774,
1784640695.27967,T,347,7201786,5830897,-0.15801730751991272,0.14844051003456116,-10.32858657836914,-0.0005329249543137848,-0.015721285715699196,0.04369984567165375,0.06666667014360428,6.383333206176758,-3.808333396911621,19.760000228881836,92342.375,776.2374267578125,1.839129090309143,
1784640695.2986174,T,348,7201802,5840897,-0.17238251864910126,0.12449848651885986,-10.309432983398438,-0.0023981621488928795,-0.016254210844635963,0.044232770800590515,-0.008333333767950535,6.358333110809326,-3.808333396911621,19.8700008392334,92340.9765625,776.3626098632812,1.8451067209243774,
1784640695.315527,T,349,7201822,5850897,-0.14844051003456116,0.12928688526153564,-10.319009780883789,-0.002931087277829647,-0.015721285715699196,0.044232770800590515,-0.008333333767950535,6.458333492279053,-3.8916666507720947,20.020000457763672,92338.9375,776.5458374023438,1.8431141376495361,
1784640695.3315828,T,350,7201838,5860897,-0.15322890877723694,0.14844051003456116,-10.299856185913086,-0.0023981621488928795,-0.015721285715699196,0.045032158493995667,-0.02500000037252903,6.3416666984558105,-3.875,20.1299991607666,92337.703125,776.656982421875,1.8470991849899292,
1784640695.3533428,T,351,7201854,5870897,-0.13407529890537262,0.14365209639072418,-10.290278434753418,-0.002931087277829647,-0.013856049627065659,0.044232770800590515,0.008333333767950535,6.458333492279053,-3.941666603088379,20.079999923706055,92336.453125,776.7691650390625,1.8431141376495361,
1784640695.3708317,T,352,7201876,5880897,-0.14844051003456116,0.11971008777618408,-10.323798179626465,-0.0026646247133612633,-0.014388973824679852,0.044232770800590515,-0.05000000074505806,6.400000095367432,-3.941666603088379,20.020000457763672,92336.1875,776.7930297851562,1.8411215543746948,
1784640695.387637,T,353,7201894,5890897,-0.1628057211637497,0.14365209639072418,-10.319009780883789,-0.0010658499086275697,-0.015188361518085003,0.044232770800590515,-0.10833333432674408,6.474999904632568,-3.75,19.93000030517578,92339.46875,776.4981689453125,1.8431141376495361,
1784640695.4054317,T,354,7201912,5900897,-0.1628057211637497,0.1388636976480484,-10.295066833496094,-0.0026646247133612633,-0.014122511260211468,0.04343338683247566,0.008333333767950535,6.400000095367432,-3.941666603088379,19.850000381469727,92340.578125,776.39892578125,1.839129090309143,
1784640695.4357617,T,355,7201928,5910897,-0.13407529890537262,0.12449848651885986,-10.309432983398438,-0.0013323123566806316,-0.015454824082553387,0.04396630823612213,0.008333333767950535,6.458333492279053,-3.8499999046325684,19.780000686645508,92340.15625,776.4368896484375,1.8431141376495361,
1784640695.451755,T,356,7201958,5920897,-0.15322890877723694,0.12449848651885986,-10.299856185913086,-0.0015987749211490154,-0.015188361518085003,0.044232770800590515,0.02500000037252903,6.416666507720947,-3.7916667461395264,19.729999542236328,92340.453125,776.4097900390625,1.8431141376495361,
1784640695.4695792,T,357,7201976,5930897,-0.14365209639072418,0.12928688526153564,-10.309432983398438,-0.0023981621488928795,-0.015454824082553387,0.04396630823612213,0.05000000074505806,6.358333110809326,-3.933333396911621,19.719999313354492,92341.1875,776.3441772460938,1.8411215543746948,
1784640695.4858844,T,358,7201992,5940897,-0.1628057211637497,0.13407529890537262,-10.295066833496094,-0.002931087277829647,-0.015188361518085003,0.04343338683247566,0.09166666865348816,6.416666507720947,-3.8499999046325684,19.709999084472656,92341.796875,776.2894287109375,1.8451067209243774,
1784640695.5036595,T,359,7202010,5950897,-0.15322890877723694,0.12449848651885986,-10.319009780883789,-0.0005329249543137848,-0.015188361518085003,0.0444992333650589,0.008333333767950535,6.400000095367432,-4.008333206176758,19.670000076293945,92342.6796875,776.2097778320312,1.8431141376495361,
1784640695.519543,T,360,7202026,5960897,-0.15801730751991272,0.14365209639072418,-10.338163375854492,-0.0023981621488928795,-0.016254210844635963,0.04369984567165375,0.008333333767950535,6.5,-3.9166667461395264,19.610000610351562,92344.046875,776.0872192382812,1.8411215543746948,
1784640695.5355353,T,361,7202042,5970897,-0.15322890877723694,0.13407529890537262,-10.271124839782715,-0.0021316998172551394,-0.016520673409104347,0.044232770800590515,0.05000000074505806,6.316666603088379,-3.808333396911621,19.559999465942383,92344.84375,776.0162353515625,1.8670247793197632,
1784640695.5515673,T,362,7202058,5980897,-0.15322890877723694,0.1388636976480484,-10.290278434753418,-0.0015987749211490154,-0.016254210844635963,0.0444992333650589,0.05000000074505806,6.474999904632568,-3.9166667461395264,19.530000686645508,92342.8515625,776.194580078125,1.8470991849899292,
1784640695.5697773,T,363,7202074,5990897,-0.17717093229293823,0.12449848651885986,-10.309432983398438,-0.0026646247133612633,-0.013856049627065659,0.04316692054271698,0.06666667014360428,6.516666889190674,-3.875,19.559999465942383,92343.953125,776.095947265625,1.8470991849899292,
1784640695.5900562,T,364,7202094,6000897,-0.14844051003456116,0.12928688526153564,-10.323798179626465,-0.0021316998172551394,-0.014655436389148235,0.04396630823612213,0.05000000074505806,6.416666507720947,-3.9166667461395264,19.56999969482422,92343.796875,776.1099853515625,1.8470991849899292,
1784640695.6074617,T,365,7202114,6010897,-0.1388636976480484,0.13407529890537262,-10.304644584655762,-0.0023981621488928795,-0.015188361518085003,0.0444992333650589,-0.008333333767950535,6.400000095367432,-4.008333206176758,19.56999969482422,92343.71875,776.1170654296875,1.8451067209243774,
1784640695.6235766,T,366,7202130,6020897,-0.14365209639072418,0.14365209639072418,-10.314221382141113,-0.0021316998172551394,-0.015188361518085003,0.0444992333650589,-0.008333333767950535,6.5,-3.9166667461395264,19.56999969482422,92343.75,776.1143188476562,1.8610471487045288,
1784640695.639496,T,367,7202146,6030897,-0.1628057211637497,0.14365209639072418,-10.319009780883789,-0.0013323123566806316,-0.016254210844635963,0.042900457978248596,0.10833333432674408,6.416666507720947,-3.9833333492279053,19.559999465942383,92342.578125,776.219482421875,1.8431141376495361,
1784640695.6555789,T,368,7202162,6040897,-0.14365209639072418,0.14844051003456116,-10.299856185913086,-0.0021316998172551394,-0.014921898953616619,0.04343338683247566,0.05000000074505806,6.433333396911621,-3.875,19.549999237060547,92343.484375,776.13818359375,1.8470991849899292,
1784640695.6717496,T,369,7202178,6050897,-0.12449848651885986,0.1388636976480484,-10.285490036010742,-0.0005329249543137848,-0.014655436389148235,0.04316692054271698,0.19166666269302368,6.516666889190674,-3.8916666507720947,19.540000915527344,92343.75,776.1143188476562,1.8411215543746948,
1784640695.6896315,T,370,7202196,6060897,-0.14844051003456116,0.14844051003456116,-10.299856185913086,-0.0021316998172551394,-0.015454824082553387,0.044232770800590515,0.15000000596046448,6.458333492279053,-3.933333396911621,19.559999465942383,92345.21875,775.9820556640625,1.8451067209243774,
1784640695.7082503,T,371,7202212,6070897,-0.15322890877723694,0.12928688526153564,-10.295066833496094,-0.0026646247133612633,-0.015188361518085003,0.04316692054271698,0.0,6.516666889190674,-3.8499999046325684,19.559999465942383,92345.015625,776.00048828125,1.8451067209243774,
1784640695.726712,T,372,7202232,6080897,-0.16759411990642548,0.1149216815829277,-10.299856185913086,-0.003197549842298031,-0.015721285715699196,0.04396630823612213,0.05000000074505806,6.3416666984558105,-3.875,19.530000686645508,92346.078125,775.9056396484375,1.8630397319793701,
1784640695.7435496,T,373,7202250,6090897,-0.15801730751991272,0.1388636976480484,-10.319009780883789,-0.0018652373692020774,-0.015454824082553387,0.04369984567165375,0.19166666269302368,6.516666889190674,-3.9666666984558105,19.5,92345.875,775.9235229492188,1.839129090309143,
1784640695.7595627,T,374,7202266,6100897,-0.1628057211637497,0.15322890877723694,-10.299856185913086,-0.0023981621488928795,-0.015454824082553387,0.04316692054271698,0.13333334028720856,6.558333396911621,-3.808333396911621,19.450000762939453,92346.484375,775.8687744140625,1.8431141376495361,
1784640695.7755396,T,375,7202282,6110897,-0.14844051003456116,0.1388636976480484,-10.27591323852539,-0.0013323123566806316,-0.01598774828016758,0.044232770800590515,0.10833333432674408,6.474999904632568,-3.9666666984558105,19.40999984741211,92346.1015625,775.9035034179688,1.8431141376495361,
1784640695.7915506,T,376,7202298,6120897,-0.15322890877723694,0.12449848651885986,-10.32858657836914,-0.0018652373692020774,-0.01598774828016758,0.044232770800590515,0.13333334028720856,6.516666889190674,-3.8333332538604736,19.389999389648438,92346.25,775.889404296875,1.8371365070343018,
1784640695.8075693,T,377,7202314,6130897,-0.15322890877723694,0.15322890877723694,-10.27591323852539,-0.0023981621488928795,-0.01598774828016758,0.04476569592952728,0.05000000074505806,6.358333110809326,-3.8916666507720947,19.399999618530273,92346.2890625,775.8861083984375,1.8331514596939087,
1784640695.82356,T,378,7202330,6140897,-0.16759411990642548,0.13407529890537262,-10.285490036010742,-0.0026646247133612633,-0.015188361518085003,0.044232770800590515,0.13333334028720856,6.541666507720947,-3.933333396911621,19.450000762939453,92345.625,775.9457397460938,1.8411215543746948,
1784640695.8396308,T,379,7202346,6150897,-0.15322890877723694,0.11013327538967133,-10.271124839782715,-0.0026646247133612633,-0.015188361518085003,0.0444992333650589,0.008333333767950535,6.458333492279053,-3.875,19.549999237060547,92344.1796875,776.0758666992188,1.8411215543746948,
1784640695.85561,T,380,7202362,6160897,-0.14844051003456116,0.1388636976480484,-10.304644584655762,-0.0021316998172551394,-0.014655436389148235,0.0444992333650589,-0.008333333767950535,6.516666889190674,-3.875,19.639999389648438,92343.015625,776.179931640625,1.8630397319793701,
1784640695.871783,T,381,7202378,6170897,-0.14844051003456116,0.1388636976480484,-10.304644584655762,-0.0018652373692020774,-0.01598774828016758,0.04476569592952728,-0.09166666865348816,6.458333492279053,-3.875,19.649999618530273,92342.7890625,776.2000122070312,1.8411215543746948,
1784640695.8895211,T,382,7202396,6180897,-0.1628057211637497,0.12928688526153564,-10.319009780883789,-0.0015987749211490154,-0.015188361518085003,0.044232770800590515,-0.06666667014360428,6.416666507720947,-3.9166667461395264,19.610000610351562,92342.6328125,776.2146606445312,1.8411215543746948,
1784640695.9062953,T,383,7202412,6190897,-0.15322890877723694,0.1388636976480484,-10.290278434753418,-0.002931087277829647,-0.015188361518085003,0.0444992333650589,-0.10833333432674408,6.474999904632568,-3.7916667461395264,19.579999923706055,92343.390625,776.1463012695312,1.8371365070343018,
1784640695.923474,T,384,7202430,6200897,-0.1628057211637497,0.12449848651885986,-10.319009780883789,-0.0015987749211490154,-0.015454824082553387,0.04369984567165375,-0.02500000037252903,6.400000095367432,-3.7083332538604736,19.559999465942383,92343.5,776.1365966796875,1.8451067209243774,
1784640695.9400537,T,385,7202446,6210897,-0.12928688526153564,0.12928688526153564,-10.309432983398438,-0.0026646247133612633,-0.01598774828016758,0.0444992333650589,0.0,6.474999904632568,-3.8916666507720947,19.540000915527344,92342.4140625,776.234130859375,1.8411215543746948,
1784640695.9588523,T,386,7202464,6220897,-0.1628057211637497,0.1388636976480484,-10.314221382141113,-0.0023981621488928795,-0.015454824082553387,0.04396630823612213,0.008333333767950535,6.458333492279053,-3.875,19.540000915527344,92342.59375,776.2178955078125,1.8451067209243774,
1784640695.9757574,T,387,7202482,6230897,-0.17238251864910126,0.14365209639072418,-10.309432983398438,-0.0021316998172551394,-0.015454824082553387,0.04369984567165375,0.02500000037252903,6.5,-3.941666603088379,19.520000457763672,92343.6875,776.1197509765625,1.8351439237594604,
1784640695.9935627,T,388,7202500,6240897,-0.14844051003456116,0.13407529890537262,-10.304644584655762,-0.0026646247133612633,-0.015454824082553387,0.04396630823612213,0.05000000074505806,6.433333396911621,-3.8916666507720947,19.520000457763672,92342.6640625,776.2119140625,1.8411215543746948,
1784640696.0098825,T,389,7202516,6250897,-0.15322890877723694,0.13407529890537262,-10.271124839782715,-0.0023981621488928795,-0.014921898953616619,0.04263399541378021,-0.008333333767950535,6.400000095367432,-3.875,19.530000686645508,92342.640625,776.214111328125,1.839129090309143,
1784640696.0276115,T,390,7202534,6260897,-0.14365209639072418,0.13407529890537262,-10.295066833496094,-0.0018652373692020774,-0.015188361518085003,0.04396630823612213,-0.05000000074505806,6.474999904632568,-3.941666603088379,19.540000915527344,92340.8671875,776.3729248046875,1.8431141376495361,
1784640696.0434113,T,391,7202550,6270897,-0.1628057211637497,0.14365209639072418,-10.299856185913086,-0.0013323123566806316,-0.015721285715699196,0.044232770800590515,-0.05000000074505806,6.541666507720947,-3.9166667461395264,19.530000686645508,92341.09375,776.352294921875,1.8431141376495361,
1784640696.0594466,T,392,7202566,6280897,-0.1628057211637497,0.1388636976480484,-10.299856185913086,-0.0013323123566806316,-0.01598774828016758,0.0444992333650589,-0.02500000037252903,6.474999904632568,-3.875,19.510000228881836,92341.078125,776.3539428710938,1.8411215543746948,
1784640696.075648,T,393,7202582,6290897,-0.12928688526153564,0.1388636976480484,-10.290278434753418,-0.0015987749211490154,-0.014655436389148235,0.04343338683247566,-0.10833333432674408,6.358333110809326,-4.025000095367432,19.5,92341.8203125,776.2872924804688,1.8411215543746948,
1784640696.0935252,T,394,7202600,6300897,-0.15801730751991272,0.11971008777618408,-10.319009780883789,-0.0023981621488928795,-0.015454824082553387,0.04343338683247566,0.06666667014360428,6.433333396911621,-3.8916666507720947,19.469999313354492,92341.984375,776.2726440429688,1.8371365070343018,
1784640696.1100948,T,395,7202616,6310897,-0.14844051003456116,0.14844051003456116,-10.295066833496094,-0.0021316998172551394,-0.015721285715699196,0.04476569592952728,0.06666667014360428,6.400000095367432,-3.7916667461395264,19.440000534057617,92342.5,776.2265625,1.8371365070343018,
1784640696.1275873,T,396,7202634,6320897,-0.15801730751991272,0.12449848651885986,-10.314221382141113,-0.0007993874605745077,-0.014921898953616619,0.04396630823612213,0.09166666865348816,6.400000095367432,-3.9166667461395264,19.420000076293945,92342.78125,776.2010498046875,1.839129090309143,
1784640696.1463408,T,397,7202650,6330897,-0.12928688526153564,0.1388636976480484,-10.299856185913086,-0.0021316998172551394,-0.015188361518085003,0.04316692054271698,0.02500000037252903,6.416666507720947,-3.9666666984558105,19.399999618530273,92343.4453125,776.1414794921875,1.8411215543746948,
1784640696.1637645,T,398,7202670,6340897,-0.17238251864910126,0.14365209639072418,-10.309432983398438,-0.0034640124067664146,-0.014388973824679852,0.04316692054271698,0.15000000596046448,6.558333396911621,-3.8333332538604736,19.389999389648438,92343.125,776.170166015625,1.839129090309143,
1784640696.181686,T,399,7202688,6350897,-0.15322890877723694,0.14844051003456116,-10.299856185913086,-0.0018652373692020774,-0.015188361518085003,0.04529862105846405,0.19166666269302368,6.416666507720947,-3.933333396911621,19.389999389648438,92342.734375,776.2048950195312,1.8351439237594604,
1784640696.1996214,T,400,7202706,6360897,-0.15322890877723694,0.13407529890537262,-10.27591323852539,-0.0023981621488928795,-0.01678713597357273,0.04369984567165375,0.09166666865348816,6.474999904632568,-3.8499999046325684,19.389999389648438,92342.2265625,776.2509765625,1.8331514596939087,
1784640696.215471,T,401,7202722,6370897,-0.14844051003456116,0.12928688526153564,-10.299856185913086,-0.0013323123566806316,-0.016254210844635963,0.044232770800590515,0.10833333432674408,6.433333396911621,-3.941666603088379,19.3799991607666,92340.6328125,776.39404296875,1.8351439237594604,
1784640696.2314377,T,402,7202738,6380897,-0.15801730751991272,0.15322890877723694,-10.280701637268066,-0.0013323123566806316,-0.016254210844635963,0.04369984567165375,0.10833333432674408,6.458333492279053,-3.9166667461395264,19.389999389648438,92340.8515625,776.3745727539062,1.8311588764190674,
1784640696.247486,T,403,7202754,6390897,-0.15801730751991272,0.11971008777618408,-10.27591323852539,-0.0026646247133612633,-0.014655436389148235,0.04476569592952728,0.19166666269302368,6.3416666984558105,-3.808333396911621,19.549999237060547,92338.1640625,776.615234375,1.8331514596939087,
1784640696.2635179,T,404,7202770,6400897,-0.1388636976480484,0.12449848651885986,-10.347740173339844,-0.0023981621488928795,-0.01598774828016758,0.04396630823612213,0.06666667014360428,6.400000095367432,-3.8333332538604736,19.68000030517578,92337.328125,776.6906127929688,1.8371365070343018,
1784640696.2795353,T,405,7202786,6410897,-0.15322890877723694,0.13407529890537262,-10.319009780883789,-0.0021316998172551394,-0.015454824082553387,0.04396630823612213,0.02500000037252903,6.416666507720947,-3.8499999046325684,19.68000030517578,92337.765625,776.6510009765625,1.839129090309143,
1784640696.2982066,T,406,7202802,6420897,-0.14844051003456116,0.11971008777618408,-10.295066833496094,-0.0021316998172551394,-0.015721285715699196,0.04343338683247566,0.09166666865348816,6.5,-3.808333396911621,19.6299991607666,92338.7734375,776.5604858398438,1.8351439237594604,
1784640696.3187594,T,407,7202822,6430897,-0.1628057211637497,0.14844051003456116,-10.299856185913086,-0.0023981621488928795,-0.015454824082553387,0.04343338683247566,0.008333333767950535,6.458333492279053,-3.9166667461395264,19.579999923706055,92338.40625,776.5941162109375,1.8311588764190674,
1784640696.3388073,T,408,7202842,6440897,-0.15322890877723694,0.14365209639072418,-10.309432983398438,-0.0021316998172551394,-0.014921898953616619,0.04476569592952728,0.0,6.358333110809326,-3.8916666507720947,19.549999237060547,92338.40625,776.5941162109375,1.8411215543746948,
1784640696.357688,T,409,7202862,6450897,-0.14365209639072418,0.12928688526153564,-10.299856185913086,-0.0018652373692020774,-0.015454824082553387,0.04316692054271698,0.09166666865348816,6.474999904632568,-3.8333332538604736,19.520000457763672,92338.7890625,776.5593872070312,1.8132258653640747,
1784640696.3777843,T,410,7202882,6460897,-0.15322890877723694,0.14844051003456116,-10.285490036010742,-0.0026646247133612633,-0.015721285715699196,0.044232770800590515,0.0,6.433333396911621,-3.8916666507720947,19.489999771118164,92338.4375,776.5908203125,1.8371365070343018,
1784640696.3977172,T,411,7202902,6470897,-0.15322890877723694,0.13407529890537262,-10.280701637268066,-0.0026646247133612633,-0.015454824082553387,0.0444992333650589,-0.15000000596046448,6.3416666984558105,-3.875,19.469999313354492,92338.46875,776.588134765625,1.8331514596939087,
1784640696.4171815,T,412,7202922,6480897,-0.1628057211637497,0.14365209639072418,-10.290278434753418,-0.0018652373692020774,-0.015721285715699196,0.045032158493995667,-0.06666667014360428,6.558333396911621,-3.933333396911621,19.440000534057617,92339.234375,776.519287109375,1.8331514596939087,
1784640696.4349473,T,413,7202940,6490897,-0.16759411990642548,0.13407529890537262,-10.280701637268066,-0.0026646247133612633,-0.015188361518085003,0.042900457978248596,0.02500000037252903,6.3416666984558105,-3.9833333492279053,19.40999984741211,92338.375,776.5968017578125,1.815218448638916,
1784640696.451649,T,414,7202958,6500897,-0.14844051003456116,0.1388636976480484,-10.285490036010742,-0.0005329249543137848,-0.01598774828016758,0.04343338683247566,-0.008333333767950535,6.433333396911621,-4.008333206176758,19.40999984741211,92337.953125,776.634765625,1.8311588764190674,
1784640696.4700422,T,415,7202976,6510897,-0.15801730751991272,0.12928688526153564,-10.280701637268066,-0.0023981621488928795,-0.016520673409104347,0.04396630823612213,-0.008333333767950535,6.433333396911621,-3.8499999046325684,19.40999984741211,92337.859375,776.6428833007812,1.8331514596939087,
1784640696.487657,T,416,7202994,6520897,-0.1388636976480484,0.12928688526153564,-10.295066833496094,-0.0013323123566806316,-0.016520673409104347,0.04343338683247566,0.008333333767950535,6.316666603088379,-3.8499999046325684,19.399999618530273,92337.703125,776.656982421875,1.8351439237594604,
1784640696.5084095,T,417,7203012,6530897,-0.16759411990642548,0.1388636976480484,-10.290278434753418,-0.0010658499086275697,-0.015721285715699196,0.044232770800590515,0.02500000037252903,6.400000095367432,-3.7666666507720947,19.389999389648438,92338.921875,776.5474853515625,1.839129090309143,
1784640696.5301075,T,418,7203032,6540897,-0.15322890877723694,0.12449848651885986,-10.304644584655762,-0.0013323123566806316,-0.015454824082553387,0.042900457978248596,0.13333334028720856,6.383333206176758,-3.8916666507720947,19.3700008392334,92338.890625,776.5501708984375,1.8331514596939087,
1784640696.5476315,T,419,7203054,6550897,-0.14365209639072418,0.14365209639072418,-10.266336441040039,-0.0015987749211490154,-0.01598774828016758,0.04316692054271698,0.0,6.433333396911621,-3.8916666507720947,19.34000015258789,92338.625,776.5745849609375,1.8411215543746948,
1784640696.5658307,T,420,7203072,6560897,-0.15322890877723694,0.13407529890537262,-10.266336441040039,-0.0013323123566806316,-0.015721285715699196,0.045032158493995667,-0.02500000037252903,6.400000095367432,-3.933333396911621,19.31999969482422,92337.8359375,776.64501953125,1.839129090309143,
1784640696.5869257,T,421,7203090,6570897,-0.17238251864910126,0.11971008777618408,-10.290278434753418,-0.0010658499086275697,-0.01598774828016758,0.04396630823612213,0.008333333767950535,6.474999904632568,-3.875,19.290000915527344,92336.84375,776.7344970703125,1.8371365070343018,
1784640696.6040168,T,422,7203110,6580897,-0.14844051003456116,0.14844051003456116,-10.27591323852539,-0.0013323123566806316,-0.015454824082553387,0.04343338683247566,-0.05000000074505806,6.433333396911621,-3.875,19.270000457763672,92336.53125,776.7621459960938,1.8351439237594604,
1784640696.6232336,T,423,7203128,6590897,-0.1388636976480484,0.14844051003456116,-10.309432983398438,-0.0013323123566806316,-0.017053598538041115,0.042900457978248596,0.008333333767950535,6.358333110809326,-3.9166667461395264,19.25,92335.65625,776.8407592773438,1.8371365070343018,
1784640696.6421306,T,424,7203146,6600897,-0.14844051003456116,0.12928688526153564,-10.290278434753418,-0.0026646247133612633,-0.016520673409104347,0.04316692054271698,-0.008333333767950535,6.3416666984558105,-3.8499999046325684,19.239999771118164,92336.703125,776.7469482421875,1.839129090309143,
1784640696.6616652,T,425,7203166,6610897,-0.14844051003456116,0.15801730751991272,-10.261548042297363,-0.0010658499086275697,-0.016254210844635963,0.04343338683247566,0.06666667014360428,6.383333206176758,-3.875,19.25,92336.8203125,776.7361450195312,1.8331514596939087,
1784640696.678298,T,426,7203184,6620897,-0.16759411990642548,0.12928688526153564,-10.285490036010742,-0.0005329249543137848,-0.016254210844635963,0.04396630823612213,0.09166666865348816,6.458333492279053,-3.7916667461395264,19.239999771118164,92335.7421875,776.8331298828125,1.839129090309143,
1784640696.6959376,T,427,7203202,6630897,-0.15322890877723694,0.15801730751991272,-10.290278434753418,-0.0002664624771568924,-0.015721285715699196,0.04316692054271698,0.0,6.458333492279053,-3.8916666507720947,19.229999542236328,92335.96875,776.8125610351562,1.8331514596939087,
1784640696.7171147,T,428,7203220,6640897,-0.1628057211637497,0.14844051003456116,-10.280701637268066,-0.0021316998172551394,-0.01678713597357273,0.04369984567165375,-0.05000000074505806,6.358333110809326,-3.9833333492279053,19.219999313354492,92335.6875,776.8380126953125,1.8351439237594604,
1784640696.735696,T,429,7203240,6650897,-0.15801730751991272,0.1628057211637497,-10.299856185913086,-0.0010658499086275697,-0.016254210844635963,0.04396630823612213,0.09166666865348816,6.383333206176758,-3.875,19.219999313354492,92335.8125,776.8261108398438,1.8311588764190674,
1784640696.7537766,T,430,7203260,6660897,-0.15322890877723694,0.14365209639072418,-10.271124839782715,-0.0021316998172551394,-0.016254210844635963,0.04396630823612213,0.008333333767950535,6.383333206176758,-3.875,19.219999313354492,92335.1328125,776.887939453125,1.8331514596939087,
1784640696.7715359,T,431,7203278,6670897,-0.13407529890537262,0.14365209639072418,-10.280701637268066,-0.0026646247133612633,-0.01598774828016758,0.04369984567165375,0.02500000037252903,6.416666507720947,-3.9166667461395264,19.219999313354492,92335.6875,776.8380126953125,1.8351439237594604,
1784640696.7876503,T,432,7203294,6680897,-0.1628057211637497,0.14844051003456116,-10.323798179626465,-0.0021316998172551394,-0.01678713597357273,0.04369984567165375,0.008333333767950535,6.316666603088379,-4.025000095367432,19.229999542236328,92334.9765625,776.9014892578125,1.8371365070343018,
1784640696.8056543,T,433,7203312,6690897,-0.14365209639072418,0.14365209639072418,-10.251971244812012,-0.0010658499086275697,-0.015721285715699196,0.044232770800590515,-0.02500000037252903,6.316666603088379,-3.8499999046325684,19.25,92335.4453125,776.8597412109375,1.8351439237594604,
1784640696.823527,T,434,7203330,6700897,-0.15322890877723694,0.13407529890537262,-10.271124839782715,-0.0026646247133612633,-0.01598774828016758,0.04316692054271698,-0.008333333767950535,6.3416666984558105,-3.9833333492279053,19.25,92335.71875,776.8353271484375,1.8371365070343018,
1784640696.8400788,T,435,7203346,6710897,-0.16759411990642548,0.12928688526153564,-10.285490036010742,-0.0015987749211490154,-0.01598774828016758,0.04476569592952728,-0.008333333767950535,6.516666889190674,-3.7916667461395264,19.270000457763672,92335.328125,776.8699951171875,1.8351439237594604,
1784640696.8578875,T,436,7203364,6720897,-0.15801730751991272,0.15801730751991272,-10.290278434753418,-0.0013323123566806316,-0.01598774828016758,0.04369984567165375,-0.02500000037252903,6.458333492279053,-3.8916666507720947,19.290000915527344,92334.9140625,776.9074096679688,1.8371365070343018,
1784640696.8763795,T,437,7203382,6730897,-0.16759411990642548,0.12449848651885986,-10.271124839782715,-0.0021316998172551394,-0.01678713597357273,0.042900457978248596,0.06666667014360428,6.5,-3.941666603088379,19.290000915527344,92335.0859375,776.8922729492188,1.8371365070343018,
1784640696.8984094,T,438,7203400,6740897,-0.14844051003456116,0.13407529890537262,-10.27591323852539,-0.0026646247133612633,-0.016520673409104347,0.04396630823612213,0.0,6.458333492279053,-3.875,19.280000686645508,92335.3125,776.87109375,1.8371365070343018,
1784640696.9159389,T,439,7203422,6750897,-0.15322890877723694,0.14844051003456116,-10.285490036010742,-0.0005329249543137848,-0.01598774828016758,0.04396630823612213,0.09166666865348816,6.433333396911621,-4.050000190734863,19.270000457763672,92334.71875,776.9247436523438,1.839129090309143,
1784640696.933849,T,440,7203440,6760897,-0.16759411990642548,0.15322890877723694,-10.271124839782715,-0.0021316998172551394,-0.0173200611025095,0.042900457978248596,-0.13333334028720856,6.416666507720947,-3.8499999046325684,19.270000457763672,92335.546875,776.8505249023438,1.8431141376495361,
1784640696.9518669,T,441,7203458,6770897,-0.16759411990642548,0.15322890877723694,-10.285490036010742,-0.0021316998172551394,-0.015721285715699196,0.04343338683247566,0.008333333767950535,6.383333206176758,-3.9666666984558105,19.270000457763672,92335.84375,776.8234252929688,1.8351439237594604,
1784640696.9701836,T,442,7203476,6780897,-0.1628057211637497,0.14844051003456116,-10.285490036010742,-0.0018652373692020774,-0.017053598538041115,0.04396630823612213,0.09166666865348816,6.400000095367432,-3.8499999046325684,19.260000228881836,92335.640625,776.8423461914062,1.8371365070343018,
1784640696.9877183,T,443,7203494,6790897,-0.1628057211637497,0.1388636976480484,-10.299856185913086,-0.0007993874605745077,-0.016254210844635963,0.04343338683247566,0.008333333767950535,6.5,-4.025000095367432,19.260000228881836,92333.921875,776.996337890625,1.8371365070343018,
1784640697.0075562,T,444,7203512,6800897,-0.15322890877723694,0.14844051003456116,-10.27591323852539,-0.0010658499086275697,-0.01598774828016758,0.04343338683247566,0.22499999403953552,6.433333396911621,-3.875,19.270000457763672,92332.9296875,777.0852661132812,1.8351439237594604,
1784640697.023551,T,445,7203530,6810897,-0.1628057211637497,0.15801730751991272,-10.27591323852539,-0.0015987749211490154,-0.016254210844635963,0.04476569592952728,0.21666666865348816,6.516666889190674,-3.9666666984558105,19.280000686645508,92332.734375,777.1031494140625,1.8351439237594604,
1784640697.0428598,T,446,7203546,6820897,-0.14844051003456116,0.1388636976480484,-10.285490036010742,-0.0015987749211490154,-0.016254210844635963,0.044232770800590515,0.10833333432674408,6.416666507720947,-3.8499999046325684,19.290000915527344,92333.0625,777.0733032226562,1.8371365070343018,
1784640697.0595036,T,447,7203566,6830897,-0.15322890877723694,0.1628057211637497,-10.261548042297363,-0.0007993874605745077,-0.016520673409104347,0.04396630823612213,0.05000000074505806,6.400000095367432,-3.8916666507720947,19.290000915527344,92333.7578125,777.010986328125,1.8331514596939087,
1784640697.075903,T,448,7203582,6840897,-0.15322890877723694,0.14365209639072418,-10.299856185913086,-0.0010658499086275697,-0.017053598538041115,0.044232770800590515,0.02500000037252903,6.358333110809326,-4.050000190734863,19.299999237060547,92333.484375,777.0353393554688,1.8351439237594604,
1784640697.093872,T,449,7203600,6850897,-0.1628057211637497,0.12928688526153564,-10.261548042297363,-0.0005329249543137848,-0.016254210844635963,0.04396630823612213,0.09166666865348816,6.416666507720947,-4.008333206176758,19.309999465942383,92333.609375,777.0239868164062,1.8351439237594604,
1784640697.112063,T,450,7203618,6860897,-0.14844051003456116,0.13407529890537262,-10.27591323852539,-0.0005329249543137848,-0.017053598538041115,0.04476569592952728,0.15000000596046448,6.541666507720947,-4.008333206176758,19.309999465942383,92334.328125,776.9600219726562,1.8371365070343018,
1784640697.1306558,T,451,7203636,6870897,-0.14844051003456116,0.13407529890537262,-10.256759643554688,-0.0018652373692020774,-0.016254210844635963,0.044232770800590515,-0.008333333767950535,6.474999904632568,-3.8499999046325684,19.309999465942383,92334.2890625,776.9632568359375,1.8331514596939087,
1784640697.149143,T,452,7203654,6880897,-0.14365209639072418,0.14844051003456116,-10.285490036010742,-0.0021316998172551394,-0.016254210844635963,0.04236753284931183,0.09166666865348816,6.433333396911621,-3.875,19.31999969482422,92334.5390625,776.9410400390625,1.8371365070343018,
1784640697.1671119,T,453,7203672,6890897,-0.16759411990642548,0.14365209639072418,-10.290278434753418,-0.0013323123566806316,-0.01678713597357273,0.0444992333650589,0.10833333432674408,6.416666507720947,-3.8333332538604736,19.350000381469727,92334.546875,776.9404907226562,1.8311588764190674,
1784640697.1873193,T,454,7203690,6900897,-0.15322890877723694,0.1388636976480484,-10.280701637268066,-0.0018652373692020774,-0.016520673409104347,0.04316692054271698,0.09166666865348816,6.416666507720947,-3.9166667461395264,19.329999923706055,92334.6875,776.927490234375,1.8331514596939087,
1784640697.2056093,T,455,7203712,6910897,-0.1388636976480484,0.13407529890537262,-10.285490036010742,-0.0023981621488928795,-0.015721285715699196,0.0444992333650589,0.15000000596046448,6.458333492279053,-3.8499999046325684,19.309999465942383,92333.9453125,776.994140625,1.8331514596939087,
1784640697.2237046,T,456,7203728,6920897,-0.17238251864910126,0.14365209639072418,-10.27591323852539,-0.0005329249543137848,-0.016520673409104347,0.04343338683247566,0.02500000037252903,6.433333396911621,-3.9166667461395264,19.290000915527344,92333.75,777.0115356445312,1.8331514596939087,
1784640697.2417197,T,457,7203748,6930897,-0.15322890877723694,0.14844051003456116,-10.251971244812012,-0.0010658499086275697,-0.015721285715699196,0.04369984567165375,0.10833333432674408,6.541666507720947,-3.9166667461395264,19.280000686645508,92334.078125,776.9822387695312,1.8371365070343018,
1784640697.2597902,T,458,7203766,6940897,-0.15322890877723694,0.14365209639072418,-10.237606048583984,-0.0007993874605745077,-0.017053598538041115,0.04316692054271698,0.0,6.416666507720947,-3.9166667461395264,19.280000686645508,92333.765625,777.0104370117188,1.8431141376495361,
1784640697.2774925,T,459,7203784,6950897,-0.15322890877723694,0.13407529890537262,-10.285490036010742,-0.0018652373692020774,-0.016520673409104347,0.04343338683247566,0.0,6.383333206176758,-3.8499999046325684,19.290000915527344,92332.984375,777.0803833007812,1.8371365070343018,
1784640697.2943733,T,460,7203800,6960897,-0.15801730751991272,0.14365209639072418,-10.27591323852539,-0.0013323123566806316,-0.016254210844635963,0.04316692054271698,0.09166666865348816,6.433333396911621,-3.9666666984558105,19.299999237060547,92332.625,777.1129150390625,1.8371365070343018,
1784640697.3116748,T,461,7203818,6970897,-0.17238251864910126,0.14365209639072418,-10.261548042297363,-0.0010658499086275697,-0.015188361518085003,0.04396630823612213,0.06666667014360428,6.433333396911621,-3.933333396911621,19.31999969482422,92333.6796875,777.0180053710938,1.8351439237594604,
1784640697.329817,T,462,7203836,6980897,-0.1628057211637497,0.12928688526153564,-10.27591323852539,-0.0010658499086275697,-0.016254210844635963,0.04396630823612213,0.13333334028720856,6.458333492279053,-3.8499999046325684,19.329999923706055,92333.65625,777.0202026367188,1.8411215543746948,
1784640697.3477623,T,463,7203854,6990897,-0.1388636976480484,0.14844051003456116,-10.290278434753418,-0.0010658499086275697,-0.01678713597357273,0.04343338683247566,0.10833333432674408,6.416666507720947,-3.875,19.34000015258789,92332.1875,777.1519165039062,1.8451067209243774,
1784640697.3666995,T,464,7203872,7000897,-0.15801730751991272,0.15801730751991272,-10.256759643554688,-0.0013323123566806316,-0.01678713597357273,0.04343338683247566,0.09166666865348816,6.433333396911621,-3.8916666507720947,19.329999923706055,92333.3125,777.0510864257812,1.8411215543746948,
1784640697.3862593,T,465,7203892,7010897,-0.1628057211637497,0.12928688526153564,-10.290278434753418,-0.0007993874605745077,-0.016254210844635963,0.044232770800590515,0.05000000074505806,6.358333110809326,-3.933333396911621,19.329999923706055,92330.921875,777.2657470703125,1.8431141376495361,
1784640697.4035766,T,466,7203910,7020897,-0.14365209639072418,0.14844051003456116,-10.27591323852539,-0.0002664624771568924,-0.015721285715699196,0.04263399541378021,0.09166666865348816,6.433333396911621,-3.7666666507720947,19.34000015258789,92331.375,777.22509765625,1.8351439237594604,
1784640697.4215052,T,467,7203928,7030897,-0.1628057211637497,0.13407529890537262,-10.299856185913086,-0.0013323123566806316,-0.016254210844635963,0.042900457978248596,0.05000000074505806,6.3416666984558105,-3.7916667461395264,19.350000381469727,92331.796875,777.1866455078125,1.8371365070343018,
1784640697.4386399,T,468,7203944,7040897,-0.14365209639072418,0.13407529890537262,-10.256759643554688,-0.0010658499086275697,-0.01678713597357273,0.042900457978248596,0.09166666865348816,6.416666507720947,-3.8916666507720947,19.329999923706055,92331.640625,777.2012329101562,1.839129090309143,
1784640697.4576352,T,469,7203962,7050897,-0.15322890877723694,0.1388636976480484,-10.27591323852539,-0.0018652373692020774,-0.015721285715699196,0.044232770800590515,0.06666667014360428,6.458333492279053,-3.933333396911621,19.31999969482422,92330.453125,777.3080444335938,1.8371365070343018,
1784640697.4754128,T,470,7203982,7060897,-0.12928688526153564,0.11971008777618408,-10.299856185913086,-0.0010658499086275697,-0.0173200611025095,0.04316692054271698,-0.008333333767950535,6.433333396911621,-3.9166667461395264,19.31999969482422,92329.765625,777.3693237304688,1.8470991849899292,
1784640697.4918833,T,471,7203998,7070897,-0.14365209639072418,0.12449848651885986,-10.261548042297363,-0.0015987749211490154,-0.01678713597357273,0.04316692054271698,0.21666666865348816,6.358333110809326,-3.7666666507720947,19.31999969482422,92330.9296875,777.2647094726562,1.8371365070343018,
1784640697.5096073,T,472,7204016,7080897,-0.15322890877723694,0.14844051003456116,-10.256759643554688,-0.0007993874605745077,-0.016520673409104347,0.04369984567165375,0.13333334028720856,6.474999904632568,-3.8916666507720947,19.309999465942383,92330.6796875,777.2869262695312,1.839129090309143,
1784640697.5273721,T,473,7204034,7090897,-0.14365209639072418,0.1628057211637497,-10.251971244812012,-0.0015987749211490154,-0.017053598538041115,0.04343338683247566,0.15000000596046448,6.400000095367432,-3.933333396911621,19.309999465942383,92330.03125,777.345458984375,1.839129090309143,
1784640697.5436797,T,474,7204050,7100897,-0.16759411990642548,0.1388636976480484,-10.290278434753418,-0.0007993874605745077,-0.01678713597357273,0.04476569592952728,0.0,6.416666507720947,-3.933333396911621,19.329999923706055,92330.359375,777.316162109375,1.8351439237594604,
1784640697.5619411,T,475,7204068,7110897,-0.1628057211637497,0.15322890877723694,-10.299856185913086,-0.0005329249543137848,-0.01678713597357273,0.04316692054271698,0.15000000596046448,6.458333492279053,-3.9166667461395264,19.329999923706055,92330.53125,777.301025390625,1.8351439237594604,
1784640697.5834067,T,476,7204086,7120897,-0.15322890877723694,0.14365209639072418,-10.280701637268066,-0.0005329249543137848,-0.01598774828016758,0.044232770800590515,0.05000000074505806,6.516666889190674,-3.941666603088379,19.31999969482422,92330.15625,777.3341064453125,1.839129090309143,
1784640697.602978,T,477,7204106,7130897,-0.17238251864910126,0.11971008777618408,-10.290278434753418,-0.0002664624771568924,-0.0173200611025095,0.0444992333650589,0.10833333432674408,6.300000190734863,-3.933333396911621,19.31999969482422,92330.96875,777.2614135742188,1.8371365070343018,
1784640697.6221087,T,478,7204126,7140897,-0.14844051003456116,0.14365209639072418,-10.261548042297363,-0.0015987749211490154,-0.016254210844635963,0.04369984567165375,0.09166666865348816,6.3416666984558105,-3.7249999046325684,19.309999465942383,92330.296875,777.3215942382812,1.8371365070343018,
1784640697.6395776,T,479,7204146,7150897,-0.15801730751991272,0.1388636976480484,-10.280701637268066,-0.0005329249543137848,-0.01598774828016758,0.04396630823612213,0.02500000037252903,6.516666889190674,-3.8499999046325684,19.299999237060547,92331.25,777.2359619140625,1.8371365070343018,
1784640697.6574597,T,480,7204162,7160897,-0.15801730751991272,0.1628057211637497,-10.261548042297363,-0.0023981621488928795,-0.016254210844635963,0.0444992333650589,0.17499999701976776,6.358333110809326,-3.8916666507720947,19.299999237060547,92331.078125,777.2516479492188,1.839129090309143,
1784640697.6739945,T,481,7204180,7170897,-0.17238251864910126,0.14844051003456116,-10.271124839782715,-0.0005329249543137848,-0.016520673409104347,0.042900457978248596,0.19166666269302368,6.5,-3.7666666507720947,19.299999237060547,92332.4609375,777.1275024414062,1.8371365070343018,
1784640697.6915061,T,482,7204198,7180897,-0.14365209639072418,0.14844051003456116,-10.285490036010742,0.0,-0.017053598538041115,0.04343338683247566,0.06666667014360428,6.383333206176758,-3.8916666507720947,19.299999237060547,92331.46875,777.2164306640625,1.839129090309143,
1784640697.7085726,T,483,7204214,7190897,-0.14365209639072418,0.12928688526153564,-10.266336441040039,-0.0013323123566806316,-0.016520673409104347,0.044232770800590515,0.25,6.358333110809326,-3.8916666507720947,19.31999969482422,92331.3125,777.2305297851562,1.839129090309143,
1784640697.7272651,T,484,7204232,7200897,-0.14365209639072418,0.15322890877723694,-10.256759643554688,-0.0023981621488928795,-0.016520673409104347,0.044232770800590515,0.22499999403953552,6.383333206176758,-3.8499999046325684,19.360000610351562,92332.125,777.1578979492188,1.839129090309143,
1784640754.6213489,T,485,7261126,7210897,-0.15801730751991272,0.14844051003456116,-10.285490036010742,-0.0010658499086275697,-0.016520673409104347,0.04343338683247566,0.02500000037252903,6.358333110809326,-3.9166667461395264,19.3700008392334,92332.5390625,777.1204833984375,1.8431141376495361,
1784640754.637846,T,486,7261146,7220897,-0.14844051003456116,0.12449848651885986,-10.285490036010742,-0.0013323123566806316,-0.017586523666977882,0.042900457978248596,0.0,6.300000190734863,-3.8916666507720947,19.3700008392334,92332.375,777.1351318359375,1.8351439237594604,
1784640754.6549823,T,487,7261164,7230897,-0.1628057211637497,0.14844051003456116,-10.285490036010742,-0.0021316998172551394,-0.016520673409104347,0.04369984567165375,0.008333333767950535,6.433333396911621,-3.875,19.3799991607666,92332.109375,777.1589965820312,1.839129090309143,
1784640754.6709397,T,488,7261180,7240897,-0.15322890877723694,0.13407529890537262,-10.290278434753418,-0.0010658499086275697,-0.016254210844635963,0.044232770800590515,0.13333334028720856,6.258333206176758,-3.9166667461395264,19.399999618530273,92331.390625,777.2235107421875,1.8411215543746948,
1784640754.6869895,T,489,7261196,7250897,-0.15801730751991272,0.14844051003456116,-10.27591323852539,-0.0010658499086275697,-0.016254210844635963,0.04369984567165375,0.05000000074505806,6.583333492279053,-3.9666666984558105,19.40999984741211,92332.3203125,777.1405639648438,1.839129090309143,
1784640754.7034261,T,490,7261212,7260897,-0.15801730751991272,0.13407529890537262,-10.290278434753418,-0.0005329249543137848,-0.0173200611025095,0.04396630823612213,0.17499999701976776,6.474999904632568,-3.8499999046325684,19.440000534057617,92332.6328125,777.11181640625,1.8470991849899292,
1784641055.033834,T,491,7561188,7270897,-0.15801730751991272,0.14365209639072418,-10.27591323852539,-0.0018652373692020774,-0.015454824082553387,0.04343338683247566,0.17499999701976776,6.383333206176758,-3.9833333492279053,19.459999084472656,92331.734375,777.193115234375,1.8690173625946045,
1784641055.3847764,T,492,7561572,7280897,-0.15322890877723694,0.14365209639072418,-10.266336441040039,-0.0010658499086275697,-0.015454824082553387,0.0444992333650589,0.2666666805744171,6.474999904632568,-3.7666666507720947,19.469999313354492,92331.8125,777.185546875,1.8650321960449219,
1784641055.512183,T,493,7561922,7290897,-0.1388636976480484,0.13407529890537262,-10.285490036010742,-0.0015987749211490154,-0.015721285715699196,0.04396630823612213,0.19166666269302368,6.316666603088379,-4.008333206176758,19.459999084472656,92332.6875,777.10693359375,1.8650321960449219,
1784641055.549908,T,494,7562050,7300897,-0.16759411990642548,0.14844051003456116,-10.295066833496094,-0.0013323123566806316,-0.01598774828016758,0.04369984567165375,0.06666667014360428,6.3416666984558105,-4.0916666984558105,19.5,92330.921875,777.2657470703125,1.8670247793197632,
1784641055.5753994,T,495,7562088,7310897,-0.14844051003456116,0.13407529890537262,-10.27591323852539,-0.0013323123566806316,-0.016520673409104347,0.045032158493995667,0.05000000074505806,6.416666507720947,-3.7666666507720947,19.510000228881836,92331.453125,777.2180786132812,1.8431141376495361,
1784641055.6133368,T,496,7562112,7320897,-0.14365209639072418,0.1388636976480484,-10.261548042297363,-0.0021316998172551394,-0.015721285715699196,0.0444992333650589,0.10833333432674408,6.416666507720947,-3.7249999046325684,19.510000228881836,92331.25,777.2359619140625,1.8630397319793701,
1784641055.6308665,T,497,7562150,7330897,-0.15322890877723694,0.12928688526153564,-10.27591323852539,-0.0005329249543137848,-0.01598774828016758,0.042900457978248596,0.02500000037252903,6.433333396911621,-3.875,19.520000457763672,92331.359375,777.2261962890625,1.8710099458694458,
1784641055.6483026,T,498,7562168,7340897,-0.1388636976480484,0.1628057211637497,-10.27591323852539,-0.0007993874605745077,-0.015188361518085003,0.04369984567165375,0.06666667014360428,6.3416666984558105,-3.8333332538604736,19.530000686645508,92329.71875,777.3736572265625,1.8690173625946045,
1784641055.6903188,T,499,7562186,7350897,-0.15801730751991272,0.12928688526153564,-10.247182846069336,-0.0005329249543137848,-0.016520673409104347,0.04396630823612213,0.15000000596046448,6.383333206176758,-3.875,19.530000686645508,92329.5859375,777.3855590820312,1.8431141376495361,
1784641055.715061,T,500,7562228,7360897,-0.14844051003456116,0.15322890877723694,-10.271124839782715,-0.0015987749211490154,-0.016520673409104347,0.04316692054271698,0.17499999701976776,6.416666507720947,-3.8499999046325684,19.530000686645508,92331.0,777.2587280273438,1.8451067209243774,
1784641055.7366757,T,501,7562254,7370897,-0.14844051003456116,0.1388636976480484,-10.280701637268066,-0.0018652373692020774,-0.016520673409104347,0.044232770800590515,0.25,6.416666507720947,-3.7666666507720947,19.540000915527344,92330.3125,777.3204956054688,1.8470991849899292,
1784641055.7542048,T,502,7562274,7380897,-0.14844051003456116,0.12449848651885986,-10.261548042297363,-0.0002664624771568924,-0.016520673409104347,0.04396630823612213,0.008333333767950535,6.458333492279053,-3.808333396911621,19.530000686645508,92329.9296875,777.3546752929688,1.8411215543746948,
1784641055.775592,T,503,7562292,7390897,-0.1628057211637497,0.14844051003456116,-10.27591323852539,-0.0015987749211490154,-0.01598774828016758,0.04396630823612213,0.09166666865348816,6.458333492279053,-3.9166667461395264,19.520000457763672,92329.09375,777.4295043945312,1.8431141376495361,
1784641055.7967796,T,504,7562314,7400897,-0.16759411990642548,0.14844051003456116,-10.251971244812012,-0.0005329249543137848,-0.015721285715699196,0.04369984567165375,0.0,6.516666889190674,-3.9666666984558105,19.510000228881836,92327.59375,777.5645141601562,1.8451067209243774,
1784641055.8193257,T,505,7562334,7410897,-0.15322890877723694,0.1149216815829277,-10.290278434753418,-0.0018652373692020774,-0.015721285715699196,0.044232770800590515,0.10833333432674408,6.400000095367432,-3.9166667461395264,19.5,92326.53125,777.659912109375,1.839129090309143,
1784641055.835574,T,506,7562356,7420897,-0.181959331035614,0.13407529890537262,-10.280701637268066,-0.0010658499086275697,-0.017053598538041115,0.04369984567165375,0.09166666865348816,6.383333206176758,-3.8499999046325684,19.510000228881836,92326.09375,777.6989135742188,1.8431141376495361,
1784641055.8549583,T,507,7562372,7430897,-0.15801730751991272,0.14844051003456116,-10.295066833496094,-0.0018652373692020774,-0.016254210844635963,0.04396630823612213,0.15000000596046448,6.3416666984558105,-4.025000095367432,19.510000228881836,92325.875,777.718994140625,1.8650321960449219,
1784641055.875047,T,508,7562392,7440897,-0.15322890877723694,0.14365209639072418,-10.251971244812012,-0.0013323123566806316,-0.0173200611025095,0.04343338683247566,0.17499999701976776,6.383333206176758,-3.9166667461395264,19.510000228881836,92325.703125,777.7341918945312,1.8431141376495361,
1784641055.9077146,T,509,7562412,7450897,-0.15801730751991272,0.13407529890537262,-10.295066833496094,-0.0007993874605745077,-0.016254210844635963,0.04369984567165375,0.17499999701976776,6.474999904632568,-3.7916667461395264,19.6200008392334,92324.015625,777.8854370117188,1.839129090309143,
1784641055.929211,T,510,7562446,7460897,-0.15801730751991272,0.15322890877723694,-10.24239444732666,0.0005329249543137848,-0.016520673409104347,0.04396630823612213,0.10833333432674408,6.458333492279053,-3.8499999046325684,19.6299991607666,92323.140625,777.9640502929688,1.8431141376495361,
1784641055.9474409,T,511,7562468,7470897,-0.14365209639072418,0.14365209639072418,-10.271124839782715,-0.0015987749211490154,-0.016254210844635963,0.04369984567165375,0.06666667014360428,6.433333396911621,-3.9166667461395264,19.600000381469727,92322.140625,778.0535278320312,1.8431141376495361,
1784641055.9721658,T,512,7562484,7480897,-0.17238251864910126,0.13407529890537262,-10.261548042297363,-0.0010658499086275697,-0.01678713597357273,0.04396630823612213,0.15000000596046448,6.474999904632568,-3.9666666984558105,19.579999923706055,92322.421875,778.028564453125,1.8451067209243774,
1784641055.9926567,T,513,7562510,7490897,-0.12928688526153564,0.13407529890537262,-10.266336441040039,-0.0018652373692020774,-0.016254210844635963,0.04369984567165375,0.3083333373069763,6.583333492279053,-3.8333332538604736,19.6299991607666,92321.3828125,778.1223754882812,1.8351439237594604,
1784641056.0142775,T,514,7562530,7500897,-0.1628057211637497,0.12928688526153564,-10.295066833496094,0.0002664624771568924,-0.016520673409104347,0.04369984567165375,0.15000000596046448,6.416666507720947,-3.941666603088379,19.6299991607666,92320.734375,778.1803588867188,1.839129090309143,
1784641056.0362208,T,515,7562552,7510897,-0.14844051003456116,0.14365209639072418,-10.27591323852539,-0.0018652373692020774,-0.015721285715699196,0.04369984567165375,0.06666667014360428,6.416666507720947,-3.7666666507720947,19.610000610351562,92321.015625,778.1549072265625,1.8371365070343018,
1784641056.0711086,T,516,7562574,7520897,-0.14844051003456116,0.1388636976480484,-10.285490036010742,-0.0021316998172551394,-0.015721285715699196,0.04316692054271698,0.0,6.400000095367432,-3.9166667461395264,19.59000015258789,92321.6875,778.0947265625,1.8331514596939087,
1784641056.087727,T,517,7562608,7530897,-0.17717093229293823,0.14365209639072418,-10.280701637268066,-0.0013323123566806316,-0.017852986231446266,0.04396630823612213,0.0,6.416666507720947,-3.8916666507720947,19.59000015258789,92321.515625,778.1099243164062,1.8411215543746948,
1784641056.105996,T,518,7562626,7540897,-0.17238251864910126,0.12449848651885986,-10.27591323852539,-0.0018652373692020774,-0.015188361518085003,0.0444992333650589,-0.008333333767950535,6.383333206176758,-3.941666603088379,19.639999389648438,92320.640625,778.1885375976562,1.815218448638916,
1784641056.1234143,T,519,7562644,7550897,-0.16759411990642548,0.14365209639072418,-10.280701637268066,-0.0021316998172551394,-0.01598774828016758,0.04396630823612213,0.06666667014360428,6.416666507720947,-3.875,19.6200008392334,92321.3125,778.1283569335938,1.839129090309143,
1784641056.1398253,T,520,7562660,7560897,-0.14844051003456116,0.14365209639072418,-10.27591323852539,-0.0010658499086275697,-0.01598774828016758,0.04316692054271698,0.10833333432674408,6.3416666984558105,-3.8499999046325684,19.59000015258789,92320.6171875,778.190673828125,1.8132258653640747,
1784641294.5943472,T,521,7801124,7570897,-0.14365209639072418,0.13407529890537262,-10.290278434753418,-0.0018652373692020774,-0.01598774828016758,0.04369984567165375,0.0,6.383333206176758,-3.7916667461395264,19.579999923706055,92319.1640625,778.32080078125,1.8411215543746948,
1784641294.6102784,T,522,7801140,7580897,-0.15322890877723694,0.12928688526153564,-10.304644584655762,-0.0010658499086275697,-0.015721285715699196,0.04396630823612213,0.09166666865348816,6.5,-3.9166667461395264,19.6299991607666,92319.703125,778.2725830078125,1.8132258653640747,
1784641294.6268904,T,523,7801156,7590897,-0.15322890877723694,0.12449848651885986,-10.285490036010742,-0.0013323123566806316,-0.016254210844635963,0.04316692054271698,0.06666667014360428,6.400000095367432,-3.9166667461395264,19.639999389648438,92319.640625,778.2785034179688,1.8351439237594604,
1784641294.657484,T,524,7801174,7600897,-0.15801730751991272,0.1388636976480484,-10.290278434753418,-0.0013323123566806316,-0.015721285715699196,0.0444992333650589,0.008333333767950535,6.400000095367432,-3.625,19.690000534057617,92320.4375,778.2069702148438,1.8411215543746948,
1784641294.6744816,T,525,7801204,7610897,-0.1628057211637497,0.13407529890537262,-10.285490036010742,-0.0018652373692020774,-0.01598774828016758,0.04396630823612213,0.17499999701976776,6.433333396911621,-3.941666603088379,19.690000534057617,92320.015625,778.244873046875,1.8371365070343018,
1784641294.6903358,T,526,7801220,7620897,-0.15322890877723694,0.12449848651885986,-10.271124839782715,-0.0021316998172551394,-0.015454824082553387,0.04343338683247566,0.15000000596046448,6.383333206176758,-3.8333332538604736,19.670000076293945,92318.453125,778.3853149414062,1.8371365070343018,
1784641294.7098436,T,527,7801236,7630897,-0.16759411990642548,0.1388636976480484,-10.27591323852539,-0.0007993874605745077,-0.016254210844635963,0.04316692054271698,0.13333334028720856,6.358333110809326,-3.75,19.68000030517578,92317.84375,778.4395751953125,1.8371365070343018,
1784641294.726521,T,528,7801256,7640897,-0.13407529890537262,0.14844051003456116,-10.314221382141113,-0.0015987749211490154,-0.014921898953616619,0.04316692054271698,0.13333334028720856,6.383333206176758,-3.7249999046325684,19.65999984741211,92318.4609375,778.3842163085938,1.8371365070343018,
1784641294.743068,T,529,7801272,7650897,-0.15801730751991272,0.13407529890537262,-10.295066833496094,-0.0015987749211490154,-0.015721285715699196,0.045032158493995667,0.21666666865348816,6.474999904632568,-3.808333396911621,19.649999618530273,92319.0390625,778.332763671875,1.8331514596939087,
1784641294.7620418,T,530,7801290,7660897,-0.15801730751991272,0.14365209639072418,-10.285490036010742,-0.0018652373692020774,-0.015188361518085003,0.04396630823612213,0.09166666865348816,6.316666603088379,-3.8499999046325684,19.649999618530273,92317.6640625,778.455810546875,1.8371365070343018,
1784641294.7789402,T,531,7801308,7670897,-0.15801730751991272,0.14365209639072418,-10.290278434753418,-0.0021316998172551394,-0.016254210844635963,0.04369984567165375,0.008333333767950535,6.300000190734863,-3.7083332538604736,19.639999389648438,92317.375,778.4813232421875,1.839129090309143,
1784641294.801666,T,532,7801326,7680897,-0.14844051003456116,0.14844051003456116,-10.290278434753418,-0.0018652373692020774,-0.016254210844635963,0.04396630823612213,0.06666667014360428,6.400000095367432,-3.8499999046325684,19.6200008392334,92317.015625,778.5138549804688,1.839129090309143,
1784641294.818439,T,533,7801348,7690897,-0.15322890877723694,0.11971008777618408,-10.280701637268066,-0.0018652373692020774,-0.015454824082553387,0.04316692054271698,0.10833333432674408,6.474999904632568,-3.7666666507720947,19.600000381469727,92317.671875,778.4552612304688,1.839129090309143,
1784641294.8344915,T,534,7801364,7700897,-0.14844051003456116,0.1388636976480484,-10.27591323852539,-0.0010658499086275697,-0.015188361518085003,0.04369984567165375,0.09166666865348816,6.458333492279053,-3.7249999046325684,19.579999923706055,92317.921875,778.4330444335938,1.839129090309143,
1784641294.8514836,T,535,7801380,7710897,-0.15801730751991272,0.1388636976480484,-10.280701637268066,-0.0005329249543137848,-0.015454824082553387,0.04236753284931183,0.09166666865348816,6.300000190734863,-3.7666666507720947,19.559999465942383,92318.859375,778.3484497070312,1.8351439237594604,
1784641294.8695974,T,536,7801398,7720897,-0.1628057211637497,0.12928688526153564,-10.280701637268066,0.0,-0.015454824082553387,0.04529862105846405,0.15000000596046448,6.458333492279053,-3.8916666507720947,19.579999923706055,92319.3359375,778.3056030273438,1.839129090309143,
1784641294.8871925,T,537,7801416,7730897,-0.13407529890537262,0.12928688526153564,-10.271124839782715,0.0,-0.01598774828016758,0.0444992333650589,0.06666667014360428,6.400000095367432,-3.8499999046325684,19.579999923706055,92319.8125,778.2628173828125,1.8351439237594604,
1784641294.9046571,T,538,7801434,7740897,-0.15322890877723694,0.1388636976480484,-10.295066833496094,-0.0013323123566806316,-0.015188361518085003,0.04343338683247566,0.13333334028720856,6.358333110809326,-3.8333332538604736,19.610000610351562,92318.4375,778.3864135742188,1.839129090309143,
1784641294.9224439,T,539,7801452,7750897,-0.1628057211637497,0.15322890877723694,-10.27591323852539,-0.0021316998172551394,-0.0173200611025095,0.04343338683247566,0.02500000037252903,6.383333206176758,-3.933333396911621,19.65999984741211,92317.6015625,778.4612426757812,1.8331514596939087,
1784641294.9384303,T,540,7801468,7760897,-0.1628057211637497,0.14844051003456116,-10.280701637268066,-0.0018652373692020774,-0.015188361518085003,0.044232770800590515,0.008333333767950535,6.400000095367432,-3.8333332538604736,19.65999984741211,92316.609375,778.5507202148438,1.8371365070343018,
1784641294.961758,T,541,7801484,7770897,-0.1628057211637497,0.13407529890537262,-10.299856185913086,-0.0021316998172551394,-0.01598774828016758,0.04476569592952728,0.008333333767950535,6.358333110809326,-3.8916666507720947,19.6200008392334,92316.53125,778.5577392578125,1.8331514596939087,
1784641294.9784126,T,542,7801508,7780897,-0.14844051003456116,0.13407529890537262,-10.27591323852539,-0.0015987749211490154,-0.015188361518085003,0.04369984567165375,0.10833333432674408,6.358333110809326,-3.875,19.579999923706055,92315.65625,778.6358032226562,1.8351439237594604,
1784641294.994471,T,543,7801524,7790897,-0.15322890877723694,0.14844051003456116,-10.27591323852539,-0.0015987749211490154,-0.01598774828016758,0.044232770800590515,0.02500000037252903,6.224999904632568,-3.8916666507720947,19.56999969482422,92315.8828125,778.6157836914062,1.8351439237594604,
1784641295.010541,T,544,7801540,7800897,-0.1628057211637497,0.14365209639072418,-10.290278434753418,-0.0018652373692020774,-0.01678713597357273,0.0444992333650589,0.02500000037252903,6.383333206176758,-3.8333332538604736,19.56999969482422,92315.203125,778.676513671875,1.8371365070343018,
1784641354.6014678,T,545,7861130,7810897,-0.15801730751991272,0.1388636976480484,-10.247182846069336,-0.0010658499086275697,-0.016254210844635963,0.0444992333650589,0.15000000596046448,6.458333492279053,-3.8499999046325684,19.56999969482422,92315.453125,778.6542358398438,1.8371365070343018,
1784641354.6218326,T,546,7861150,7820897,-0.15322890877723694,0.1388636976480484,-10.261548042297363,-0.0013323123566806316,-0.015454824082553387,0.04396630823612213,0.0,6.383333206176758,-3.875,19.6299991607666,92315.0234375,778.6932983398438,1.8431141376495361,
1784641354.6381032,T,547,7861170,7830897,-0.14844051003456116,0.15322890877723694,-10.247182846069336,-0.0018652373692020774,-0.01598774828016758,0.04369984567165375,0.05000000074505806,6.383333206176758,-3.875,19.68000030517578,92313.875,778.7963256835938,1.8351439237594604,
1784641354.6584888,T,548,7861186,7840897,-0.15322890877723694,0.14844051003456116,-10.27591323852539,-0.003197549842298031,-0.016520673409104347,0.04583154618740082,0.06666667014360428,6.358333110809326,-3.8499999046325684,19.729999542236328,92313.296875,778.8478393554688,1.8411215543746948,
1784641354.6743815,T,549,7861206,7850897,-0.14365209639072418,0.11013327538967133,-10.27591323852539,-0.0010658499086275697,-0.014921898953616619,0.044232770800590515,0.06666667014360428,6.300000190734863,-3.8916666507720947,19.809999465942383,92310.765625,779.0750122070312,1.839129090309143,
1784641354.6915905,T,550,7861222,7860897,-0.14844051003456116,0.1388636976480484,-10.309432983398438,-0.003197549842298031,-0.015721285715699196,0.042900457978248596,-0.008333333767950535,6.400000095367432,-3.8916666507720947,19.93000030517578,92309.859375,779.1569213867188,1.839129090309143,
1784641414.5898378,T,551,7921124,7870897,-0.14365209639072418,0.12928688526153564,-10.304644584655762,-0.0015987749211490154,-0.015721285715699196,0.04343338683247566,0.02500000037252903,6.300000190734863,-3.8499999046325684,20.06999969482422,92309.5546875,779.1840209960938,1.8431141376495361,
1784641414.6058567,T,552,7921140,7880897,-0.1388636976480484,0.1388636976480484,-10.266336441040039,-0.0023981621488928795,-0.014921898953616619,0.04343338683247566,0.0,6.400000095367432,-3.8916666507720947,20.15999984741211,92307.9921875,779.324462890625,1.8411215543746948,
1784641414.6217978,T,553,7921156,7890897,-0.1388636976480484,0.14844051003456116,-10.285490036010742,-0.002931087277829647,-0.01598774828016758,0.04396630823612213,-0.008333333767950535,6.383333206176758,-3.8499999046325684,20.15999984741211,92307.609375,779.3580322265625,1.8331514596939087,
1784641414.637784,T,554,7921172,7900897,-0.14844051003456116,0.1388636976480484,-10.280701637268066,-0.0015987749211490154,-0.015188361518085003,0.0444992333650589,0.02500000037252903,6.3416666984558105,-3.8499999046325684,20.15999984741211,92307.125,779.4019775390625,1.839129090309143,
1784641414.6548116,T,555,7921189,7910897,-0.1388636976480484,0.13407529890537262,-10.285490036010742,-0.0018652373692020774,-0.015721285715699196,0.04396630823612213,0.0,6.383333206176758,-3.9666666984558105,20.18000030517578,92307.28125,779.3878784179688,1.8411215543746948,
1784641414.6718044,T,556,7921206,7920897,-0.15322890877723694,0.1388636976480484,-10.299856185913086,-0.0018652373692020774,-0.014921898953616619,0.04369984567165375,0.06666667014360428,6.383333206176758,-3.8916666507720947,20.190000534057617,92306.5625,779.452392578125,1.8470991849899292,
1784641474.5857387,T,557,7981122,7930897,-0.15322890877723694,0.1628057211637497,-10.285490036010742,-0.0026646247133612633,-0.015188361518085003,0.04316692054271698,0.06666667014360428,6.316666603088379,-3.7666666507720947,20.190000534057617,92308.125,779.3125,1.8451067209243774,
1784641474.6017497,T,558,7981138,7940897,-0.1628057211637497,0.1388636976480484,-10.290278434753418,-0.002931087277829647,-0.014921898953616619,0.044232770800590515,-0.008333333767950535,6.300000190734863,-3.7666666507720947,20.18000030517578,92307.828125,779.3385620117188,1.8650321960449219,
1784641474.6177733,T,559,7981154,7950897,-0.15322890877723694,0.14844051003456116,-10.290278434753418,-0.002931087277829647,-0.014122511260211468,0.04369984567165375,0.21666666865348816,6.275000095367432,-3.9166667461395264,20.170000076293945,92307.578125,779.361328125,1.8630397319793701,
1784641474.6337879,T,560,7981170,7960897,-0.15322890877723694,0.12928688526153564,-10.290278434753418,-0.0023981621488928795,-0.014388973824679852,0.04343338683247566,0.09166666865348816,6.3416666984558105,-3.8499999046325684,20.15999984741211,92307.640625,779.3553466796875,1.8710099458694458,
1784641474.649757,T,561,7981186,7970897,-0.1628057211637497,0.12449848651885986,-10.295066833496094,-0.0023981621488928795,-0.015454824082553387,0.044232770800590515,0.0,6.358333110809326,-3.8499999046325684,20.139999389648438,92308.109375,779.3135986328125,1.8630397319793701,
1784641474.667723,T,562,7981202,7980897,-0.16759411990642548,0.14844051003456116,-10.290278434753418,-0.0023981621488928795,-0.015188361518085003,0.04343338683247566,-0.02500000037252903,6.3416666984558105,-3.9166667461395264,20.1299991607666,92306.921875,779.42041015625,1.8670247793197632,
1784641534.5914106,T,563,8041124,7990897,-0.14844051003456116,0.12449848651885986,-10.309432983398438,-0.0015987749211490154,-0.015454824082553387,0.04529862105846405,-0.02500000037252903,6.258333206176758,-3.933333396911621,20.110000610351562,92306.9375,779.4188232421875,1.8630397319793701,
1784641534.6116912,T,564,8041146,8000897,-0.17717093229293823,0.1388636976480484,-10.256759643554688,-0.0015987749211490154,-0.015188361518085003,0.044232770800590515,-0.06666667014360428,6.316666603088379,-3.8916666507720947,20.09000015258789,92307.0625,779.4074096679688,1.8690173625946045,
1784641534.6306863,T,565,8041168,8010897,-0.15322890877723694,0.11971008777618408,-10.285490036010742,-0.0026646247133612633,-0.01598774828016758,0.04396630823612213,-0.008333333767950535,6.275000095367432,-3.808333396911621,20.06999969482422,92306.796875,779.4312744140625,1.873002529144287,
1784641534.6476557,T,566,8041186,8020897,-0.15322890877723694,0.13407529890537262,-10.27591323852539,-0.002931087277829647,-0.015188361518085003,0.0444992333650589,-0.06666667014360428,6.400000095367432,-3.808333396911621,20.040000915527344,92306.109375,779.4931030273438,1.8650321960449219,
1784641534.6647346,T,567,8041203,8030897,-0.16759411990642548,0.15322890877723694,-10.295066833496094,-0.0023981621488928795,-0.015454824082553387,0.04396630823612213,-0.02500000037252903,6.3416666984558105,-3.8916666507720947,19.989999771118164,92305.03125,779.5901489257812,1.8650321960449219,
1784641534.6870372,T,568,8041221,8040897,-0.1388636976480484,0.13407529890537262,-10.290278434753418,-0.0015987749211490154,-0.015721285715699196,0.042900457978248596,0.008333333767950535,6.3416666984558105,-3.808333396911621,19.950000762939453,92305.4140625,779.555419921875,1.8690173625946045,
1784641594.5812595,T,569,8101122,8050897,-0.14844051003456116,0.14365209639072418,-10.295066833496094,-0.0013323123566806316,-0.01598774828016758,0.04343338683247566,0.09166666865348816,6.258333206176758,-3.8333332538604736,19.90999984741211,92304.6875,779.6210327148438,1.8710099458694458,
1784641594.6013122,T,570,8101138,8060897,-0.14365209639072418,0.12928688526153564,-10.285490036010742,-0.0026646247133612633,-0.014655436389148235,0.04369984567165375,0.008333333767950535,6.300000190734863,-3.8499999046325684,19.8799991607666,92304.34375,779.6514282226562,1.8769875764846802,
1784641594.617335,T,571,8101158,8070897,-0.15801730751991272,0.13407529890537262,-10.319009780883789,-0.0034640124067664146,-0.01598774828016758,0.044232770800590515,0.008333333767950535,6.358333110809326,-3.808333396911621,19.860000610351562,92304.2890625,779.6563110351562,1.8670247793197632,
1784641594.6373396,T,572,8101174,8080897,-0.1628057211637497,0.1388636976480484,-10.27591323852539,-0.0018652373692020774,-0.014921898953616619,0.04343338683247566,-0.008333333767950535,6.358333110809326,-3.875,19.850000381469727,92304.5234375,779.6356811523438,1.8749951124191284,
1784641594.653546,T,573,8101194,8090897,-0.15322890877723694,0.1388636976480484,-10.285490036010742,-0.0023981621488928795,-0.014921898953616619,0.044232770800590515,0.10833333432674408,6.258333206176758,-3.8916666507720947,19.829999923706055,92302.671875,779.8016357421875,1.8670247793197632,
1784641594.669324,T,574,8101210,8100897,-0.16759411990642548,0.13407529890537262,-10.271124839782715,-0.0013323123566806316,-0.014655436389148235,0.04369984567165375,-0.02500000037252903,6.383333206176758,-3.808333396911621,19.780000686645508,92302.5546875,779.8119506835938,1.8690173625946045,
1784641654.590237,T,575,8161128,8110897,-0.15322890877723694,0.14365209639072418,-10.304644584655762,-0.0007993874605745077,-0.015721285715699196,0.045032158493995667,0.008333333767950535,6.3416666984558105,-3.683333396911621,19.739999771118164,92303.46875,779.7305908203125,1.8670247793197632,
1784641654.6100798,T,576,8161150,8120897,-0.15801730751991272,0.1149216815829277,-10.285490036010742,-0.0026646247133612633,-0.016254210844635963,0.044232770800590515,0.0,6.258333206176758,-3.933333396911621,19.719999313354492,92303.0,779.7717895507812,1.8650321960449219,
1784641654.6300693,T,577,8161170,8130897,-0.14844051003456116,0.12928688526153564,-10.247182846069336,-0.0013323123566806316,-0.014921898953616619,0.04369984567165375,0.0,6.258333206176758,-3.8916666507720947,19.709999084472656,92304.328125,779.653076171875,1.8650321960449219,
1784641654.647836,T,578,8161190,8140897,-0.15801730751991272,0.14844051003456116,-10.285490036010742,-0.0013323123566806316,-0.016254210844635963,0.04396630823612213,-0.02500000037252903,6.3416666984558105,-3.9166667461395264,19.709999084472656,92302.9609375,779.776123046875,1.8630397319793701,
1784641654.665667,T,579,8161208,8150897,-0.16759411990642548,0.11971008777618408,-10.271124839782715,-0.0023981621488928795,-0.015188361518085003,0.0444992333650589,0.02500000037252903,6.3416666984558105,-3.8499999046325684,19.709999084472656,92302.1015625,779.8531494140625,1.8451067209243774,
1784641654.68733,T,580,8161226,8160897,-0.14844051003456116,0.12928688526153564,-10.266336441040039,-0.0013323123566806316,-0.015721285715699196,0.044232770800590515,0.10833333432674408,6.300000190734863,-3.808333396911621,19.739999771118164,92300.3046875,780.0142211914062,1.8490917682647705,
1784641714.58546,T,581,8221126,8170897,-0.15801730751991272,0.13407529890537262,-10.266336441040039,-0.0013323123566806316,-0.015454824082553387,0.04369984567165375,0.06666667014360428,6.208333492279053,-3.8499999046325684,19.719999313354492,92299.25,780.1090698242188,1.8670247793197632,
1784641714.6028812,T,582,8221148,8180897,-0.15322890877723694,0.14365209639072418,-10.27591323852539,-0.0015987749211490154,-0.015721285715699196,0.04316692054271698,-0.02500000037252903,6.275000095367432,-3.8916666507720947,19.700000762939453,92301.4296875,779.913330078125,1.8710099458694458,
1784641714.621659,T,583,8221164,8190897,-0.12928688526153564,0.12449848651885986,-10.266336441040039,-0.0013323123566806316,-0.016520673409104347,0.044232770800590515,-0.09166666865348816,6.300000190734863,-3.7916667461395264,19.65999984741211,92300.96875,779.9545288085938,1.8630397319793701,
1784641714.6388512,T,584,8221184,8200897,-0.15801730751991272,0.15322890877723694,-10.256759643554688,-0.0023981621488928795,-0.01678713597357273,0.04316692054271698,-0.09166666865348816,6.233333110809326,-3.9833333492279053,19.6299991607666,92300.328125,780.0120239257812,1.8610471487045288,
1784641714.6586382,T,585,8221200,8210897,-0.1628057211637497,0.13407529890537262,-10.24239444732666,-0.0023981621488928795,-0.016254210844635963,0.0444992333650589,-0.09166666865348816,6.400000095367432,-3.8333332538604736,19.610000610351562,92300.09375,780.03369140625,1.8451067209243774,
1784641714.674773,T,586,8221220,8220897,-0.1628057211637497,0.1388636976480484,-10.290278434753418,-0.0010658499086275697,-0.017053598538041115,0.04369984567165375,0.0,6.383333206176758,-3.9166667461395264,19.59000015258789,92299.1875,780.114501953125,1.8630397319793701,
1784641774.5775354,T,587,8281124,8230897,-0.14844051003456116,0.1388636976480484,-10.285490036010742,-0.0023981621488928795,-0.01598774828016758,0.04343338683247566,0.05000000074505806,6.383333206176758,-3.941666603088379,19.59000015258789,92298.5859375,780.1687622070312,1.8411215543746948,
1784641774.5946856,T,588,8281142,8240897,-0.13407529890537262,0.12928688526153564,-10.251971244812012,-0.0018652373692020774,-0.015721285715699196,0.04396630823612213,-0.10833333432674408,6.258333206176758,-3.9666666984558105,19.56999969482422,92299.640625,780.0738525390625,1.8431141376495361,
1784641774.6106293,T,589,8281158,8250897,-0.15322890877723694,0.14365209639072418,-10.256759643554688,-0.0015987749211490154,-0.015721285715699196,0.04396630823612213,-0.10833333432674408,6.3416666984558105,-3.9666666984558105,19.56999969482422,92298.1875,780.2045288085938,1.8411215543746948,
1784641774.6265633,T,590,8281174,8260897,-0.1628057211637497,0.14365209639072418,-10.271124839782715,-0.0010658499086275697,-0.017053598538041115,0.044232770800590515,-0.05000000074505806,6.300000190734863,-3.941666603088379,19.600000381469727,92298.703125,780.1578979492188,1.8411215543746948,
1784641774.6425557,T,591,8281190,8270897,-0.14844051003456116,0.12928688526153564,-10.285490036010742,-0.0018652373692020774,-0.016520673409104347,0.044232770800590515,-0.13333334028720856,6.258333206176758,-3.941666603088379,19.600000381469727,92297.5,780.266357421875,1.8371365070343018,
1784641774.6614342,T,592,8281206,8280897,-0.14844051003456116,0.15801730751991272,-10.261548042297363,-0.0018652373692020774,-0.01598774828016758,0.044232770800590515,0.0,6.383333206176758,-4.008333206176758,19.600000381469727,92296.671875,780.340087890625,1.8451067209243774,
1784641834.5754893,T,593,8341124,8290897,-0.1628057211637497,0.14844051003456116,-10.271124839782715,-0.0015987749211490154,-0.015454824082553387,0.04396630823612213,-0.02500000037252903,6.3416666984558105,-3.933333396911621,19.6299991607666,92296.375,780.3672485351562,1.8630397319793701,
1784641834.59288,T,594,8341142,8300897,-0.16759411990642548,0.1388636976480484,-10.27591323852539,0.0,-0.015188361518085003,0.044232770800590515,-0.02500000037252903,6.208333492279053,-3.9666666984558105,19.65999984741211,92294.6171875,780.5250244140625,1.8470991849899292,
1784641834.610844,T,595,8341160,8310897,-0.15322890877723694,0.1388636976480484,-10.285490036010742,-0.0002664624771568924,-0.01598774828016758,0.04396630823612213,-0.09166666865348816,6.358333110809326,-3.9833333492279053,19.649999618530273,92293.4375,780.6307983398438,1.8411215543746948,
1784641834.630003,T,596,8341178,8320897,-0.15801730751991272,0.15322890877723694,-10.261548042297363,-0.0015987749211490154,-0.01598774828016758,0.04396630823612213,-0.21666666865348816,6.416666507720947,-3.808333396911621,19.6299991607666,92293.0703125,780.6638793945312,1.8451067209243774,
1784641834.6469538,T,597,8341196,8330897,-0.15801730751991272,0.14365209639072418,-10.290278434753418,-0.0010658499086275697,-0.016520673409104347,0.044232770800590515,-0.008333333767950535,6.166666507720947,-3.9166667461395264,19.6299991607666,92292.546875,780.7110595703125,1.8431141376495361,
1784641834.6649148,T,598,8341214,8340897,-0.15322890877723694,0.14365209639072418,-10.256759643554688,-0.0010658499086275697,-0.016520673409104347,0.04369984567165375,0.09166666865348816,6.3416666984558105,-3.808333396911621,19.6200008392334,92292.1015625,780.7506103515625,1.8431141376495361,
1784641894.5736878,T,599,8401122,8350897,-0.15322890877723694,0.14844051003456116,-10.251971244812012,-0.0018652373692020774,-0.01598774828016758,0.04316692054271698,0.06666667014360428,6.358333110809326,-3.7916667461395264,19.610000610351562,92291.3359375,780.820068359375,1.8411215543746948,
1784641894.594467,T,600,8401142,8360897,-0.1388636976480484,0.1628057211637497,-10.237606048583984,-0.0015987749211490154,-0.017053598538041115,0.04369984567165375,0.06666667014360428,6.300000190734863,-3.875,19.6299991607666,92289.671875,780.9691772460938,1.8431141376495361,
1784641894.6110384,T,601,8401162,8370897,-0.15801730751991272,0.14365209639072418,-10.27591323852539,-0.0013323123566806316,-0.01598774828016758,0.0444992333650589,-0.05000000074505806,6.3416666984558105,-3.7666666507720947,19.6299991607666,92289.8125,780.9561767578125,1.8451067209243774,
1784641894.6282954,T,602,8401180,8380897,-0.14844051003456116,0.1388636976480484,-10.271124839782715,-0.0013323123566806316,-0.014655436389148235,0.04263399541378021,-0.008333333767950535,6.275000095367432,-3.7083332538604736,19.6200008392334,92290.890625,780.859619140625,1.8670247793197632,
1784641894.649875,T,603,8401196,8390897,-0.1628057211637497,0.14365209639072418,-10.256759643554688,-0.0013323123566806316,-0.01598774828016758,0.04476569592952728,0.09166666865348816,6.433333396911621,-3.8916666507720947,19.6200008392334,92290.859375,780.8629150390625,1.8630397319793701,
1784641894.669917,T,604,8401218,8400897,-0.16759411990642548,0.14365209639072418,-10.27591323852539,-0.0013323123566806316,-0.015721285715699196,0.044232770800590515,0.02500000037252903,6.3416666984558105,-3.7083332538604736,19.610000610351562,92290.6484375,780.88134765625,1.8470991849899292,
1784641954.570245,T,605,8461124,8410897,-0.14844051003456116,0.13407529890537262,-10.251971244812012,-0.0023981621488928795,-0.016254210844635963,0.04369984567165375,0.13333334028720856,6.316666603088379,-3.875,19.600000381469727,92290.875,780.8612670898438,1.8630397319793701,
1784641954.5874932,T,606,8461140,8420897,-0.15801730751991272,0.14365209639072418,-10.247182846069336,-0.0002664624771568924,-0.016254210844635963,0.044232770800590515,-0.008333333767950535,6.183333396911621,-3.875,19.610000610351562,92290.3984375,780.903564453125,1.8690173625946045,
1784641954.6042979,T,607,8461158,8430897,-0.14844051003456116,0.15322890877723694,-10.290278434753418,-0.0013323123566806316,-0.01598774828016758,0.04343338683247566,0.02500000037252903,6.275000095367432,-3.7916667461395264,19.610000610351562,92289.40625,780.9930419921875,1.8411215543746948,
1784641954.6229448,T,608,8461174,8440897,-0.15322890877723694,0.1628057211637497,-10.290278434753418,-0.0010658499086275697,-0.015454824082553387,0.04369984567165375,0.05000000074505806,6.316666603088379,-3.75,19.6299991607666,92287.578125,781.1568603515625,1.8690173625946045,
1784641954.64002,T,609,8461193,8450897,-0.17238251864910126,0.12928688526153564,-10.266336441040039,-0.0013323123566806316,-0.016520673409104347,0.042900457978248596,0.05000000074505806,6.400000095367432,-3.7249999046325684,19.639999389648438,92287.34375,781.1785278320312,1.8650321960449219,
1784641954.6591349,T,610,8461210,8460897,-0.14365209639072418,0.14365209639072418,-10.256759643554688,-0.0013323123566806316,-0.015454824082553387,0.04396630823612213,0.008333333767950535,6.316666603088379,-3.8333332538604736,19.649999618530273,92285.703125,781.3255004882812,1.8650321960449219,
1784642014.5735333,T,611,8521126,8470897,-0.15322890877723694,0.12928688526153564,-10.285490036010742,-0.0018652373692020774,-0.016520673409104347,0.04369984567165375,-0.008333333767950535,6.383333206176758,-3.75,19.68000030517578,92284.4921875,781.4345092773438,1.8670247793197632,
1784642014.5899136,T,612,8521146,8480897,-0.15322890877723694,0.1388636976480484,-10.247182846069336,-0.0013323123566806316,-0.016520673409104347,0.044232770800590515,-0.06666667014360428,6.224999904632568,-3.7666666507720947,19.729999542236328,92283.765625,781.4995727539062,1.8749951124191284,
1784642014.6095722,T,613,8521162,8490897,-0.14365209639072418,0.14365209639072418,-10.266336441040039,-0.0026646247133612633,-0.016254210844635963,0.04369984567165375,0.008333333767950535,6.099999904632568,-3.9166667461395264,19.729999542236328,92283.6875,781.5066528320312,1.8710099458694458,
1784642014.6258907,T,614,8521182,8500897,-0.15322890877723694,0.11971008777618408,-10.261548042297363,-0.0018652373692020774,-0.016254210844635963,0.0444992333650589,-0.05000000074505806,6.383333206176758,-3.6666667461395264,19.729999542236328,92283.5625,781.5175170898438,1.873002529144287,
1784642014.6419244,T,615,8521198,8510897,-0.15322890877723694,0.13407529890537262,-10.256759643554688,-0.0010658499086275697,-0.01598774828016758,0.04396630823612213,0.05000000074505806,6.316666603088379,-3.875,19.739999771118164,92283.1640625,781.5532836914062,1.8710099458694458,
1784642014.6579058,T,616,8521214,8520897,-0.15322890877723694,0.1388636976480484,-10.256759643554688,-0.002931087277829647,-0.015721285715699196,0.04343338683247566,0.008333333767950535,6.275000095367432,-3.808333396911621,19.729999542236328,92283.3828125,781.5343017578125,1.8749951124191284,
1784642074.5658722,T,617,8581124,8530897,-0.15322890877723694,0.15322890877723694,-10.285490036010742,-0.0007993874605745077,-0.015454824082553387,0.0444992333650589,0.17499999701976776,6.316666603088379,-3.7249999046325684,19.729999542236328,92284.0390625,781.4746704101562,1.8789801597595215,
1784642074.5817394,T,618,8581140,8540897,-0.16759411990642548,0.15801730751991272,-10.285490036010742,-0.0015987749211490154,-0.015721285715699196,0.04343338683247566,0.02500000037252903,6.233333110809326,-3.75,19.729999542236328,92284.5859375,781.42529296875,1.873002529144287,
1784642074.597747,T,619,8581156,8550897,-0.14844051003456116,0.13407529890537262,-10.299856185913086,-0.0005329249543137848,-0.015721285715699196,0.04369984567165375,-0.008333333767950535,6.233333110809326,-3.7249999046325684,19.739999771118164,92284.8359375,781.403076171875,1.8690173625946045,
1784642074.6137629,T,620,8581172,8560897,-0.15322890877723694,0.1388636976480484,-10.261548042297363,-0.0018652373692020774,-0.015721285715699196,0.04369984567165375,-0.02500000037252903,6.258333206176758,-3.8499999046325684,19.739999771118164,92286.9375,781.2142944335938,1.8949205875396729,
1784642074.6337118,T,621,8581188,8570897,-0.15801730751991272,0.14844051003456116,-10.266336441040039,-0.0015987749211490154,-0.01598774828016758,0.04396630823612213,0.0,6.383333206176758,-3.8333332538604736,19.739999771118164,92286.421875,781.260986328125,1.8769875764846802,
1784642074.649749,T,622,8581208,8580897,-0.16759411990642548,0.14844051003456116,-10.256759643554688,-0.0015987749211490154,-0.015188361518085003,0.04369984567165375,0.0,6.300000190734863,-3.8333332538604736,19.729999542236328,92285.453125,781.3477172851562,1.892928123474121,
1784642134.5618007,T,623,8641122,8590897,-0.14844051003456116,0.13407529890537262,-10.24239444732666,-0.0021316998172551394,-0.016520673409104347,0.04369984567165375,-0.13333334028720856,6.258333206176758,-3.9166667461395264,19.739999771118164,92285.046875,781.3846435546875,1.8769875764846802,
1784642134.5781498,T,624,8641138,8600897,-0.1628057211637497,0.1388636976480484,-10.266336441040039,-0.0013323123566806316,-0.015721285715699196,0.04369984567165375,0.05000000074505806,6.224999904632568,-3.8499999046325684,19.719999313354492,92286.03125,781.2962036132812,1.873002529144287,
1784642134.597803,T,625,8641156,8610897,-0.15801730751991272,0.11971008777618408,-10.290278434753418,-0.0007993874605745077,-0.016254210844635963,0.04396630823612213,-0.008333333767950535,6.358333110809326,-3.875,19.719999313354492,92284.65625,781.4193115234375,1.873002529144287,
1784642134.6177077,T,626,8641174,8620897,-0.1628057211637497,0.1388636976480484,-10.247182846069336,-0.0021316998172551394,-0.015454824082553387,0.04396630823612213,-0.008333333767950535,6.300000190734863,-3.808333396911621,19.75,92282.921875,781.5750122070312,1.892928123474121,
1784642134.6377106,T,627,8641195,8630897,-0.1628057211637497,0.12928688526153564,-10.256759643554688,-0.0013323123566806316,-0.015721285715699196,0.04396630823612213,0.02500000037252903,6.383333206176758,-3.808333396911621,19.75,92283.4453125,781.5277709960938,1.8749951124191284,
1784642134.6577702,T,628,8641214,8640897,-0.14844051003456116,0.13407529890537262,-10.290278434753418,-0.0002664624771568924,-0.015454824082553387,0.0444992333650589,0.05000000074505806,6.208333492279053,-3.8333332538604736,19.75,92281.515625,781.7013549804688,1.8809727430343628,
1784642194.570098,T,629,8701128,8650897,-0.14844051003456116,0.14844051003456116,-10.266336441040039,-0.0013323123566806316,-0.014921898953616619,0.04369984567165375,0.17499999701976776,6.383333206176758,-3.75,19.739999771118164,92281.5703125,781.697021484375,1.8949205875396729,
1784642194.5901108,T,630,8701150,8660897,-0.12449848651885986,0.1388636976480484,-10.295066833496094,-0.0013323123566806316,-0.014921898953616619,0.04343338683247566,0.008333333767950535,6.3416666984558105,-3.7249999046325684,19.719999313354492,92281.078125,781.740966796875,1.8989057540893555,
1784642194.6099262,T,631,8701170,8670897,-0.17717093229293823,0.13407529890537262,-10.271124839782715,-0.003197549842298031,-0.016254210844635963,0.04343338683247566,0.008333333767950535,6.416666507720947,-3.6666667461395264,19.719999313354492,92281.046875,781.74365234375,1.8949205875396729,
1784642194.627713,T,632,8701190,8680897,-0.17717093229293823,0.1388636976480484,-10.290278434753418,-0.0013323123566806316,-0.01598774828016758,0.042900457978248596,0.008333333767950535,6.358333110809326,-3.8333332538604736,19.719999313354492,92280.5234375,781.7908325195312,1.8949205875396729,
1784642194.646833,T,633,8701208,8690897,-0.14844051003456116,0.12449848651885986,-10.266336441040039,-0.0015987749211490154,-0.01678713597357273,0.044232770800590515,0.10833333432674408,6.258333206176758,-3.683333396911621,19.709999084472656,92281.3046875,781.7203369140625,1.8989057540893555,
1784642194.6686664,T,634,8701226,8700897,-0.15801730751991272,0.14844051003456116,-10.261548042297363,-0.0015987749211490154,-0.01598774828016758,0.044232770800590515,-0.008333333767950535,6.300000190734863,-3.8333332538604736,19.700000762939453,92280.78125,781.7675170898438,1.9008982181549072,
1784642254.5580294,T,635,8761122,8710897,-0.1388636976480484,0.14844051003456116,-10.290278434753418,-0.0010658499086275697,-0.015721285715699196,0.044232770800590515,0.15000000596046448,6.474999904632568,-3.75,19.700000762939453,92280.125,781.8261108398438,1.9008982181549072,
1784642254.57792,T,636,8761140,8720897,-0.15322890877723694,0.15322890877723694,-10.266336441040039,-0.0015987749211490154,-0.015721285715699196,0.04369984567165375,0.008333333767950535,6.300000190734863,-3.8499999046325684,19.700000762939453,92279.984375,781.8385620117188,1.8969131708145142,
1784642254.5953636,T,637,8761160,8730897,-0.14365209639072418,0.14365209639072418,-10.27591323852539,-0.0018652373692020774,-0.016520673409104347,0.04369984567165375,0.0,6.383333206176758,-3.75,19.690000534057617,92278.25,781.9953002929688,1.9008982181549072,
1784642254.6113925,T,638,8761176,8740897,-0.16759411990642548,0.15322890877723694,-10.256759643554688,-0.0007993874605745077,-0.01678713597357273,0.04343338683247566,0.02500000037252903,6.300000190734863,-3.5416667461395264,19.68000030517578,92277.796875,782.0354614257812,1.8969131708145142,
1784642254.6273894,T,639,8761192,8750897,-0.15322890877723694,0.14365209639072418,-10.251971244812012,-0.0010658499086275697,-0.016254210844635963,0.04396630823612213,0.0,6.358333110809326,-3.683333396911621,19.68000030517578,92278.5234375,781.9703979492188,1.9008982181549072,
1784642254.6434045,T,640,8761208,8760897,-0.1388636976480484,0.13407529890537262,-10.261548042297363,-0.0015987749211490154,-0.01678713597357273,0.04343338683247566,0.05000000074505806,6.258333206176758,-3.7916667461395264,19.68000030517578,92277.1484375,782.093505859375,1.8969131708145142,
1784642314.5539744,T,641,8821120,8770897,-0.14365209639072418,0.14365209639072418,-10.27591323852539,-0.0013323123566806316,-0.016520673409104347,0.04369984567165375,0.008333333767950535,6.208333492279053,-3.7666666507720947,19.670000076293945,92276.71875,782.1320190429688,1.9028908014297485,
1784642314.5711687,T,642,8821138,8780897,-0.15801730751991272,0.14365209639072418,-10.247182846069336,-0.0021316998172551394,-0.015454824082553387,0.04396630823612213,0.09166666865348816,6.316666603088379,-3.808333396911621,19.68000030517578,92276.9375,782.113037109375,1.9108611345291138,
1784642314.5872152,T,643,8821154,8790897,-0.14844051003456116,0.1388636976480484,-10.309432983398438,-0.0010658499086275697,-0.015188361518085003,0.04343338683247566,0.02500000037252903,6.383333206176758,-3.75,19.690000534057617,92277.4296875,782.0685424804688,1.9048833847045898,
1784642314.6031759,T,644,8821170,8800897,-0.17717093229293823,0.12928688526153564,-10.24239444732666,-0.0018652373692020774,-0.015188361518085003,0.045032158493995667,-0.05000000074505806,6.275000095367432,-3.7666666507720947,19.700000762939453,92276.3046875,782.16943359375,1.9248088598251343,
1784642314.6201751,T,645,8821187,8810897,-0.17238251864910126,0.14844051003456116,-10.247182846069336,-0.0007993874605745077,-0.01678713597357273,0.04369984567165375,-0.008333333767950535,6.258333206176758,-3.808333396911621,19.709999084472656,92276.109375,782.186767578125,1.9128535985946655,
1784642314.6382215,T,646,8821204,8820897,-0.15801730751991272,0.14844051003456116,-10.251971244812012,-0.0013323123566806316,-0.01598774828016758,0.04369984567165375,-0.09166666865348816,6.224999904632568,-3.683333396911621,19.739999771118164,92275.2109375,782.267578125,1.9108611345291138,
1784642374.5579336,T,647,8881126,8830897,-0.14365209639072418,0.13407529890537262,-10.271124839782715,-0.0010658499086275697,-0.015721285715699196,0.04396630823612213,0.02500000037252903,6.3416666984558105,-3.683333396911621,19.739999771118164,92275.9375,782.2025146484375,1.9108611345291138,
1784642374.5748663,T,648,8881144,8840897,-0.17238251864910126,0.1149216815829277,-10.256759643554688,-0.0018652373692020774,-0.01678713597357273,0.04369984567165375,0.05000000074505806,6.224999904632568,-3.75,19.729999542236328,92275.65625,782.2274780273438,1.9048833847045898,
1784642374.5925896,T,649,8881160,8850897,-0.15322890877723694,0.14365209639072418,-10.290278434753418,-0.0023981621488928795,-0.016254210844635963,0.04316692054271698,-0.02500000037252903,6.233333110809326,-3.941666603088379,19.719999313354492,92276.5703125,782.1455688476562,1.9068758487701416,
1784642374.614251,T,650,8881178,8860897,-0.15801730751991272,0.14365209639072418,-10.271124839782715,-0.0021316998172551394,-0.015721285715699196,0.04369984567165375,-0.02500000037252903,6.275000095367432,-3.8333332538604736,19.709999084472656,92276.28125,782.1715698242188,1.9008982181549072,
1784642374.6309025,T,651,8881200,8870897,-0.15801730751991272,0.15322890877723694,-10.237606048583984,-0.0013323123566806316,-0.015454824082553387,0.04343338683247566,-0.06666667014360428,6.3416666984558105,-3.8916666507720947,19.709999084472656,92276.078125,782.1895141601562,1.9048833847045898,
1784642374.650395,T,652,8881216,8880897,-0.1388636976480484,0.12928688526153564,-10.261548042297363,-0.0013323123566806316,-0.015188361518085003,0.042900457978248596,0.05000000074505806,6.275000095367432,-3.75,19.709999084472656,92275.453125,782.2459106445312,1.9068758487701416,
1784642434.5498548,T,653,8941120,8890897,-0.16759411990642548,0.15322890877723694,-10.27591323852539,-0.0023981621488928795,-0.015454824082553387,0.04263399541378021,0.10833333432674408,6.316666603088379,-3.75,19.719999313354492,92274.890625,782.2963256835938,1.9108611345291138,
1784642434.566685,T,654,8941138,8900897,-0.181959331035614,0.13407529890537262,-10.261548042297363,-0.0010658499086275697,-0.015454824082553387,0.045032158493995667,0.02500000037252903,6.233333110809326,-3.941666603088379,19.729999542236328,92275.140625,782.2741088867188,1.9268014430999756,
1784642434.583033,T,655,8941154,8910897,-0.1628057211637497,0.1388636976480484,-10.266336441040039,-0.0015987749211490154,-0.015454824082553387,0.04369984567165375,0.05000000074505806,6.300000190734863,-3.9833333492279053,19.729999542236328,92274.28125,782.3511352539062,1.9028908014297485,
1784642434.6010048,T,656,8941172,8920897,-0.15322890877723694,0.1388636976480484,-10.256759643554688,-0.0007993874605745077,-0.015454824082553387,0.04369984567165375,0.10833333432674408,6.416666507720947,-3.7916667461395264,19.729999542236328,92272.390625,782.5214233398438,1.9128535985946655,
1784642434.6187994,T,657,8941190,8930897,-0.16759411990642548,0.1388636976480484,-10.280701637268066,-0.0013323123566806316,-0.01598774828016758,0.0444992333650589,-0.02500000037252903,6.141666889190674,-3.7916667461395264,19.729999542236328,92271.9140625,782.5642700195312,1.9068758487701416,
1784642434.6347654,T,658,8941206,8940897,-0.16759411990642548,0.1388636976480484,-10.271124839782715,-0.0018652373692020774,-0.01598774828016758,0.04343338683247566,0.05000000074505806,6.358333110809326,-3.75,19.739999771118164,92271.8125,782.572998046875,1.908868432044983,
1784642494.5576515,T,659,9001128,8950897,-0.16759411990642548,0.15801730751991272,-10.266336441040039,-0.0015987749211490154,-0.016254210844635963,0.04396630823612213,0.06666667014360428,6.258333206176758,-3.7666666507720947,19.729999542236328,92271.9140625,782.5642700195312,1.9068758487701416,
1784642494.5749335,T,660,9001148,8960897,-0.1628057211637497,0.12928688526153564,-10.285490036010742,-0.0015987749211490154,-0.015721285715699196,0.04396630823612213,0.0,6.275000095367432,-3.683333396911621,19.729999542236328,92269.9375,782.7411499023438,1.9008982181549072,
1784642494.5926304,T,661,9001166,8970897,-0.15322890877723694,0.1628057211637497,-10.271124839782715,-0.0010658499086275697,-0.01598774828016758,0.04343338683247566,-0.008333333767950535,6.258333206176758,-3.7666666507720947,19.709999084472656,92268.890625,782.8355102539062,1.9008982181549072,
1784642494.6094885,T,662,9001182,8980897,-0.12928688526153564,0.15322890877723694,-10.261548042297363,-0.0015987749211490154,-0.015721285715699196,0.04396630823612213,0.02500000037252903,6.358333110809326,-3.6416666507720947,19.700000762939453,92270.53125,782.68798828125,1.9008982181549072,
1784642494.6265008,T,663,9001200,8990897,-0.15801730751991272,0.1388636976480484,-10.271124839782715,-0.0018652373692020774,-0.015721285715699196,0.04343338683247566,-0.008333333767950535,6.316666603088379,-3.808333396911621,19.700000762939453,92270.328125,782.7058715820312,1.8769875764846802,
1784642494.6424737,T,664,9001216,9000897,-0.14844051003456116,0.1388636976480484,-10.280701637268066,-0.0005329249543137848,-0.016520673409104347,0.04316692054271698,0.06666667014360428,6.383333206176758,-3.6416666507720947,19.690000534057617,92270.2578125,782.71240234375,1.9048833847045898,
1784642554.5463717,T,665,9061122,9010897,-0.15801730751991272,0.13407529890537262,-10.266336441040039,-0.0018652373692020774,-0.01598774828016758,0.04396630823612213,0.008333333767950535,6.300000190734863,-3.808333396911621,19.709999084472656,92270.484375,782.6923217773438,1.8969131708145142,
1784642554.5623577,T,666,9061138,9020897,-0.16759411990642548,0.1388636976480484,-10.280701637268066,-0.0018652373692020774,-0.015188361518085003,0.0444992333650589,0.05000000074505806,6.358333110809326,-3.6416666507720947,19.75,92270.03125,782.7329711914062,1.9008982181549072,
1784642554.5783598,T,667,9061154,9030897,0.1628057211637497,-2.097320795059204,-9.797073364257812,0.17906278371810913,0.2523399591445923,0.2784532904624939,-0.3916666805744171,5.983333110809326,-4.875,19.739999771118164,92269.109375,782.8154296875,1.9008982181549072,
1784642554.5943406,T,668,9061170,9040897,-0.1388636976480484,0.15322890877723694,-10.271124839782715,-0.0010658499086275697,-0.016254210844635963,0.04369984567165375,-0.4166666567325592,7.025000095367432,-4.050000190734863,19.790000915527344,92270.28125,782.710205078125,1.9228163957595825,
1784642554.6103363,T,669,9061186,9050897,-0.1628057211637497,0.14365209639072418,-10.271124839782715,-0.0007993874605745077,-0.01678713597357273,0.04369984567165375,-0.375,6.974999904632568,-4.150000095367432,19.81999969482422,92269.625,782.7693481445312,1.8989057540893555,
1784642554.6264079,T,670,9061202,9060897,-0.14844051003456116,0.14844051003456116,-10.266336441040039,-0.0023981621488928795,-0.01598774828016758,0.044232770800590515,-0.4333333373069763,7.008333206176758,-4.050000190734863,19.799999237060547,92269.953125,782.7400512695312,1.9008982181549072,
1784642614.549636,T,671,9121124,9070897,-0.1388636976480484,0.15322890877723694,-10.251971244812012,-0.0010658499086275697,-0.016520673409104347,0.0444992333650589,-0.22499999403953552,7.0,-4.066666603088379,19.790000915527344,92268.5625,782.8648071289062,1.9048833847045898,
1784642614.5662193,T,672,9121144,9080897,-0.14365209639072418,0.1388636976480484,-10.247182846069336,-0.0013323123566806316,-0.01598774828016758,0.04369984567165375,-0.25,6.933333396911621,-4.133333206176758,19.780000686645508,92268.796875,782.8436279296875,1.9028908014297485,
1784642614.5821726,T,673,9121160,9090897,-0.13407529890537262,0.12928688526153564,-10.280701637268066,-0.0013323123566806316,-0.016254210844635963,0.04396630823612213,-0.46666666865348816,6.958333492279053,-4.133333206176758,19.770000457763672,92267.515625,782.9586181640625,1.8989057540893555,
1784642614.5981336,T,674,9121176,9100897,-0.14365209639072418,0.14844051003456116,-10.256759643554688,-0.0015987749211490154,-0.015721285715699196,0.044232770800590515,-0.3083333373069763,6.974999904632568,-4.108333110809326,19.770000457763672,92266.65625,783.0361938476562,1.8969131708145142,
1784642614.6141424,T,675,9121192,9110897,-0.14844051003456116,0.1388636976480484,-10.266336441040039,-0.0018652373692020774,-0.01678713597357273,0.045032158493995667,-0.3499999940395355,6.916666507720947,-4.175000190734863,19.780000686645508,92266.765625,783.02587890625,1.8989057540893555,
1784642614.6301448,T,676,9121208,9120897,-0.12928688526153564,0.15322890877723694,-10.271124839782715,-0.0007993874605745077,-0.015721285715699196,0.042900457978248596,-0.2666666805744171,7.025000095367432,-4.050000190734863,19.790000915527344,92266.84375,783.0188598632812,1.8809727430343628,
1784642674.545564,T,677,9181122,9130897,-0.14844051003456116,0.12449848651885986,-10.295066833496094,-0.0018652373692020774,-0.015721285715699196,0.044232770800590515,-0.3333333432674408,7.0,-4.175000190734863,19.780000686645508,92265.2578125,783.1614990234375,1.8989057540893555,
1784642674.5655842,T,678,9181142,9140897,-0.14844051003456116,0.14844051003456116,-10.251971244812012,-0.0007993874605745077,-0.015188361518085003,0.04343338683247566,-0.550000011920929,7.0,-4.025000095367432,19.780000686645508,92264.5,783.2293090820312,1.8969131708145142,
1784642674.5820394,T,679,9181162,9150897,-0.14365209639072418,0.1388636976480484,-10.295066833496094,-0.0015987749211490154,-0.015721285715699196,0.04396630823612213,-0.22499999403953552,7.025000095367432,-4.066666603088379,19.790000915527344,92264.9921875,783.1859130859375,1.892928123474121,
1784642674.602767,T,680,9181178,9160897,-0.1628057211637497,0.1388636976480484,-10.256759643554688,-0.0013323123566806316,-0.016254210844635963,0.04316692054271698,-0.375,7.050000190734863,-4.133333206176758,19.799999237060547,92265.234375,783.1636962890625,1.8969131708145142,
1784642674.6221414,T,681,9181200,9170897,-0.14365209639072418,0.13407529890537262,-10.256759643554688,-0.0007993874605745077,-0.01598774828016758,0.04396630823612213,-0.4583333432674408,6.916666507720947,-4.150000095367432,19.780000686645508,92264.5,783.2293090820312,1.8789801597595215,
1784642674.6404898,T,682,9181218,9180897,-0.14844051003456116,0.14844051003456116,-10.290278434753418,-0.0023981621488928795,-0.015721285715699196,0.04343338683247566,-0.3499999940395355,7.066666603088379,-4.2166666984558105,19.770000457763672,92263.765625,783.2960205078125,1.8969131708145142,
1784642734.549701,T,683,9241128,9190897,-0.16759411990642548,0.14844051003456116,-10.290278434753418,-0.0015987749211490154,-0.016254210844635963,0.04343338683247566,-0.2916666567325592,6.933333396911621,-4.066666603088379,19.809999465942383,92265.015625,783.1837768554688,1.8749951124191284,
1784642734.565885,T,684,9241148,9200897,-0.11971008777618408,0.15801730751991272,-10.256759643554688,-0.0007993874605745077,-0.016254210844635963,0.04369984567165375,-0.4333333373069763,7.008333206176758,-4.150000095367432,19.799999237060547,92265.578125,783.13330078125,1.8749951124191284,
1784642734.5856452,T,685,9241164,9210897,-0.13407529890537262,0.15801730751991272,-10.24239444732666,-0.0013323123566806316,-0.015721285715699196,0.04396630823612213,-0.4833333194255829,6.974999904632568,-4.108333110809326,19.780000686645508,92265.015625,783.1837768554688,1.8769875764846802,
1784642734.602034,T,686,9241184,9220897,-0.15322890877723694,0.15322890877723694,-10.251971244812012,-0.0013323123566806316,-0.015454824082553387,0.04316692054271698,-0.375,7.050000190734863,-4.025000095367432,19.760000228881836,92264.171875,783.2591552734375,1.8789801597595215,
1784642734.618079,T,687,9241200,9230897,-0.14844051003456116,0.1388636976480484,-10.247182846069336,-0.0018652373692020774,-0.017053598538041115,0.044232770800590515,-0.3499999940395355,7.0,-4.0916666984558105,19.75,92263.71875,783.2998046875,1.873002529144287,
1784642734.6382072,T,688,9241216,9240897,-0.14844051003456116,0.15322890877723694,-10.271124839782715,-0.0015987749211490154,-0.01678713597357273,0.04316692054271698,-0.3916666805744171,7.025000095367432,-4.133333206176758,19.739999771118164,92263.90625,783.2830200195312,1.8769875764846802,
1784642794.5376582,T,689,9301122,9250897,-0.14844051003456116,0.1628057211637497,-10.280701637268066,-0.002931087277829647,-0.015721285715699196,0.044232770800590515,-0.22499999403953552,7.050000190734863,-4.150000095367432,19.739999771118164,92264.90625,783.1934814453125,1.8989057540893555,
1784642794.5542314,T,690,9301138,9260897,-0.12928688526153564,0.15801730751991272,-10.266336441040039,-0.0013323123566806316,-0.014655436389148235,0.04396630823612213,-0.25,7.025000095367432,-3.9833333492279053,19.75,92265.5625,783.1343994140625,1.8989057540893555,
1784642794.5737307,T,691,9301156,9270897,-0.14844051003456116,0.12928688526153564,-10.27591323852539,-0.0021316998172551394,-0.016254210844635963,0.04529862105846405,-0.3916666805744171,7.008333206176758,-4.050000190734863,19.760000228881836,92266.15625,783.0812377929688,1.873002529144287,
1784642794.5897615,T,692,9301174,9280897,-0.13407529890537262,0.14844051003456116,-10.261548042297363,-0.0013323123566806316,-0.016254210844635963,0.04396630823612213,-0.4166666567325592,7.008333206176758,-4.150000095367432,19.739999771118164,92266.6953125,783.032958984375,1.873002529144287,
1784642794.6055803,T,693,9301190,9290897,-0.15801730751991272,0.14365209639072418,-10.27591323852539,-0.0023981621488928795,-0.015721285715699196,0.04369984567165375,-0.3333333432674408,7.025000095367432,-4.050000190734863,19.729999542236328,92265.546875,783.135986328125,1.8749951124191284,
1784642794.6254768,T,694,9301206,9300897,-0.1388636976480484,0.14844051003456116,-10.27591323852539,-0.0015987749211490154,-0.015721285715699196,0.04343338683247566,-0.3916666805744171,6.974999904632568,-4.133333206176758,19.719999313354492,92266.0859375,783.0872192382812,1.892928123474121,
1784642854.5422451,T,695,9361124,9310897,-0.14844051003456116,0.14365209639072418,-10.27591323852539,-0.0007993874605745077,-0.015721285715699196,0.04396630823612213,-0.25,7.0,-4.050000190734863,19.709999084472656,92264.765625,783.2059936523438,1.8749951124191284,
1784642854.559659,T,696,9361146,9320897,-0.1628057211637497,0.1388636976480484,-10.247182846069336,-0.0015987749211490154,-0.01598774828016758,0.04316692054271698,-0.3333333432674408,7.025000095367432,-4.133333206176758,19.700000762939453,92264.171875,783.2591552734375,1.892928123474121,
1784642854.5779457,T,697,9361162,9330897,-0.1388636976480484,0.14365209639072418,-10.24239444732666,-0.0010658499086275697,-0.01598774828016758,0.04369984567165375,-0.2916666567325592,6.958333492279053,-4.175000190734863,19.700000762939453,92265.03125,783.1815795898438,1.873002529144287,
1784642854.597725,T,698,9361182,9340897,-0.1628057211637497,0.1628057211637497,-10.266336441040039,-0.0021316998172551394,-0.015454824082553387,0.045032158493995667,-0.2666666805744171,7.066666603088379,-4.050000190734863,19.700000762939453,92264.875,783.1962280273438,1.8769875764846802,
1784642854.6146,T,699,9361201,9350897,-0.1628057211637497,0.14844051003456116,-10.251971244812012,-0.0010658499086275697,-0.015721285715699196,0.0444992333650589,-0.4833333194255829,6.916666507720947,-4.150000095367432,19.709999084472656,92263.9453125,783.2792358398438,1.873002529144287,
1784642854.6310167,T,700,9361217,9360897,-0.1628057211637497,0.14844051003456116,-10.256759643554688,-0.0010658499086275697,-0.016254210844635963,0.04369984567165375,-0.2916666567325592,6.933333396911621,-4.2166666984558105,19.729999542236328,92262.8984375,783.3735961914062,1.8769875764846802,
1784642914.5380125,T,701,9421126,9370897,-0.12928688526153564,0.1628057211637497,-10.299856185913086,-0.0007993874605745077,-0.01598774828016758,0.04236753284931183,-0.25,6.958333492279053,-4.108333110809326,19.739999771118164,92262.875,783.3757934570312,1.8789801597595215,
1784642914.5557454,T,702,9421144,9380897,-0.13407529890537262,0.15801730751991272,-10.271124839782715,-0.0015987749211490154,-0.01678713597357273,0.04369984567165375,-0.3083333373069763,7.025000095367432,-4.108333110809326,19.739999771118164,92262.359375,783.421875,1.8989057540893555,
1784642914.5739954,T,703,9421162,9390897,-0.15801730751991272,0.14365209639072418,-10.280701637268066,-0.0018652373692020774,-0.017852986231446266,0.04396630823612213,-0.3916666805744171,7.0,-4.150000095367432,19.75,92262.125,783.4430541992188,1.8909355401992798,
1784642914.5914931,T,704,9421180,9400897,-0.15322890877723694,0.15322890877723694,-10.27591323852539,-0.0010658499086275697,-0.015721285715699196,0.04476569592952728,-0.3916666805744171,6.974999904632568,-4.175000190734863,19.75,92262.0,783.4544067382812,1.8949205875396729,
1784642914.6100385,T,705,9421198,9410897,-0.14844051003456116,0.1388636976480484,-10.285490036010742,-0.0015987749211490154,-0.01678713597357273,0.04369984567165375,-0.3333333432674408,6.933333396911621,-4.175000190734863,19.75,92261.75,783.4766845703125,1.8769875764846802,
1784642914.628444,T,706,9421216,9420897,-0.1388636976480484,0.13407529890537262,-10.256759643554688,-0.0018652373692020774,-0.01598774828016758,0.044232770800590515,-0.3499999940395355,7.108333110809326,-4.175000190734863,19.739999771118164,92261.8046875,783.4718017578125,1.8949205875396729,
1784642974.5343056,T,707,9481124,9430897,-0.12928688526153564,0.15322890877723694,-10.256759643554688,-0.0015987749211490154,-0.016254210844635963,0.04369984567165375,-0.375,7.008333206176758,-4.133333206176758,19.739999771118164,92261.15625,783.5298461914062,1.892928123474121,
1784642974.5514085,T,708,9481142,9440897,-0.15322890877723694,0.15801730751991272,-10.247182846069336,-0.0015987749211490154,-0.015188361518085003,0.04369984567165375,-0.3499999940395355,7.050000190734863,-4.050000190734863,19.739999771118164,92260.265625,783.610107421875,1.8749951124191284,
1784642974.5694396,T,709,9481160,9450897,-0.14365209639072418,0.14844051003456116,-10.266336441040039,-0.0018652373692020774,-0.016520673409104347,0.04343338683247566,-0.2666666805744171,7.0916666984558105,-4.191666603088379,19.729999542236328,92260.53125,783.5862426757812,1.8749951124191284,
1784642974.5862617,T,710,9481176,9460897,-0.13407529890537262,0.14844051003456116,-10.256759643554688,-0.0007993874605745077,-0.016520673409104347,0.044232770800590515,-0.375,7.050000190734863,-4.133333206176758,19.719999313354492,92259.6875,783.6621704101562,1.8749951124191284,
1784642974.6033478,T,711,9481194,9470897,-0.14844051003456116,0.15322890877723694,-10.247182846069336,-0.0015987749211490154,-0.01598774828016758,0.04316692054271698,-0.2916666567325592,7.0,-4.0916666984558105,19.709999084472656,92259.921875,783.6405029296875,1.8769875764846802,
1784642974.6193962,T,712,9481210,9480897,-0.13407529890537262,0.15801730751991272,-10.247182846069336,-0.0018652373692020774,-0.016520673409104347,0.04343338683247566,-0.4166666567325592,7.133333206176758,-4.066666603088379,19.770000457763672,92260.765625,783.5650634765625,1.8789801597595215,
1784643034.533616,T,713,9541126,9490897,-0.15322890877723694,0.14365209639072418,-10.266336441040039,-0.002931087277829647,-0.016520673409104347,0.04316692054271698,-0.4166666567325592,6.933333396911621,-4.2166666984558105,19.760000228881836,92261.1796875,783.5276489257812,1.892928123474121,
1784643034.5535128,T,714,9541144,9500897,-0.1628057211637497,0.17717093229293823,-10.271124839782715,-0.0007993874605745077,-0.016254210844635963,0.04396630823612213,-0.3916666805744171,7.0916666984558105,-4.133333206176758,19.770000457763672,92261.015625,783.5422973632812,1.892928123474121,
1784643034.573494,T,715,9541164,9510897,-0.17238251864910126,0.1388636976480484,-10.256759643554688,-0.0007993874605745077,-0.01678713597357273,0.04396630823612213,-0.4333333373069763,7.133333206176758,-4.008333206176758,19.760000228881836,92260.4921875,783.5894775390625,1.8690173625946045,
1784643034.5937731,T,716,9541184,9520897,-0.13407529890537262,0.12928688526153564,-10.295066833496094,-0.0018652373692020774,-0.016254210844635963,0.04343338683247566,-0.3499999940395355,7.108333110809326,-4.108333110809326,19.75,92259.34375,783.6925659179688,1.8769875764846802,
1784643034.613472,T,717,9541203,9530897,-0.1388636976480484,0.14844051003456116,-10.27591323852539,-0.0007993874605745077,-0.016254210844635963,0.044232770800590515,-0.3499999940395355,7.008333206176758,-4.150000095367432,19.739999771118164,92259.78125,783.6535034179688,1.8749951124191284,
1784643034.6300802,T,718,9541223,9540897,-0.14844051003456116,0.1388636976480484,-10.256759643554688,-0.0005329249543137848,-0.016254210844635963,0.04343338683247566,-0.4166666567325592,7.050000190734863,-4.275000095367432,19.729999542236328,92259.53125,783.67578125,1.8789801597595215,
1784643094.5375445,T,719,9601128,9550897,-0.15322890877723694,0.15322890877723694,-10.271124839782715,-0.0010658499086275697,-0.015188361518085003,0.04369984567165375,-0.3916666805744171,7.066666603088379,-4.050000190734863,19.729999542236328,92259.1171875,783.7131958007812,1.8969131708145142,
1784643094.5577254,T,720,9601150,9560897,-0.14844051003456116,0.14844051003456116,-10.256759643554688,-0.0013323123566806316,-0.015721285715699196,0.0444992333650589,-0.375,7.050000190734863,-4.150000095367432,19.719999313354492,92259.34375,783.6925659179688,1.8789801597595215,
1784643094.5749059,T,721,9601170,9570897,-0.15322890877723694,0.15801730751991272,-10.27591323852539,-0.0013323123566806316,-0.01598774828016758,0.04396630823612213,-0.3499999940395355,7.0916666984558105,-4.175000190734863,19.709999084472656,92258.71875,783.7489624023438,1.8969131708145142,
1784643094.5942588,T,722,9601186,9580897,-0.14844051003456116,0.15322890877723694,-10.271124839782715,-0.0026646247133612633,-0.015721285715699196,0.04369984567165375,-0.21666666865348816,7.050000190734863,-4.233333110809326,19.709999084472656,92260.09375,783.6253051757812,1.8969131708145142,
1784643094.6140068,T,723,9601206,9590897,-0.12928688526153564,0.12928688526153564,-10.27591323852539,-0.0015987749211490154,-0.01598774828016758,0.04369984567165375,-0.15000000596046448,7.108333110809326,-4.150000095367432,19.690000534057617,92259.4296875,783.6849975585938,1.8969131708145142,
1784643094.633897,T,724,9601226,9600897,-0.1628057211637497,0.14844051003456116,-10.27591323852539,-0.0007993874605745077,-0.015454824082553387,0.044232770800590515,-0.25,7.050000190734863,-4.175000190734863,19.719999313354492,92258.65625,783.7549438476562,1.9008982181549072,
1784643154.5333724,T,725,9661126,9610897,-0.17238251864910126,0.1388636976480484,-10.261548042297363,-0.0015987749211490154,-0.01678713597357273,0.04369984567165375,-0.21666666865348816,7.133333206176758,-4.108333110809326,19.729999542236328,92258.296875,783.7869873046875,1.9028908014297485,
1784643154.5534606,T,726,9661148,9620897,-0.1388636976480484,0.12928688526153564,-10.251971244812012,-0.0015987749211490154,-0.01678713597357273,0.04396630823612213,-0.22499999403953552,7.025000095367432,-4.175000190734863,19.729999542236328,92258.4296875,783.7750244140625,1.9068758487701416,
1784643154.5706112,T,727,9661168,9630897,-0.14844051003456116,0.17238251864910126,-10.27591323852539,-0.0007993874605745077,-0.017053598538041115,0.04396630823612213,-0.10833333432674408,7.108333110809326,-4.0916666984558105,19.709999084472656,92258.234375,783.7923583984375,1.8949205875396729,
1784643154.5865986,T,728,9661184,9640897,-0.12928688526153564,0.13407529890537262,-10.266336441040039,-0.0018652373692020774,-0.01678713597357273,0.04396630823612213,-0.17499999701976776,7.025000095367432,-4.108333110809326,19.700000762939453,92257.125,783.8922119140625,1.908868432044983,
1784643154.6055355,T,729,9661200,9650897,-0.14844051003456116,0.15322890877723694,-10.251971244812012,-0.0023981621488928795,-0.016254210844635963,0.04369984567165375,-0.19166666269302368,7.050000190734863,-4.008333206176758,19.709999084472656,92256.515625,783.9464721679688,1.9008982181549072,
1784643154.626027,T,730,9661220,9660897,-0.15322890877723694,0.15322890877723694,-10.256759643554688,-0.0015987749211490154,-0.016254210844635963,0.0444992333650589,-0.13333334028720856,7.050000190734863,-4.2166666984558105,19.719999313354492,92255.953125,783.9974365234375,1.9068758487701416,
1784643214.529902,T,731,9721124,9670897,-0.13407529890537262,0.1388636976480484,-10.27591323852539,-0.0018652373692020774,-0.014921898953616619,0.044232770800590515,-0.19166666269302368,7.0,-4.025000095367432,19.75,92255.2578125,784.059814453125,1.9048833847045898,
1784643214.54672,T,732,9721146,9680897,-0.13407529890537262,0.15322890877723694,-10.271124839782715,-0.0021316998172551394,-0.017053598538041115,0.04343338683247566,-0.19166666269302368,7.008333206176758,-4.133333206176758,19.75,92254.78125,784.1026611328125,1.9048833847045898,
1784643214.5657997,T,733,9721162,9690897,-0.15801730751991272,0.13407529890537262,-10.271124839782715,-0.0023981621488928795,-0.016254210844635963,0.04369984567165375,-0.3499999940395355,7.175000190734863,-4.191666603088379,19.75,92254.921875,784.0902099609375,1.9008982181549072,
1784643214.586155,T,734,9721182,9700897,-0.15801730751991272,0.14365209639072418,-10.247182846069336,-0.0023981621488928795,-0.016520673409104347,0.04343338683247566,-0.10833333432674408,7.333333492279053,-4.191666603088379,19.780000686645508,92255.5625,784.03271484375,1.9008982181549072,
1784643214.6059523,T,735,9721203,9710897,-0.13407529890537262,0.1388636976480484,-10.266336441040039,-0.0015987749211490154,-0.015721285715699196,0.0444992333650589,-0.06666667014360428,7.375,-4.316666603088379,19.780000686645508,92255.21875,784.0635986328125,1.9048833847045898,
1784643214.62567,T,736,9721223,9720897,-0.14365209639072418,0.13407529890537262,-10.295066833496094,-0.0018652373692020774,-0.015721285715699196,0.0444992333650589,-0.21666666865348816,7.333333492279053,-4.150000095367432,19.780000686645508,92255.5625,784.03271484375,1.9028908014297485,
1784643274.5279906,T,737,9781124,9730897,-0.12449848651885986,0.1149216815829277,-10.304644584655762,-0.0013323123566806316,-0.014921898953616619,0.04369984567165375,-0.02500000037252903,7.291666507720947,-4.300000190734863,19.780000686645508,92255.5625,784.03271484375,1.9068758487701416,
1784643274.5537477,T,738,9781146,9740897,-0.15801730751991272,0.14844051003456116,-10.280701637268066,-0.0005329249543137848,-0.016254210844635963,0.0444992333650589,-0.13333334028720856,7.291666507720947,-4.358333110809326,19.780000686645508,92256.421875,783.9551391601562,1.908868432044983,
1784643274.579265,T,739,9781172,9750897,-0.14844051003456116,0.1628057211637497,-10.299856185913086,-0.0023981621488928795,-0.016254210844635963,0.0444992333650589,-0.75,7.224999904632568,-4.275000095367432,19.770000457763672,92257.234375,783.8824462890625,1.9048833847045898,
1784643274.5998538,T,740,9781198,9760897,-0.15322890877723694,0.13407529890537262,-10.256759643554688,-0.0007993874605745077,-0.01598774828016758,0.04343338683247566,-0.7250000238418579,7.191666603088379,-4.258333206176758,19.790000915527344,92257.296875,783.87646484375,1.908868432044983,
1784643274.622601,T,741,9781218,9770897,-1.7286136150360107,-2.6431987285614014,-9.528923034667969,0.3487994074821472,-0.40449005365371704,0.04263399541378021,-7.291666507720947,8.175000190734863,-2.4583332538604736,19.799999237060547,92258.0234375,783.8114013671875,1.908868432044983,
1784643274.6547704,T,742,9781242,9780897,-0.09576806426048279,0.14365209639072418,-10.280701637268066,-0.0010658499086275697,-0.01598774828016758,0.04369984567165375,-0.5083333253860474,7.066666603088379,-4.3416666984558105,19.809999465942383,92258.4453125,783.7733764648438,1.9108611345291138,
1784644038.4792914,T,1,361249,901,0.26815059781074524,0.047884032130241394,-10.180145263671875,0.08713322877883911,-0.2720581889152527,-0.0010658499086275697,0.7250000238418579,5.641666889190674,-3.0250000953674316,21.260000228881836,92257.640625,783.8455200195312,1.7195756435394287,
1784644038.5033906,T,2,361272,10901,-0.17717093229293823,-0.19153612852096558,-10.290278434753418,-0.0015987749211490154,-0.017053598538041115,0.042900457978248596,0.46666666865348816,5.724999904632568,-3.258333444595337,21.149999618530273,92256.75,783.9258422851562,1.7335236072540283,
1784644038.525805,T,3,361297,20901,-0.2059013396501541,-0.181959331035614,-10.261548042297363,-0.0010658499086275697,-0.01598774828016758,0.04210107401013374,0.5249999761581421,5.766666889190674,-3.3333332538604736,21.059999465942383,92258.609375,783.7587280273438,1.737508773803711,
1784644038.544572,T,4,361318,30901,-0.2059013396501541,-0.19632454216480255,-10.24239444732666,-0.0018652373692020774,-0.016254210844635963,0.04476569592952728,0.4833333194255829,5.641666889190674,-3.258333444595337,20.969999313354492,92258.34375,783.7825927734375,1.741493821144104,
1784644038.5645497,T,5,361337,40901,-0.1867477297782898,-0.19153612852096558,-10.27591323852539,-0.0007993874605745077,-0.01598774828016758,0.04396630823612213,0.675000011920929,5.766666889190674,-3.1500000953674316,20.889999389648438,92260.53125,783.5862426757812,1.7395012378692627,
1784644038.5845819,T,6,361358,50901,-0.19153612852096558,-0.181959331035614,-10.237606048583984,-0.0021316998172551394,-0.015721285715699196,0.0444992333650589,0.4333333373069763,5.666666507720947,-3.2333333492279053,20.799999237060547,92262.7578125,783.3861083984375,1.7474714517593384,
1784644038.6043777,T,7,361377,60901,-0.2106897532939911,-0.19632454216480255,-10.256759643554688,-0.0015987749211490154,-0.01678713597357273,0.04263399541378021,0.4583333432674408,5.5916666984558105,-3.308333396911621,20.739999771118164,92262.765625,783.385009765625,1.745478868484497,
1784644038.6243494,T,8,361398,70901,-0.19632454216480255,-0.19153612852096558,-10.256759643554688,-0.0023981621488928795,-0.016520673409104347,0.044232770800590515,0.6083333492279053,5.483333110809326,-2.9833333492279053,20.690000534057617,92263.2421875,783.3427124023438,1.7494639158248901,
1784644038.6422262,T,9,361417,80901,-0.2106897532939911,-0.1867477297782898,-10.271124839782715,-0.0013323123566806316,-0.015454824082553387,0.04369984567165375,1.3083332777023315,5.349999904632568,-3.808333396911621,20.639999389648438,92262.65625,783.3953247070312,1.765404462814331,
1784644038.6595738,T,10,361436,90901,-0.19632454216480255,-0.19153612852096558,-10.261548042297363,-0.0002664624771568924,-0.01678713597357273,0.0444992333650589,0.7916666865348816,5.525000095367432,-3.308333396911621,20.6200008392334,92262.2578125,783.4310913085938,1.751456618309021,
1784644038.6784713,T,11,361453,100901,-0.22505496442317963,-0.1867477297782898,-10.280701637268066,-0.0015987749211490154,-0.015721285715699196,0.04343338683247566,0.6083333492279053,5.4666666984558105,-3.066666603088379,20.59000015258789,92262.40625,783.4175415039062,1.765404462814331,
1784644038.6955605,T,12,361472,110901,-0.19632454216480255,-0.181959331035614,-10.271124839782715,-0.0013323123566806316,-0.014921898953616619,0.04343338683247566,0.6333333253860474,5.608333110809326,-3.066666603088379,20.559999465942383,92260.953125,783.5482788085938,1.775367259979248,
1784644038.7148502,T,13,361489,120901,-0.20111294090747833,-0.19153612852096558,-10.280701637268066,-0.0013323123566806316,-0.015454824082553387,0.04396630823612213,0.7250000238418579,5.566666603088379,-3.133333444595337,20.549999237060547,92257.875,783.824951171875,1.7773598432540894,
1784644038.7319937,T,14,361508,130901,-0.20111294090747833,-0.1628057211637497,-10.266336441040039,-0.0018652373692020774,-0.015721285715699196,0.04343338683247566,0.6833333373069763,5.608333110809326,-2.924999952316284,20.540000915527344,92254.8046875,784.1005249023438,1.7793524265289307,
1784644038.751852,T,15,361525,140901,-0.22026655077934265,-0.2106897532939911,-10.271124839782715,-0.0013323123566806316,-0.01598774828016758,0.0444992333650589,0.7083333134651184,5.525000095367432,-2.9833333492279053,20.540000915527344,92252.953125,784.2665405273438,1.7793524265289307,
1784644038.7719018,T,16,361544,150901,-0.22505496442317963,-0.19153612852096558,-10.24239444732666,-0.0007993874605745077,-0.015454824082553387,0.04396630823612213,0.6333333253860474,5.508333206176758,-3.1083333492279053,20.530000686645508,92251.453125,784.401611328125,1.7773598432540894,
1784644038.7916844,T,17,361565,160901,-0.2059013396501541,-0.1867477297782898,-10.271124839782715,-0.0023981621488928795,-0.015188361518085003,0.044232770800590515,0.6499999761581421,5.550000190734863,-3.0916666984558105,20.520000457763672,92250.90625,784.4509887695312,1.7833374738693237,
1784644038.8118625,T,18,361584,170901,-0.24420857429504395,-0.181959331035614,-10.295066833496094,-0.0026646247133612633,-0.015721285715699196,0.04369984567165375,0.5666666626930237,5.5916666984558105,-3.2166666984558105,20.549999237060547,92251.546875,784.3934936523438,1.8012704849243164,
1784644038.8311086,T,19,361605,180901,-0.23942017555236816,-0.19153612852096558,-10.256759643554688,-0.0015987749211490154,-0.01678713597357273,0.045032158493995667,0.5083333253860474,5.633333206176758,-3.1083333492279053,20.579999923706055,92251.671875,784.382080078125,1.8052555322647095,
1784644038.8505764,T,20,361624,190901,-0.2346317619085312,-0.17717093229293823,-10.295066833496094,-0.0015987749211490154,-0.01678713597357273,0.0444992333650589,0.5666666626930237,5.708333492279053,-3.1500000953674316,20.59000015258789,92250.921875,784.4493408203125,1.8112332820892334,
1784644038.8664272,T,21,361643,200901,-0.21547815203666687,-0.17238251864910126,-10.256759643554688,-0.0026646247133612633,-0.015721285715699196,0.0444992333650589,0.5083333253860474,5.566666603088379,-3.1500000953674316,20.6299991607666,92253.6328125,784.2057495117188,1.8112332820892334,
1784644038.8834386,T,22,361660,210901,-0.22505496442317963,-0.17238251864910126,-10.24239444732666,-0.0015987749211490154,-0.015454824082553387,0.044232770800590515,0.5249999761581421,5.550000190734863,-3.174999952316284,20.690000534057617,92255.15625,784.0690307617188,1.8072481155395508,
1784644038.9022677,T,23,361677,220901,-0.24420857429504395,-0.19153612852096558,-10.290278434753418,-0.0015987749211490154,-0.016520673409104347,0.04343338683247566,0.550000011920929,5.633333206176758,-3.066666603088379,20.739999771118164,92255.359375,784.0505981445312,1.8092405796051025,
1784644038.9195213,T,24,361696,230901,-0.22026655077934265,-0.1867477297782898,-10.27591323852539,-0.0015987749211490154,-0.015454824082553387,0.04369984567165375,0.5666666626930237,5.608333110809326,-3.1500000953674316,20.799999237060547,92253.6328125,784.2057495117188,1.8132258653640747,
1784644038.938922,T,25,361713,240901,-0.2298433631658554,-0.17238251864910126,-10.27591323852539,-0.0026646247133612633,-0.015721285715699196,0.04369984567165375,0.46666666865348816,5.5916666984558105,-3.133333444595337,20.850000381469727,92252.1875,784.3359375,1.8132258653640747,
1784644038.955551,T,26,361732,250901,-0.24899697303771973,-0.16759411990642548,-10.261548042297363,-0.0018652373692020774,-0.014122511260211468,0.04263399541378021,0.4166666567325592,5.608333110809326,-2.8416666984558105,20.8799991607666,92250.65625,784.47265625,1.8291661739349365,
1784644038.9749312,T,27,361749,260901,-0.24420857429504395,-0.1867477297782898,-10.27591323852539,-0.0021316998172551394,-0.014388973824679852,0.0444992333650589,0.3916666805744171,5.5916666984558105,-2.9000000953674316,20.90999984741211,92249.6015625,784.567626953125,1.8331514596939087,
1784644038.991497,T,28,361768,270901,-0.2585737705230713,-0.17238251864910126,-10.27591323852539,-0.0015987749211490154,-0.015454824082553387,0.04316692054271698,0.4333333373069763,5.508333206176758,-3.008333444595337,20.940000534057617,92250.65625,784.47265625,1.8331514596939087,
1784644039.010964,T,29,361785,280901,-0.2346317619085312,-0.19153612852096558,-10.24239444732666,-0.0021316998172551394,-0.016520673409104347,0.0444992333650589,0.4583333432674408,5.641666889190674,-2.924999952316284,20.979999542236328,92250.5,784.4873046875,1.8351439237594604,
1784644039.02751,T,30,361804,290901,-0.24899697303771973,-0.181959331035614,-10.251971244812012,-0.0018652373692020774,-0.015721285715699196,0.0444992333650589,0.3916666805744171,5.666666507720947,-2.9000000953674316,21.0,92249.71875,784.5573120117188,1.8431141376495361,
1784644039.0468528,T,31,361821,300901,-0.26336219906806946,-0.17717093229293823,-10.251971244812012,-0.0026646247133612633,-0.014122511260211468,0.045032158493995667,0.375,5.641666889190674,-2.8416666984558105,21.010000228881836,92247.9375,784.7173461914062,1.8451067209243774,
1784644039.0634894,T,32,361840,310901,-0.2537853717803955,-0.17717093229293823,-10.271124839782715,-0.0021316998172551394,-0.016520673409104347,0.044232770800590515,0.3499999940395355,5.608333110809326,-2.9000000953674316,21.040000915527344,92247.921875,784.7184448242188,1.8451067209243774,
1784644039.0830073,T,33,361857,320901,-0.26815059781074524,-0.181959331035614,-10.323798179626465,-0.0026646247133612633,-0.014921898953616619,0.04476569592952728,0.3916666805744171,5.633333206176758,-2.924999952316284,21.06999969482422,92248.03125,784.709228515625,1.8411215543746948,
1784644039.1032865,T,34,361876,330901,-0.26815059781074524,-0.1867477297782898,-10.295066833496094,-0.0023981621488928795,-0.014655436389148235,0.0444992333650589,0.3499999940395355,5.633333206176758,-2.9000000953674316,21.100000381469727,92249.015625,784.6202392578125,1.8431141376495361,
1784644039.1229012,T,35,361897,340901,-0.26815059781074524,-0.1867477297782898,-10.271124839782715,-0.0018652373692020774,-0.014921898953616619,0.045565083622932434,0.4583333432674408,5.608333110809326,-2.9000000953674316,21.1299991607666,92249.890625,784.5421142578125,1.8451067209243774,
1784644039.139519,T,36,361916,350901,-0.26815059781074524,-0.17238251864910126,-10.27591323852539,-0.0018652373692020774,-0.015188361518085003,0.04316692054271698,0.2916666567325592,5.566666603088379,-2.8416666984558105,21.1299991607666,92250.9609375,784.4461059570312,1.8470991849899292,
1784644039.1593246,T,37,361933,360901,-0.2585737705230713,-0.2059013396501541,-10.266336441040039,-0.003197549842298031,-0.015454824082553387,0.04369984567165375,0.3333333432674408,5.666666507720947,-2.883333444595337,21.149999618530273,92250.421875,784.494384765625,1.8650321960449219,
1784644098.4989772,T,38,421272,370901,-0.2585737705230713,-0.19632454216480255,-10.280701637268066,-0.0021316998172551394,-0.014122511260211468,0.04396630823612213,0.3333333432674408,5.566666603088379,-3.0250000953674316,21.209999084472656,92248.0390625,784.7081298828125,1.8670247793197632,
1784644098.5216203,T,39,421295,380901,-0.24899697303771973,-0.17717093229293823,-10.266336441040039,-0.002931087277829647,-0.014122511260211468,0.0444992333650589,0.21666666865348816,5.608333110809326,-3.1083333492279053,21.229999542236328,92247.390625,784.7667236328125,1.8650321960449219,
1784644098.541479,T,40,421318,390901,-0.2777273952960968,-0.1628057211637497,-10.295066833496094,-0.0023981621488928795,-0.015454824082553387,0.04396630823612213,0.17499999701976776,5.525000095367432,-2.9666666984558105,21.270000457763672,92247.40625,784.7650756835938,1.8630397319793701,
1784644098.5614026,T,41,421337,400901,-0.2537853717803955,-0.19153612852096558,-10.266336441040039,-0.0018652373692020774,-0.014388973824679852,0.045032158493995667,0.4166666567325592,5.641666889190674,-2.691666603088379,21.270000457763672,92248.265625,784.6880493164062,1.8690173625946045,
1784644098.58159,T,42,421358,410901,-0.2825157940387726,-0.181959331035614,-10.247182846069336,-0.0021316998172551394,-0.015188361518085003,0.04396630823612213,0.25,5.5916666984558105,-2.924999952316284,21.229999542236328,92247.671875,784.7412109375,1.873002529144287,
1784644098.6014545,T,43,421377,420901,-0.2825157940387726,-0.181959331035614,-10.261548042297363,-0.0018652373692020774,-0.015188361518085003,0.04369984567165375,0.3333333432674408,5.633333206176758,-2.8416666984558105,21.270000457763672,92246.171875,784.8757934570312,1.8690173625946045,
1784644158.4838035,T,44,481268,430901,-0.24899697303771973,-0.19153612852096558,-10.261548042297363,-0.0015987749211490154,-0.015188361518085003,0.04529862105846405,0.2916666567325592,5.633333206176758,-2.924999952316284,21.290000915527344,92247.484375,784.758056640625,1.8710099458694458,
1784644158.5003326,T,45,481285,440901,-0.2585737705230713,-0.17717093229293823,-10.290278434753418,-0.0018652373692020774,-0.014921898953616619,0.0444992333650589,0.4166666567325592,5.666666507720947,-2.7750000953674316,21.31999969482422,92249.015625,784.6202392578125,1.8690173625946045,
1784644158.517341,T,46,481302,450901,-0.24420857429504395,-0.1867477297782898,-10.309432983398438,-0.0021316998172551394,-0.014921898953616619,0.044232770800590515,0.3499999940395355,5.5916666984558105,-2.9666666984558105,21.420000076293945,92249.1875,784.6050415039062,1.8690173625946045,
1784644158.5343397,T,47,481319,460901,-0.24899697303771973,-0.17717093229293823,-10.285490036010742,-0.0021316998172551394,-0.014122511260211468,0.04369984567165375,0.4166666567325592,5.566666603088379,-2.883333444595337,21.440000534057617,92248.71875,784.6473388671875,1.8749951124191284,
1784644158.551349,T,48,481336,470901,-0.24420857429504395,-0.17717093229293823,-10.261548042297363,-0.002931087277829647,-0.016254210844635963,0.0444992333650589,0.3916666805744171,5.641666889190674,-2.924999952316284,21.40999984741211,92247.359375,784.7694091796875,1.8690173625946045,
1784644158.5683262,T,49,481353,480901,-0.2537853717803955,-0.17717093229293823,-10.256759643554688,-0.0015987749211490154,-0.014388973824679852,0.0444992333650589,0.3083333373069763,5.5916666984558105,-2.924999952316284,21.389999389648438,92247.4921875,784.7575073242188,1.8690173625946045,
1784644218.4869661,T,50,541270,490901,-0.2585737705230713,-0.181959331035614,-10.295066833496094,-0.0018652373692020774,-0.014655436389148235,0.0444992333650589,0.3499999940395355,5.708333492279053,-2.883333444595337,21.3700008392334,92248.515625,784.665283203125,1.8769875764846802,
1784644218.5110593,T,51,541293,500901,-0.26336219906806946,-0.181959331035614,-10.266336441040039,-0.0026646247133612633,-0.014655436389148235,0.045565083622932434,0.2666666805744171,5.683333396911621,-2.8583333492279053,21.329999923706055,92245.640625,784.9235229492188,1.8710099458694458,
1784644218.534997,T,52,541318,510901,-0.272938996553421,-0.19153612852096558,-10.261548042297363,-0.0023981621488928795,-0.01598774828016758,0.04476569592952728,0.4583333432674408,5.633333206176758,-2.9000000953674316,21.31999969482422,92240.375,785.3966064453125,1.8710099458694458,
1784644218.5591123,T,53,541341,520901,-0.24899697303771973,-0.181959331035614,-10.271124839782715,-0.0026646247133612633,-0.015188361518085003,0.04396630823612213,0.3916666805744171,5.666666507720947,-2.941666603088379,21.360000610351562,92240.828125,785.3564453125,1.8710099458694458,
1784644218.5829887,T,54,541366,530901,-0.2585737705230713,-0.1867477297782898,-10.261548042297363,-0.003197549842298031,-0.015188361518085003,0.04396630823612213,0.375,5.666666507720947,-2.9666666984558105,21.43000030517578,92240.171875,785.4150390625,1.873002529144287,
1784644218.603461,T,55,541389,540901,-0.2585737705230713,-0.181959331035614,-10.256759643554688,-0.002931087277829647,-0.014921898953616619,0.04529862105846405,0.3083333373069763,5.708333492279053,-2.883333444595337,21.43000030517578,92239.65625,785.4617309570312,1.8749951124191284,
1785086727.7805953,T,1,301247,899,-0.033518824726343155,0.038307227194309235,-10.496180534362793,-0.0005329249543137848,-0.017586523666977882,0.04210107401013374,-0.75,7.724999904632568,-4.191666603088379,20.799999237060547,92276.4609375,782.1558837890625,0.005977667402476072,
1785086727.8056185,T,2,301272,10899,-0.06703764945268631,0.028730420395731926,-10.496180534362793,-0.0018652373692020774,-0.01598774828016758,0.04210107401013374,-0.6083333492279053,7.800000190734863,-4.150000095367432,20.760000228881836,92275.203125,782.2686767578125,0.03785856068134308,
1785086727.8298814,T,3,301297,20899,-0.038307227194309235,0.014365210197865963,-10.481815338134766,-0.0021316998172551394,-0.016254210844635963,0.04263399541378021,-0.6333333253860474,7.766666889190674,-4.275000095367432,20.81999969482422,92278.1953125,781.9996337890625,0.0797022357583046,
1785086727.8517735,T,4,301320,30899,-0.043095629662275314,0.009576806798577309,-10.491392135620117,-0.0023981621488928795,-0.016254210844635963,0.04316692054271698,-0.6083333492279053,7.775000095367432,-4.133333206176758,20.860000610351562,92279.703125,781.8640747070312,0.11357568204402924,
1785086727.8705194,T,5,301343,40899,-0.06703764945268631,0.028730420395731926,-10.500968933105469,-0.0021316998172551394,-0.015188361518085003,0.04263399541378021,-0.6499999761581421,7.683333396911621,-4.175000190734863,20.889999389648438,92278.7890625,781.946533203125,0.17135979235172272,
1785086727.8888462,T,6,301362,50899,-0.05267243832349777,0.009576806798577309,-10.486603736877441,-0.003197549842298031,-0.016520673409104347,0.04343338683247566,-0.6333333253860474,7.766666889190674,-4.175000190734863,20.90999984741211,92278.1484375,782.0040283203125,0.20523324608802795,
1785086727.9087305,T,7,301379,60899,-0.06703764945268631,0.014365210197865963,-10.496180534362793,-0.0023981621488928795,-0.015188361518085003,0.04369984567165375,-0.5916666388511658,7.683333396911621,-4.233333110809326,20.90999984741211,92277.1875,782.0902099609375,0.24309180676937103,
1785086727.9287238,T,8,301400,70899,-0.05746084079146385,0.014365210197865963,-10.505757331848145,-0.0026646247133612633,-0.015721285715699196,0.042900457978248596,-0.6499999761581421,7.775000095367432,-4.316666603088379,20.920000076293945,92276.7109375,782.133056640625,0.2809503674507141,
1785086727.9488027,T,9,301419,80899,-0.043095629662275314,0.033518824726343155,-10.505757331848145,-0.0023981621488928795,-0.01598774828016758,0.042900457978248596,-0.5666666626930237,7.724999904632568,-4.175000190734863,20.920000076293945,92275.0625,782.2811889648438,0.31482383608818054,
1785086727.965403,T,10,301440,90899,-0.023942016065120697,0.028730420395731926,-10.505757331848145,-0.0021316998172551394,-0.018385911360383034,0.04369984567165375,-0.375,7.683333396911621,-4.191666603088379,20.950000762939453,92274.625,782.3201904296875,0.3407270610332489,
1785086727.98241,T,11,301457,100899,-0.06703764945268631,0.014365210197865963,-10.515334129333496,-0.0013323123566806316,-0.013856049627065659,0.04396630823612213,-0.4166666567325592,7.708333492279053,-4.133333206176758,20.969999313354492,92273.984375,782.377685546875,0.37460049986839294,
1785086727.9993868,T,12,301474,110899,-0.05267243832349777,0.009576806798577309,-10.505757331848145,-0.0018652373692020774,-0.014655436389148235,0.04476569592952728,-0.375,7.708333492279053,-4.300000190734863,20.989999771118164,92273.8203125,782.392333984375,0.4024962782859802,
1785086728.0164149,T,13,301491,120899,-0.06703764945268631,0.014365210197865963,-10.548852920532227,-0.0026646247133612633,-0.014921898953616619,0.04236753284931183,-0.4833333194255829,7.666666507720947,-4.300000190734863,21.0,92271.5546875,782.5957641601562,0.4403548538684845,
1785086728.033744,T,14,301508,130899,-0.05746084079146385,0.019153613597154617,-10.515334129333496,-0.0023981621488928795,-0.014122511260211468,0.04263399541378021,-0.4166666567325592,7.800000190734863,-4.150000095367432,21.020000457763672,92270.4296875,782.6972045898438,0.4702431857585907,
1785086728.0504456,T,15,301525,140899,-0.043095629662275314,0.014365210197865963,-10.520122528076172,-0.0026646247133612633,-0.013856049627065659,0.0444992333650589,-0.3499999940395355,7.724999904632568,-4.275000095367432,21.049999237060547,92270.71875,782.671142578125,0.5021240711212158,
1785086728.067392,T,16,301542,150899,-0.06703764945268631,0.038307227194309235,-10.500968933105469,-0.003197549842298031,-0.016254210844635963,0.04369984567165375,-0.3333333432674408,7.75,-4.300000190734863,21.06999969482422,92270.59375,782.6825561523438,0.532012403011322,
1785086728.084439,T,17,301559,160899,-0.05267243832349777,0.014365210197865963,-10.496180534362793,-0.002931087277829647,-0.014921898953616619,0.04343338683247566,-0.3499999940395355,7.641666889190674,-4.3416666984558105,21.100000381469727,92271.9921875,782.5567016601562,0.5579156279563904,
1785086728.1013823,T,18,301576,170899,-0.047884032130241394,0.0,-10.520122528076172,-0.003197549842298031,-0.015188361518085003,0.044232770800590515,-0.4166666567325592,7.775000095367432,-4.0916666984558105,21.139999389648438,92272.1875,782.5393676757812,0.5858114361763,
1785086728.1183734,T,19,301593,180899,-0.06224924325942993,-0.004788403399288654,-10.524910926818848,-0.0037304747384041548,-0.015454824082553387,0.04343338683247566,-0.4333333373069763,7.724999904632568,-4.258333206176758,21.18000030517578,92272.0625,782.5501708984375,0.6057369709014893,
1785086728.1353884,T,20,301610,190899,-0.05746084079146385,0.023942016065120697,-10.524910926818848,-0.0026646247133612633,-0.014122511260211468,0.04263399541378021,-0.3916666805744171,7.666666507720947,-4.316666603088379,21.200000762939453,92272.046875,782.5518188476562,0.6316401958465576,
1785086728.1523964,T,21,301627,200899,-0.043095629662275314,0.004788403399288654,-10.486603736877441,-0.0023981621488928795,-0.014122511260211468,0.04369984567165375,-0.4333333373069763,7.641666889190674,-4.400000095367432,21.229999542236328,92271.578125,782.5941162109375,0.6575434803962708,
1785086728.1694365,T,22,301644,210899,-0.06703764945268631,0.019153613597154617,-10.524910926818848,-0.0021316998172551394,-0.014388973824679852,0.04396630823612213,-0.5083333253860474,7.666666507720947,-4.191666603088379,21.260000228881836,92271.59375,782.592529296875,0.6635211110115051,
1785086728.1864429,T,23,301661,220899,-0.05746084079146385,0.009576806798577309,-10.529699325561523,-0.003996937070041895,-0.014921898953616619,0.042900457978248596,-0.4583333432674408,7.708333492279053,-4.233333110809326,21.299999237060547,92271.640625,782.588134765625,0.6934094429016113,
1785086728.2034476,T,24,301678,230899,-0.047884032130241394,0.014365210197865963,-10.520122528076172,-0.0026646247133612633,-0.014655436389148235,0.04263399541378021,-0.4333333373069763,7.683333396911621,-4.233333110809326,21.329999923706055,92271.140625,782.6331787109375,0.7252902984619141,
1785086728.2204802,T,25,301695,240899,-0.06703764945268631,0.009576806798577309,-10.524910926818848,-0.003197549842298031,-0.013856049627065659,0.042900457978248596,-0.550000011920929,7.75,-4.258333206176758,21.3700008392334,92270.84375,782.6597900390625,0.7492009997367859,
1785086728.2374518,T,26,301712,250899,-0.08140286058187485,0.014365210197865963,-10.5344877243042,-0.004263399634510279,-0.014388973824679852,0.04369984567165375,-0.46666666865348816,7.625,-4.233333110809326,21.40999984741211,92269.9375,782.7411499023438,0.7591637969017029,
1785086728.254399,T,27,301729,260899,-0.08140286058187485,0.004788403399288654,-10.515334129333496,-0.003197549842298031,-0.014388973824679852,0.04263399541378021,-0.5083333253860474,7.708333492279053,-4.275000095367432,21.440000534057617,92269.703125,782.7622680664062,0.7870596051216125,
1785086728.2713838,T,28,301746,270899,-0.06703764945268631,0.004788403399288654,-10.520122528076172,-0.0034640124067664146,-0.013856049627065659,0.04316692054271698,-0.5083333253860474,7.708333492279053,-4.150000095367432,21.450000762939453,92269.15625,782.8110961914062,0.8129627704620361,
1785086728.2884028,T,29,301763,280899,-0.07182604819536209,0.033518824726343155,-10.520122528076172,-0.002931087277829647,-0.014388973824679852,0.04369984567165375,-0.5083333253860474,7.5916666984558105,-4.300000190734863,21.469999313354492,92268.3125,782.8875732421875,0.8229255676269531,
1785086728.30539,T,30,301780,290899,-0.07182604819536209,-0.004788403399288654,-10.5344877243042,-0.002931087277829647,-0.014388973824679852,0.042900457978248596,-0.4583333432674408,7.766666889190674,-4.233333110809326,21.5,92268.109375,782.9054565429688,0.8428511023521423,
1785086728.322397,T,31,301797,300899,-0.06703764945268631,0.014365210197865963,-10.500968933105469,-0.0023981621488928795,-0.014122511260211468,0.04396630823612213,-0.5666666626930237,7.683333396911621,-4.2166666984558105,21.549999237060547,92268.4375,782.8761596679688,0.8548064231872559,
1785086787.800212,T,32,361268,310899,-0.06224924325942993,0.004788403399288654,-10.515334129333496,-0.0023981621488928795,-0.013589587062597275,0.04369984567165375,-0.4333333373069763,7.800000190734863,-4.316666603088379,21.610000610351562,92267.765625,782.9364013671875,0.8827022314071655,
1785086787.82504,T,33,361293,320899,-0.06224924325942993,0.004788403399288654,-10.54406452178955,-0.003197549842298031,-0.014655436389148235,0.04369984567165375,-0.5083333253860474,7.625,-4.2166666984558105,21.68000030517578,92268.4453125,782.8756713867188,0.8827022314071655,
1785086787.846891,T,34,361318,330899,-0.08619125932455063,0.019153613597154617,-10.520122528076172,-0.0026646247133612633,-0.014122511260211468,0.044232770800590515,-0.5249999761581421,7.708333492279053,-4.175000190734863,21.75,92269.0859375,782.817626953125,0.9046202898025513,
1785086787.8667848,T,35,361339,340899,-0.08619125932455063,-0.004788403399288654,-10.505757331848145,-0.0034640124067664146,-0.013856049627065659,0.04369984567165375,-0.5666666626930237,7.666666507720947,-4.275000095367432,21.829999923706055,92265.796875,783.1132202148438,0.9105980396270752,
1785086787.8868115,T,36,361358,350899,-0.05267243832349777,0.014365210197865963,-10.5344877243042,-0.003197549842298031,-0.014655436389148235,0.044232770800590515,-0.4583333432674408,7.766666889190674,-4.191666603088379,21.920000076293945,92264.9921875,783.1859130859375,0.9225533604621887,
1785086787.906849,T,37,361379,360899,-0.047884032130241394,-0.009576806798577309,-10.515334129333496,-0.002931087277829647,-0.013856049627065659,0.04343338683247566,-0.3916666805744171,7.683333396911621,-4.258333206176758,21.979999542236328,92263.65625,783.3057861328125,0.9424788951873779,
1785086847.7961855,T,38,421268,370899,-0.05746084079146385,-0.004788403399288654,-10.505757331848145,-0.002931087277829647,-0.014388973824679852,0.04369984567165375,-0.5916666388511658,7.666666507720947,-4.2166666984558105,22.030000686645508,92262.28125,783.428955078125,0.9484565854072571,
1785086847.820108,T,39,421291,380899,-0.07661445438861847,0.009576806798577309,-10.5344877243042,-0.0045298621989786625,-0.013589587062597275,0.04316692054271698,-0.4333333373069763,7.641666889190674,-4.2166666984558105,22.079999923706055,92260.578125,783.5819091796875,0.9524416923522949,
1785086847.8404977,T,40,421316,390899,-0.009576806798577309,0.0,-10.553641319274902,-0.005862174555659294,-0.024514546617865562,0.042900457978248596,-0.46666666865348816,7.666666507720947,-4.150000095367432,22.139999389648438,92259.859375,783.646484375,0.9723672270774841,
1785086847.8605084,T,41,421335,400899,-0.05267243832349777,-0.004788403399288654,-10.524910926818848,-0.003996937070041895,-0.013589587062597275,0.044232770800590515,-0.46666666865348816,7.683333396911621,-4.2166666984558105,22.209999084472656,92260.3828125,783.5997924804688,0.9843225479125977,
1785086847.8805842,T,42,421356,410899,-0.08619125932455063,0.014365210197865963,-10.500968933105469,-0.003197549842298031,-0.014122511260211468,0.04343338683247566,-0.4333333373069763,7.683333396911621,-4.0916666984558105,22.270000457763672,92260.796875,783.5623779296875,1.0022555589675903,
1785086847.9013603,T,43,421375,420899,-0.090979665517807,0.033518824726343155,-10.505757331848145,-0.002931087277829647,-0.014388973824679852,0.04396630823612213,-0.5083333253860474,7.775000095367432,-4.233333110809326,22.31999969482422,92261.15625,783.5298461914062,1.010225772857666,
1785086907.7924623,T,44,481268,430899,-0.07182604819536209,0.023942016065120697,-10.520122528076172,-0.004263399634510279,-0.013589587062597275,0.042900457978248596,-0.5249999761581421,7.766666889190674,-4.2166666984558105,22.360000610351562,92262.421875,783.4164428710938,1.0181959867477417,
1785086907.816076,T,45,481293,440899,-0.06224924325942993,0.019153613597154617,-10.524910926818848,-0.0037304747384041548,-0.013589587062597275,0.04343338683247566,-0.5083333253860474,7.708333492279053,-4.191666603088379,22.3799991607666,92261.84375,783.468505859375,1.0381217002868652,
1785086907.8385382,T,46,481316,450899,-0.06703764945268631,-0.004788403399288654,-10.496180534362793,-0.0037304747384041548,-0.013856049627065659,0.04369984567165375,-0.4833333194255829,7.800000190734863,-4.275000095367432,22.389999389648438,92262.046875,783.4500732421875,1.040114164352417,
1785086907.8574681,T,47,481339,460899,-0.07661445438861847,0.023942016065120697,-10.539276123046875,-0.003996937070041895,-0.013589587062597275,0.04343338683247566,-0.3916666805744171,7.724999904632568,-4.2166666984558105,22.350000381469727,92261.109375,783.5341796875,1.0480844974517822,
1785086907.8774133,T,48,481358,470899,-0.07661445438861847,0.019153613597154617,-10.524910926818848,-0.0045298621989786625,-0.013589587062597275,0.04316692054271698,-0.3916666805744171,7.724999904632568,-4.191666603088379,22.31999969482422,92261.359375,783.5119018554688,1.070002555847168,
1785086907.8974385,T,49,481377,480899,-0.07182604819536209,0.023942016065120697,-10.539276123046875,-0.004796324297785759,-0.013056661002337933,0.044232770800590515,-0.4166666567325592,7.708333492279053,-4.300000190734863,22.360000610351562,92262.25,783.431640625,1.070002555847168,
1785086967.7809007,T,50,541268,490899,-0.09576806426048279,-0.009576806798577309,-10.505757331848145,-0.0045298621989786625,-0.013856049627065659,0.044232770800590515,-0.4333333373069763,7.816666603088379,-4.175000190734863,22.40999984741211,92261.5625,783.4940185546875,1.083950400352478,
1785086967.7968426,T,51,541285,500899,-0.07661445438861847,-0.019153613597154617,-10.563218116760254,-0.0015987749211490154,-0.014388973824679852,0.04396630823612213,-0.46666666865348816,7.75,-4.191666603088379,22.450000762939453,92261.1484375,783.5303955078125,1.0978983640670776,
1785086967.8137758,T,52,541302,510899,-0.06224924325942993,0.0,-10.520122528076172,-0.0034640124067664146,-0.013323123566806316,0.04529862105846405,-0.46666666865348816,7.683333396911621,-4.133333206176758,22.5,92261.078125,783.536865234375,1.0998908281326294,
1785086967.8307467,T,53,541319,520899,-0.08619125932455063,-0.004788403399288654,-10.520122528076172,-0.0037304747384041548,-0.014122511260211468,0.044232770800590515,-0.4583333432674408,7.683333396911621,-4.233333110809326,22.530000686645508,92260.9453125,783.5493774414062,1.1098536252975464,
1785086967.8477764,T,54,541336,530899,-0.08619125932455063,0.004788403399288654,-10.539276123046875,-0.0034640124067664146,-0.013589587062597275,0.042900457978248596,-0.4166666567325592,7.708333492279053,-4.175000190734863,22.579999923706055,92260.53125,783.5862426757812,1.1158312559127808,
1785086967.864738,T,55,541353,540899,-0.06703764945268631,0.009576806798577309,-10.496180534362793,-0.0037304747384041548,-0.013323123566806316,0.044232770800590515,-0.375,7.766666889190674,-4.275000095367432,22.6200008392334,92259.765625,783.6551513671875,1.1357568502426147,
1785274867.7208061,T,1,241420,900,0.13407529890537262,0.1149216815829277,-10.486603736877441,-0.0023981621488928795,-0.014122511260211468,0.042900457978248596,1.0083333253860474,-3.3499999046325684,-4.525000095367432,21.65999984741211,92079.859375,799.8269653320312,0.005977667402476072,
1785274867.7396638,T,2,241437,10900,0.1149216815829277,0.12928688526153564,-10.467450141906738,-0.0018652373692020774,-0.016254210844635963,0.04369984567165375,1.0916666984558105,-3.3916666507720947,-4.425000190734863,21.649999618530273,92080.453125,799.7737426757812,0.0398511178791523,
1785274867.7815268,T,3,241456,20900,0.13407529890537262,0.12449848651885986,-10.505757331848145,-0.0021316998172551394,-0.016254210844635963,0.04316692054271698,1.0083333253860474,-3.375,-4.525000095367432,21.670000076293945,92080.796875,799.7427368164062,0.08368735015392303,
1785274867.800224,T,4,241497,30900,0.1388636976480484,0.12928688526153564,-10.491392135620117,-0.0023981621488928795,-0.01598774828016758,0.04263399541378021,1.0499999523162842,-3.4166667461395264,-4.400000095367432,21.65999984741211,92081.59375,799.6710205078125,0.1195533499121666,
1785274867.8272402,T,5,241516,40900,0.12928688526153564,0.10055647045373917,-10.524910926818848,-0.0021316998172551394,-0.016520673409104347,0.0444992333650589,1.0083333253860474,-3.4166667461395264,-4.483333110809326,21.649999618530273,92082.3125,799.6063842773438,0.15741191804409027,
1785274867.84662,T,6,241543,50900,0.13407529890537262,0.11971008777618408,-10.467450141906738,-0.002931087277829647,-0.015188361518085003,0.04316692054271698,1.149999976158142,-3.375,-4.599999904632568,21.6200008392334,92082.375,799.6009521484375,0.209218367934227,
1785274867.8653862,T,7,241562,60900,0.12928688526153564,0.1149216815829277,-10.481815338134766,-0.0037304747384041548,-0.014388973824679852,0.04396630823612213,1.0916666984558105,-3.5,-4.641666889190674,21.610000610351562,92084.3125,799.4265747070312,0.24707692861557007,
1785274867.8884988,T,8,241581,70900,0.1388636976480484,0.1149216815829277,-10.51054573059082,-0.0021316998172551394,-0.014655436389148235,0.04396630823612213,1.1833332777023315,-3.4583332538604736,-4.400000095367432,21.59000015258789,92084.6875,799.3928833007812,0.28692805767059326,
1785274867.9191267,T,9,241604,80900,0.12449848651885986,0.11971008777618408,-10.467450141906738,-0.003197549842298031,-0.016254210844635963,0.04343338683247566,1.0499999523162842,-3.4166667461395264,-4.483333110809326,21.56999969482422,92083.1015625,799.5357666015625,0.3128312826156616,
1785274867.9492576,T,10,241635,90900,0.1388636976480484,0.12928688526153564,-10.515334129333496,-0.0034640124067664146,-0.014388973824679852,0.04316692054271698,1.1083333492279053,-3.3333332538604736,-4.508333206176758,21.559999465942383,92082.421875,799.5966186523438,0.34670472145080566,
1785274867.9661927,T,11,241666,100900,0.12928688526153564,0.10534487664699554,-10.44350814819336,-0.0034640124067664146,-0.0074609494768083096,0.04156814515590668,1.0499999523162842,-3.308333396911621,-4.508333206176758,21.549999237060547,92082.0,799.6346435546875,0.39651861786842346,
1785274868.0409193,T,12,241683,110900,0.13407529890537262,0.12449848651885986,-10.505757331848145,-0.0034640124067664146,-0.015721285715699196,0.04369984567165375,1.0499999523162842,-3.5,-4.441666603088379,21.549999237060547,92081.6875,799.662353515625,0.42640694975852966,
1785274868.062317,T,13,241758,120900,0.13407529890537262,0.11013327538967133,-10.496180534362793,-0.0026646247133612633,-0.015721285715699196,0.04369984567165375,1.1083333492279053,-3.4166667461395264,-4.425000190734863,21.549999237060547,92081.59375,799.6710205078125,0.44433996081352234,
1785274868.080621,T,14,241779,130900,0.14365209639072418,0.11971008777618408,-10.472238540649414,-0.0045298621989786625,-0.014388973824679852,0.04343338683247566,1.0916666984558105,-3.4583332538604736,-4.4666666984558105,21.549999237060547,92083.375,799.5107421875,0.4702431857585907,
1785274868.0994272,T,15,241796,140900,0.14844051003456116,0.11971008777618408,-10.472238540649414,-0.003197549842298031,-0.014655436389148235,0.04369984567165375,1.1083333492279053,-3.3916666507720947,-4.3416666984558105,21.56999969482422,92084.2109375,799.435791015625,0.5021240711212158,
1785274868.1361296,T,16,241815,150900,0.14844051003456116,0.10055647045373917,-10.462661743164062,-0.002931087277829647,-0.015721285715699196,0.042900457978248596,1.024999976158142,-3.4749999046325684,-4.316666603088379,21.59000015258789,92084.3125,799.4265747070312,0.5260347723960876,
1785274868.1573043,T,17,241852,160900,0.14365209639072418,0.1149216815829277,-10.472238540649414,-0.003197549842298031,-0.014122511260211468,0.04236753284931183,1.0083333253860474,-3.3333332538604736,-4.425000190734863,21.6200008392334,92084.0703125,799.4483032226562,0.5579156279563904,
1785274868.180787,T,18,241873,170900,0.12928688526153564,0.12449848651885986,-10.524910926818848,-0.0026646247133612633,-0.015454824082553387,0.0444992333650589,1.0499999523162842,-3.3916666507720947,-4.441666603088379,21.6299991607666,92083.5546875,799.4944458007812,0.5718635320663452,
1785274868.2040217,T,19,241896,180900,0.13407529890537262,0.12449848651885986,-10.472238540649414,-0.003197549842298031,-0.015188361518085003,0.04369984567165375,1.1333333253860474,-3.3333332538604736,-4.508333206176758,21.639999389648438,92083.140625,799.531982421875,0.595774233341217,
1785274868.2294614,T,20,241921,190900,0.14365209639072418,0.10534487664699554,-10.481815338134766,-0.003197549842298031,-0.014921898953616619,0.04263399541378021,1.0499999523162842,-3.375,-4.550000190734863,21.670000076293945,92083.03125,799.541748046875,0.6196848750114441,
1785274868.253439,T,21,241946,200900,0.11971008777618408,0.12928688526153564,-10.467450141906738,-0.0037304747384041548,-0.015188361518085003,0.044232770800590515,1.024999976158142,-3.2333333492279053,-4.525000095367432,21.68000030517578,92082.625,799.5786743164062,0.6336327791213989,
1785274868.3054361,T,22,241969,210900,0.12928688526153564,0.1149216815829277,-10.486603736877441,-0.002931087277829647,-0.01598774828016758,0.04343338683247566,1.1666666269302368,-3.2750000953674316,-4.316666603088379,21.709999084472656,92083.6875,799.4830322265625,0.6575434803962708,
1785274868.3549087,T,23,242022,220900,0.13407529890537262,0.10534487664699554,-10.472238540649414,-0.0034640124067664146,-0.013056661002337933,0.04316692054271698,1.1083333492279053,-3.3333332538604736,-4.5916666984558105,21.729999542236328,92084.375,799.4205932617188,0.6854391694068909,
1785274868.374505,T,24,242071,230900,0.15801730751991272,0.1149216815829277,-10.51054573059082,-0.0034640124067664146,-0.015454824082553387,0.044232770800590515,1.149999976158142,-3.2750000953674316,-4.550000190734863,21.739999771118164,92084.828125,799.38037109375,0.6954019665718079,
1785274868.3982942,T,25,242090,240900,0.14365209639072418,0.11971008777618408,-10.496180534362793,-0.003996937070041895,-0.013589587062597275,0.04343338683247566,1.1666666269302368,-3.4583332538604736,-4.508333206176758,21.75,92084.765625,799.3858032226562,0.7173201441764832,
1785274927.5678117,T,26,301267,250900,0.15322890877723694,0.11013327538967133,-10.491392135620117,-0.003996937070041895,-0.013589587062597275,0.042900457978248596,1.1083333492279053,-3.174999952316284,-4.566666603088379,21.770000457763672,92085.828125,799.2901611328125,0.7312679886817932,
1785274927.5916936,T,27,301292,260900,0.1388636976480484,0.11013327538967133,-10.505757331848145,-0.004263399634510279,-0.013856049627065659,0.044232770800590515,1.1333333253860474,-3.3333332538604736,-4.641666889190674,21.799999237060547,92086.6875,799.2124633789062,0.7511935830116272,
1785274927.6154487,T,28,301315,270900,0.14844051003456116,0.09576806426048279,-10.496180534362793,-0.002931087277829647,-0.014388973824679852,0.042900457978248596,0.9666666388511658,-3.433333396911621,-4.566666603088379,21.84000015258789,92087.4140625,799.1472778320312,0.7790893316268921,
1785274927.635777,T,29,301340,280900,0.16759411990642548,0.10055647045373917,-10.481815338134766,-0.004263399634510279,-0.012257273308932781,0.04396630823612213,1.149999976158142,-3.4583332538604736,-4.4666666984558105,21.889999389648438,92088.7578125,799.0266723632812,0.7890521287918091,
1785274927.6553977,T,30,301359,290900,0.14365209639072418,0.10534487664699554,-10.496180534362793,-0.004263399634510279,-0.013856049627065659,0.04369984567165375,1.1833332777023315,-3.308333396911621,-4.4666666984558105,21.940000534057617,92089.484375,798.9614868164062,0.8109702467918396,
1785274927.67534,T,31,301380,300900,0.15322890877723694,0.1149216815829277,-10.529699325561523,-0.0045298621989786625,-0.012790199369192123,0.04369984567165375,1.225000023841858,-3.4749999046325684,-4.383333206176758,22.059999465942383,92087.1953125,799.1674194335938,0.8129627704620361,
1785274987.564471,T,32,361271,310900,0.11971008777618408,0.08619125932455063,-10.481815338134766,-0.0034640124067664146,-0.013589587062597275,0.04369984567165375,1.1333333253860474,-3.3499999046325684,-4.425000190734863,22.139999389648438,92086.078125,799.2678833007812,0.8428511023521423,
1785274987.5878391,T,33,361296,320900,0.14365209639072418,0.090979665517807,-10.491392135620117,-0.004796324297785759,-0.013323123566806316,0.0444992333650589,1.2916666269302368,-3.433333396911621,-4.3416666984558105,22.18000030517578,92085.140625,799.3521118164062,0.8528138995170593,
1785274987.610504,T,34,361319,330900,0.12449848651885986,0.10534487664699554,-10.520122528076172,-0.0034640124067664146,-0.014655436389148235,0.044232770800590515,1.1666666269302368,-3.4166667461395264,-4.383333206176758,22.25,92085.1640625,799.3499755859375,0.8727394342422485,
1785274987.62796,T,35,361340,340900,0.12928688526153564,0.09576806426048279,-10.524910926818848,-0.0045298621989786625,-0.01252373680472374,0.04396630823612213,1.2916666269302368,-3.3333332538604736,-4.425000190734863,22.299999237060547,92084.6015625,799.4004516601562,0.8787171244621277,
1785274987.6480324,T,36,361359,350900,0.1388636976480484,0.08140286058187485,-10.51054573059082,-0.002931087277829647,-0.014655436389148235,0.04343338683247566,1.2666666507720947,-3.3333332538604736,-4.400000095367432,22.360000610351562,92086.765625,799.2054443359375,0.8886799216270447,
1785274987.667918,T,37,361378,360900,0.11971008777618408,0.1149216815829277,-10.520122528076172,-0.003996937070041895,-0.013589587062597275,0.04343338683247566,1.225000023841858,-3.4166667461395264,-4.483333110809326,22.389999389648438,92086.4375,799.2352905273438,0.9086054563522339,
1785275047.555668,T,38,421269,370900,0.1388636976480484,0.11013327538967133,-10.486603736877441,-0.003197549842298031,-0.014388973824679852,0.04396630823612213,1.1833332777023315,-3.308333396911621,-4.4666666984558105,22.40999984741211,92086.546875,799.2255249023438,0.9205607771873474,
1785275047.581655,T,39,421292,380900,0.13407529890537262,0.1149216815829277,-10.505757331848145,-0.0034640124067664146,-0.013589587062597275,0.04369984567165375,1.1666666269302368,-3.433333396911621,-4.5916666984558105,22.420000076293945,92087.75,799.117431640625,0.9365012645721436,
1785275047.6008692,T,40,421319,390900,0.12928688526153564,0.10534487664699554,-10.491392135620117,-0.0037304747384041548,-0.014122511260211468,0.04263399541378021,1.1833332777023315,-3.299999952316284,-4.483333110809326,22.440000534057617,92087.7421875,799.1179809570312,0.9524416923522949,
1785275047.6207926,T,41,421338,400900,0.1388636976480484,0.1149216815829277,-10.47702693939209,-0.0034640124067664146,-0.013056661002337933,0.0444992333650589,1.3333333730697632,-3.4166667461395264,-4.425000190734863,22.459999084472656,92087.390625,799.1494750976562,0.9524416923522949,
1785275047.6415699,T,42,421357,410900,0.1388636976480484,0.10534487664699554,-10.472238540649414,-0.004796324297785759,-0.013589587062597275,0.04369984567165375,1.0499999523162842,-3.5250000953674316,-4.441666603088379,22.479999542236328,92087.453125,799.14404296875,0.9763523936271667,
1785275047.6609902,T,43,421378,420900,0.1388636976480484,0.11013327538967133,-10.496180534362793,-0.0045298621989786625,-0.014921898953616619,0.0444992333650589,1.149999976158142,-3.4166667461395264,-4.550000190734863,22.5,92088.65625,799.0359497070312,0.9823300242424011,
1785275107.5477326,T,44,481267,430900,0.14844051003456116,0.1149216815829277,-10.505757331848145,-0.0037304747384041548,-0.013323123566806316,0.04369984567165375,1.2666666507720947,-3.4166667461395264,-4.550000190734863,22.5,92088.546875,799.045166015625,1.0042481422424316,
1785275107.572126,T,45,481292,440900,0.14844051003456116,0.090979665517807,-10.462661743164062,-0.004263399634510279,-0.013056661002337933,0.042900457978248596,1.225000023841858,-3.5,-4.4666666984558105,22.530000686645508,92088.6875,799.0326538085938,1.0022555589675903,
1785275107.5952156,T,46,481315,450900,0.13407529890537262,0.090979665517807,-10.481815338134766,-0.00506278732791543,-0.014122511260211468,0.044232770800590515,1.2916666269302368,-3.375,-4.441666603088379,22.579999923706055,92089.5,798.9598388671875,1.0122183561325073,
1785275107.6121063,T,47,481338,460900,0.13407529890537262,0.1149216815829277,-10.486603736877441,-0.0037304747384041548,-0.013589587062597275,0.044232770800590515,1.225000023841858,-3.433333396911621,-4.550000190734863,22.610000610351562,92089.28125,798.9794311523438,1.0361289978027344,
1785275107.6319675,T,48,481355,470900,0.14365209639072418,0.11013327538967133,-10.500968933105469,-0.004263399634510279,-0.014122511260211468,0.04396630823612213,1.1833332777023315,-3.3499999046325684,-4.483333110809326,22.639999389648438,92090.375,798.881103515625,1.0201886892318726,
1785275107.6520143,T,49,481376,480900,0.1388636976480484,0.1149216815829277,-10.491392135620117,-0.0037304747384041548,-0.015721285715699196,0.044232770800590515,1.350000023841858,-3.4166667461395264,-4.3416666984558105,22.65999984741211,92090.921875,798.8316650390625,1.0460917949676514,
1785275167.5436296,T,50,541269,490900,0.15801730751991272,0.1149216815829277,-10.524910926818848,-0.0037304747384041548,-0.014388973824679852,0.04369984567165375,1.350000023841858,-3.5,-4.508333206176758,22.68000030517578,92091.296875,798.7979736328125,1.0660173892974854,
1785275167.5664806,T,51,541294,500900,0.12449848651885986,0.11013327538967133,-10.51054573059082,-0.004263399634510279,-0.012257273308932781,0.044232770800590515,1.2916666269302368,-3.3916666507720947,-4.4666666984558105,22.729999542236328,92091.140625,798.8126220703125,1.0680099725723267,
1785275167.5862124,T,52,541317,510900,0.14844051003456116,0.08140286058187485,-10.486603736877441,-0.003996937070041895,-0.017053598538041115,0.04369984567165375,1.4416667222976685,-3.375,-4.358333110809326,22.809999465942383,92089.3125,798.9766845703125,1.0759801864624023,
1785275167.6061025,T,53,541336,520900,0.12449848651885986,0.10534487664699554,-10.515334129333496,-0.004263399634510279,-0.014122511260211468,0.04396630823612213,1.3333333730697632,-3.4583332538604736,-4.550000190734863,22.8700008392334,92088.390625,799.059814453125,1.0779727697372437,
1785275167.6265712,T,54,541355,530900,0.14844051003456116,0.10534487664699554,-10.515334129333496,-0.004263399634510279,-0.014122511260211468,0.0444992333650589,1.25,-3.3916666507720947,-4.508333206176758,22.889999389648438,92088.25,799.0723266601562,1.103875994682312,
1785275167.6462176,T,55,541376,540900,0.12449848651885986,0.10055647045373917,-10.505757331848145,-0.004796324297785759,-0.014921898953616619,0.044232770800590515,1.3083332777023315,-3.3916666507720947,-4.525000095367432,22.920000076293945,92087.46875,799.1423950195312,1.103875994682312,
1785275227.5477648,T,56,601269,550900,0.15322890877723694,0.10534487664699554,-10.5344877243042,-0.003996937070041895,-0.013589587062597275,0.04369984567165375,1.2083333730697632,-3.4166667461395264,-4.441666603088379,22.940000534057617,92088.015625,799.093505859375,1.113838791847229,
1785275227.57106,T,57,601292,560900,0.12928688526153564,0.09576806426048279,-10.505757331848145,-0.003996937070041895,-0.013856049627065659,0.044232770800590515,1.225000023841858,-3.3916666507720947,-4.441666603088379,22.950000762939453,92087.9765625,799.0968017578125,1.1337642669677734,
1785275227.5902438,T,58,601315,570900,0.13407529890537262,0.09576806426048279,-10.505757331848145,-0.0045298621989786625,-0.013589587062597275,0.04396630823612213,1.225000023841858,-3.5,-4.400000095367432,23.0,92089.234375,798.9837646484375,1.137749433517456,
1785275227.610051,T,59,601336,580900,0.11971008777618408,0.10055647045373917,-10.486603736877441,-0.0045298621989786625,-0.014122511260211468,0.044232770800590515,1.3083332777023315,-3.3499999046325684,-4.441666603088379,23.030000686645508,92087.3203125,799.1554565429688,1.1397420167922974,
1785275227.6300833,T,60,601355,590900,0.1388636976480484,0.08140286058187485,-10.515334129333496,-0.0053292494267225266,-0.012257273308932781,0.04369984567165375,1.2083333730697632,-3.3333332538604736,-4.508333206176758,23.06999969482422,92086.15625,799.2603149414062,1.1636526584625244,
1785275227.6499815,T,61,601374,600900,0.12928688526153564,0.10534487664699554,-10.520122528076172,-0.004263399634510279,-0.013589587062597275,0.04396630823612213,1.2916666269302368,-3.4166667461395264,-4.508333206176758,23.059999465942383,92087.3359375,799.1543579101562,1.1636526584625244,
1785275287.5448997,T,62,661271,610900,0.12449848651885986,0.11013327538967133,-10.486603736877441,-0.003996937070041895,-0.013589587062597275,0.042900457978248596,1.0666667222976685,-3.433333396911621,-4.425000190734863,23.059999465942383,92088.5078125,799.0489501953125,1.1656451225280762,
1785275287.5613008,T,63,661288,620900,0.12928688526153564,0.10534487664699554,-10.47702693939209,-0.0045298621989786625,-0.015721285715699196,0.04369984567165375,1.024999976158142,-3.4749999046325684,-4.441666603088379,23.059999465942383,92090.234375,798.8935546875,1.1756079196929932,
1785275287.5783448,T,64,661305,630900,0.1149216815829277,0.11013327538967133,-10.491392135620117,-0.0045298621989786625,-0.013323123566806316,0.04396630823612213,1.0666667222976685,-3.5,-4.400000095367432,23.059999465942383,92089.203125,798.9865112304688,1.1795930862426758,
1785275287.5955245,T,65,661322,640900,0.11971008777618408,0.11013327538967133,-10.500968933105469,-0.0037304747384041548,-0.013323123566806316,0.04369984567165375,1.1333333253860474,-3.3499999046325684,-4.358333110809326,23.049999237060547,92090.796875,798.8430786132812,1.1975260972976685,
1785275287.6129804,T,66,661339,650900,0.11971008777618408,0.11013327538967133,-10.505757331848145,-0.003197549842298031,-0.012790199369192123,0.04396630823612213,1.1666666269302368,-3.4583332538604736,-4.508333206176758,23.030000686645508,92093.0546875,798.639892578125,1.1975260972976685,
1785275287.6295984,T,67,661356,660900,0.12928688526153564,0.10534487664699554,-10.467450141906738,-0.0045298621989786625,-0.014122511260211468,0.04369984567165375,1.0499999523162842,-3.3499999046325684,-4.525000095367432,23.020000457763672,92092.890625,798.6550903320312,1.2054963111877441,
1785275347.5449436,T,68,721267,670900,0.12928688526153564,0.08619125932455063,-10.515334129333496,-0.003996937070041895,-0.01252373680472374,0.04396630823612213,1.149999976158142,-3.3333332538604736,-4.316666603088379,23.020000457763672,92092.09375,798.7262573242188,1.2254219055175781,
1785275347.56079,T,69,721288,680900,0.11971008777618408,0.12928688526153564,-10.515334129333496,-0.004263399634510279,-0.014388973824679852,0.04343338683247566,1.2916666269302368,-3.4583332538604736,-4.383333206176758,23.010000228881836,92092.34375,798.7039794921875,1.2313995361328125,
1785275347.5777588,T,70,721305,690900,0.10534487664699554,0.10534487664699554,-10.51054573059082,-0.0037304747384041548,-0.013323123566806316,0.04396630823612213,1.1833332777023315,-3.308333396911621,-4.383333206176758,23.030000686645508,92090.984375,798.8262329101562,1.2294069528579712,
1785275347.5946846,T,71,721322,700900,0.11013327538967133,0.10534487664699554,-10.505757331848145,-0.004263399634510279,-0.013323123566806316,0.04343338683247566,1.1666666269302368,-3.433333396911621,-4.358333110809326,23.049999237060547,92090.3125,798.8865356445312,1.2373772859573364,
1785275347.6117184,T,72,721339,710900,0.1149216815829277,0.11013327538967133,-10.486603736877441,-0.003996937070041895,-0.013056661002337933,0.04369984567165375,1.2916666269302368,-3.3499999046325684,-4.441666603088379,23.09000015258789,92088.4609375,799.0532836914062,1.2373772859573364,
1785275347.6288064,T,73,721356,720900,0.12928688526153564,0.13407529890537262,-10.500968933105469,-0.004263399634510279,-0.013589587062597275,0.04396630823612213,1.25,-3.3916666507720947,-4.316666603088379,23.100000381469727,92088.703125,799.0315551757812,1.2632803916931152,
1785275407.5416596,T,74,781271,730900,0.13407529890537262,0.090979665517807,-10.51054573059082,-0.003996937070041895,-0.013056661002337933,0.04343338683247566,1.1083333492279053,-3.375,-4.525000095367432,23.100000381469727,92088.359375,799.0625610351562,1.2612879276275635,
1785275407.5587656,T,75,781288,740900,0.12449848651885986,0.10055647045373917,-10.500968933105469,-0.004263399634510279,-0.013056661002337933,0.044232770800590515,1.1666666269302368,-3.3333332538604736,-4.400000095367432,23.100000381469727,92089.046875,799.0006103515625,1.2632803916931152,
1785275407.575492,T,76,781305,750900,0.11013327538967133,0.11013327538967133,-10.481815338134766,-0.004796324297785759,-0.013323123566806316,0.044232770800590515,1.2666666507720947,-3.4583332538604736,-4.275000095367432,23.079999923706055,92089.1953125,798.9869995117188,1.2692580223083496,
1785275407.592444,T,77,781322,760900,0.12449848651885986,0.10534487664699554,-10.500968933105469,-0.003996937070041895,-0.013323123566806316,0.04369984567165375,1.2666666507720947,-3.375,-4.383333206176758,23.059999465942383,92088.546875,799.045166015625,1.2712507247924805,
1785275407.6092167,T,78,781339,770900,0.1149216815829277,0.09576806426048279,-10.496180534362793,-0.0045298621989786625,-0.013323123566806316,0.04343338683247566,1.2083333730697632,-3.4749999046325684,-4.258333206176758,23.059999465942383,92089.71875,798.9397583007812,1.2871910333633423,
1785275407.6286945,T,79,781356,780900,0.1149216815829277,0.09576806426048279,-10.491392135620117,-0.004796324297785759,-0.012257273308932781,0.04476569592952728,1.2666666507720947,-3.4749999046325684,-4.275000095367432,23.06999969482422,92090.4765625,798.871826171875,1.291176199913025,
1785275467.5367503,T,80,841269,790900,0.1149216815829277,0.10055647045373917,-10.505757331848145,-0.0045298621989786625,-0.013589587062597275,0.0444992333650589,1.1666666269302368,-3.433333396911621,-4.400000095367432,23.059999465942383,92090.7890625,798.8436279296875,1.2971539497375488,
1785275467.5530248,T,81,841286,800900,0.11971008777618408,0.10055647045373917,-10.496180534362793,-0.0053292494267225266,-0.01252373680472374,0.04343338683247566,1.1833332777023315,-3.2333333492279053,-4.358333110809326,23.06999969482422,92090.5078125,798.869140625,1.301138997077942,
1785275467.5700843,T,82,841303,810900,0.11013327538967133,0.1149216815829277,-10.496180534362793,-0.0037304747384041548,-0.012257273308932781,0.044232770800590515,1.225000023841858,-3.433333396911621,-4.400000095367432,23.059999465942383,92091.3046875,798.7974243164062,1.301138997077942,
1785275467.587058,T,83,841320,820900,0.12449848651885986,0.10055647045373917,-10.520122528076172,-0.00506278732791543,-0.012257273308932781,0.044232770800590515,1.2083333730697632,-3.4583332538604736,-4.3416666984558105,23.049999237060547,92092.1484375,798.7213745117188,1.3230570554733276,
1785275467.6040797,T,84,841337,830900,0.11971008777618408,0.090979665517807,-10.51054573059082,-0.003996937070041895,-0.013323123566806316,0.04396630823612213,1.225000023841858,-3.3499999046325684,-4.3416666984558105,23.020000457763672,92092.75,798.6676025390625,1.3310272693634033,
1785275467.6210282,T,85,841354,840900,0.12449848651885986,0.090979665517807,-10.505757331848145,-0.004263399634510279,-0.013056661002337933,0.044232770800590515,1.3333333730697632,-3.299999952316284,-4.316666603088379,22.989999771118164,92092.6875,798.6730346679688,1.325049638748169,
1785275527.533137,T,86,901269,850900,0.13407529890537262,0.10534487664699554,-10.491392135620117,-0.0053292494267225266,-0.012257273308932781,0.0444992333650589,1.3083332777023315,-3.375,-4.175000190734863,23.0,92093.4140625,798.6078491210938,1.329034686088562,
1785275527.5493307,T,87,901286,860900,0.1149216815829277,0.10534487664699554,-10.486603736877441,-0.0045298621989786625,-0.012257273308932781,0.04369984567165375,1.2083333730697632,-3.375,-4.4666666984558105,23.0,92094.078125,798.548095703125,1.335012435913086,
1785275527.566918,T,88,901303,870900,0.14365209639072418,0.10534487664699554,-10.515334129333496,-0.004796324297785759,-0.011990811675786972,0.0444992333650589,1.0666667222976685,-3.299999952316284,-4.275000095367432,23.030000686645508,92093.15625,798.630615234375,1.3370050191879272,
1785275527.5834005,T,89,901320,880900,0.12928688526153564,0.09576806426048279,-10.500968933105469,-0.0045298621989786625,-0.013056661002337933,0.045565083622932434,1.0666667222976685,-3.375,-4.425000190734863,23.09000015258789,92090.703125,798.8511962890625,1.35493803024292,
1785275527.6009195,T,90,901337,890900,0.14365209639072418,0.090979665517807,-10.515334129333496,-0.0045298621989786625,-0.01252373680472374,0.04396630823612213,1.1666666269302368,-3.4166667461395264,-4.425000190734863,23.100000381469727,92089.28125,798.9794311523438,1.358923077583313,
1785275527.6174889,T,91,901354,900900,0.14365209639072418,0.10055647045373917,-10.51054573059082,-0.004263399634510279,-0.01252373680472374,0.04396630823612213,1.0916666984558105,-3.433333396911621,-4.358333110809326,23.110000610351562,92089.140625,798.991943359375,1.3569306135177612,
1785276067.5124211,T,92,1441269,910900,0.12928688526153564,0.10055647045373917,-10.481815338134766,-0.0045298621989786625,-0.012790199369192123,0.0444992333650589,1.0916666984558105,-3.3333332538604736,-4.400000095367432,23.139999389648438,92088.40625,799.0582275390625,1.3649007081985474,
1785276067.528554,T,93,1441286,920900,0.11013327538967133,0.090979665517807,-10.496180534362793,-0.00506278732791543,-0.01252373680472374,0.04476569592952728,1.149999976158142,-3.3499999046325684,-4.483333110809326,23.149999618530273,92088.671875,799.0343017578125,1.3649007081985474,
1785276067.545622,T,94,1441303,930900,0.11971008777618408,0.12928688526153564,-10.496180534362793,-0.003996937070041895,-0.012790199369192123,0.044232770800590515,1.0916666984558105,-3.375,-4.358333110809326,23.149999618530273,92087.4375,799.1451416015625,1.3868188858032227,
1785276067.5625944,T,95,1441320,940900,0.1149216815829277,0.10534487664699554,-10.47702693939209,-0.0045298621989786625,-0.012790199369192123,0.04369984567165375,1.0916666984558105,-3.433333396911621,-4.425000190734863,23.18000030517578,92088.828125,799.0201416015625,1.3868188858032227,
1785276067.5795555,T,96,1441337,950900,0.10055647045373917,0.09576806426048279,-10.491392135620117,-0.004796324297785759,-0.013323123566806316,0.04529862105846405,1.0666667222976685,-3.433333396911621,-4.358333110809326,23.190000534057617,92088.921875,799.0120239257812,1.3868188858032227,
1785276067.5966368,T,97,1441354,960900,0.11971008777618408,0.1149216815829277,-10.500968933105469,-0.00559571199119091,-0.011724349111318588,0.04369984567165375,1.0916666984558105,-3.4583332538604736,-4.358333110809326,23.18000030517578,92088.828125,799.0201416015625,1.3927966356277466,
1785276067.6136234,T,98,1441371,970900,0.1388636976480484,0.11013327538967133,-10.481815338134766,-0.00506278732791543,-0.013056661002337933,0.045032158493995667,1.149999976158142,-3.4166667461395264,-4.316666603088379,23.18000030517578,92088.828125,799.0201416015625,1.3908039331436157,
1785276067.6305757,T,99,1441388,980900,0.12928688526153564,0.11013327538967133,-10.515334129333496,-0.005862174555659294,-0.013323123566806316,0.0444992333650589,0.925000011920929,-3.3916666507720947,-4.358333110809326,23.18000030517578,92087.40625,799.1478271484375,1.394789218902588,
1785276067.6477613,T,100,1441405,990900,0.11013327538967133,0.11013327538967133,-10.481815338134766,-0.003197549842298031,-0.012790199369192123,0.0444992333650589,1.0666667222976685,-3.375,-4.425000190734863,23.200000762939453,92088.78125,799.0245361328125,1.4007667303085327,
1785276067.66456,T,101,1441421,1000900,0.11971008777618408,0.10055647045373917,-10.51054573059082,-0.004263399634510279,-0.01252373680472374,0.04343338683247566,1.0666667222976685,-3.3499999046325684,-4.483333110809326,23.200000762939453,92089.5078125,798.9593505859375,1.398774266242981,
1785276067.6817694,T,102,1441439,1010900,0.1149216815829277,0.10534487664699554,-10.496180534362793,-0.0053292494267225266,-0.012257273308932781,0.04343338683247566,1.0916666984558105,-3.3499999046325684,-4.483333110809326,23.190000534057617,92090.140625,798.9017333984375,1.4206923246383667,
1785276067.697661,T,103,1441455,1020900,0.12449848651885986,0.10055647045373917,-10.500968933105469,-0.004796324297785759,-0.013589587062597275,0.04476569592952728,1.024999976158142,-3.3499999046325684,-4.400000095367432,23.190000534057617,92090.484375,798.871337890625,1.4206923246383667,
1785276067.713671,T,104,1441471,1030900,0.11971008777618408,0.090979665517807,-10.472238540649414,-0.004796324297785759,-0.013856049627065659,0.0444992333650589,1.1666666269302368,-3.308333396911621,-4.508333206176758,23.209999084472656,92090.125,798.9039306640625,1.422684907913208,
1785276067.7296417,T,105,1441487,1040900,0.11013327538967133,0.10534487664699554,-10.462661743164062,-0.0053292494267225266,-0.014122511260211468,0.04396630823612213,1.1083333492279053,-3.3916666507720947,-4.3416666984558105,23.229999542236328,92089.3203125,798.9761352539062,1.4246773719787598,
1785276067.7457938,T,106,1441503,1050900,0.10534487664699554,0.11013327538967133,-10.462661743164062,-0.004796324297785759,-0.013323123566806316,0.045032158493995667,0.9833333492279053,-3.3916666507720947,-4.441666603088379,23.25,92090.6953125,798.852294921875,1.4286625385284424,
1785276067.7617218,T,107,1441519,1060900,0.14365209639072418,0.10055647045373917,-10.467450141906738,-0.003996937070041895,-0.013589587062597275,0.04369984567165375,1.1333333253860474,-3.3916666507720947,-4.425000190734863,23.25,92091.0390625,798.8213500976562,1.4286625385284424,
1785276067.7777147,T,108,1441535,1070900,0.1149216815829277,0.09576806426048279,-10.51054573059082,-0.004796324297785759,-0.01252373680472374,0.04396630823612213,1.1083333492279053,-3.299999952316284,-4.383333206176758,23.229999542236328,92091.359375,798.7925415039062,1.4485880136489868,
1785276067.793725,T,109,1441551,1080900,0.11971008777618408,0.10534487664699554,-10.515334129333496,-0.00559571199119091,-0.01252373680472374,0.0444992333650589,1.0916666984558105,-3.3333332538604736,-4.2166666984558105,23.219999313354492,92089.390625,798.9696655273438,1.446595549583435,
1785276067.809728,T,110,1441567,1090900,0.1149216815829277,0.11971008777618408,-10.481815338134766,-0.0053292494267225266,-0.012790199369192123,0.044232770800590515,1.024999976158142,-3.4166667461395264,-4.3416666984558105,23.239999771118164,92091.171875,798.8093872070312,1.4505805969238281,
1785276067.8257089,T,111,1441583,1100900,0.12928688526153564,0.1149216815829277,-10.472238540649414,-0.004796324297785759,-0.012790199369192123,0.04476569592952728,1.0666667222976685,-3.3499999046325684,-4.425000190734863,23.270000457763672,92091.71875,798.760498046875,1.456558346748352,
1785276067.841762,T,112,1441599,1110900,0.10055647045373917,0.09576806426048279,-10.472238540649414,-0.00506278732791543,-0.012790199369192123,0.04529862105846405,1.0666667222976685,-3.4166667461395264,-4.3416666984558105,23.299999237060547,92092.21875,798.7153930664062,1.4545658826828003,
1785276067.85769,T,113,1441615,1120900,0.1149216815829277,0.09576806426048279,-10.496180534362793,-0.004263399634510279,-0.013056661002337933,0.04369984567165375,1.2083333730697632,-3.4583332538604736,-4.316666603088379,23.31999969482422,92094.109375,798.5453491210938,1.4605435132980347,
1785276067.8736944,T,114,1441631,1130900,0.11971008777618408,0.10534487664699554,-10.486603736877441,-0.004796324297785759,-0.012790199369192123,0.045032158493995667,1.1666666269302368,-3.433333396911621,-4.383333206176758,23.34000015258789,92093.9609375,798.5584106445312,1.4605435132980347,
1785276067.8896616,T,115,1441647,1140900,0.1149216815829277,0.08140286058187485,-10.500968933105469,-0.004263399634510279,-0.010658498853445053,0.0444992333650589,1.375,-3.3916666507720947,-4.316666603088379,23.399999618530273,92093.1328125,798.6328125,1.4645285606384277,
1785276067.905667,T,116,1441663,1150900,0.11013327538967133,0.08619125932455063,-10.496180534362793,-0.0053292494267225266,-0.01252373680472374,0.04529862105846405,1.2666666507720947,-3.3499999046325684,-4.383333206176758,23.489999771118164,92094.21875,798.5350341796875,1.4665210247039795,
1785276067.921745,T,117,1441679,1160900,0.090979665517807,0.10055647045373917,-10.486603736877441,-0.00559571199119091,-0.013056661002337933,0.0444992333650589,1.225000023841858,-3.4583332538604736,-4.400000095367432,23.549999237060547,92094.9375,798.4703979492188,1.4665210247039795,
1785276067.9377136,T,118,1441695,1170900,0.10055647045373917,0.090979665517807,-10.496180534362793,-0.00506278732791543,-0.012790199369192123,0.04476569592952728,1.2916666269302368,-3.3333332538604736,-4.4666666984558105,23.549999237060547,92095.8671875,798.3872680664062,1.4665210247039795,
1785276067.953747,T,119,1441711,1180900,0.10534487664699554,0.09576806426048279,-10.486603736877441,-0.0053292494267225266,-0.011724349111318588,0.045032158493995667,1.0666667222976685,-3.2750000953674316,-4.550000190734863,23.559999465942383,92096.390625,798.3400268554688,1.4844540357589722,
1785276067.969741,T,120,1441727,1190900,0.09576806426048279,0.11013327538967133,-10.500968933105469,-0.0053292494267225266,-0.01252373680472374,0.04369984567165375,1.149999976158142,-3.308333396911621,-4.425000190734863,23.6299991607666,92095.859375,798.3878173828125,1.4844540357589722,
1785276067.9857183,T,121,1441743,1200900,0.10534487664699554,0.09576806426048279,-10.51054573059082,-0.004796324297785759,-0.013323123566806316,0.04476569592952728,1.2666666507720947,-3.3499999046325684,-4.358333110809326,23.670000076293945,92095.71875,798.4003295898438,1.4864466190338135,
1785276068.001705,T,122,1441759,1210900,0.090979665517807,0.090979665517807,-10.47702693939209,-0.00506278732791543,-0.01252373680472374,0.04343338683247566,1.149999976158142,-3.3499999046325684,-4.425000190734863,23.670000076293945,92095.78125,798.3948974609375,1.4904316663742065,
1785276068.0176957,T,123,1441775,1220900,0.1149216815829277,0.12449848651885986,-10.462661743164062,-0.004263399634510279,-0.013589587062597275,0.04476569592952728,1.3083332777023315,-3.375,-4.358333110809326,23.670000076293945,92096.234375,798.3541259765625,1.49640953540802,
1785276068.0337234,T,124,1441791,1230900,0.10534487664699554,0.090979665517807,-10.496180534362793,-0.00506278732791543,-0.011724349111318588,0.044232770800590515,1.375,-3.4749999046325684,-4.441666603088379,23.690000534057617,92095.5625,798.4144287109375,1.5103572607040405,
1785276068.0497222,T,125,1441807,1240900,0.12449848651885986,0.08140286058187485,-10.505757331848145,-0.00506278732791543,-0.013856049627065659,0.045032158493995667,1.1666666269302368,-3.3499999046325684,-4.358333110809326,23.75,92095.453125,798.4241943359375,1.49640953540802,
1785276068.0656784,T,126,1441823,1250900,0.10055647045373917,0.08619125932455063,-10.481815338134766,-0.0053292494267225266,-0.01252373680472374,0.0444992333650589,1.2916666269302368,-3.299999952316284,-4.400000095367432,23.760000228881836,92095.46875,798.4225463867188,1.5103572607040405,
1785276068.0816517,T,127,1441839,1260900,0.1149216815829277,0.09576806426048279,-10.496180534362793,-0.0053292494267225266,-0.012790199369192123,0.0444992333650589,1.3333333730697632,-3.375,-4.233333110809326,23.770000457763672,92095.15625,798.4513549804688,1.49640953540802,
1785276068.0976331,T,128,1441855,1270900,0.12928688526153564,0.10055647045373917,-10.472238540649414,-0.00506278732791543,-0.01252373680472374,0.045032158493995667,1.2666666507720947,-3.3499999046325684,-4.425000190734863,23.799999237060547,92095.6875,798.403564453125,1.4924243688583374,
1785276068.1136322,T,129,1441871,1280900,0.11971008777618408,0.09576806426048279,-10.491392135620117,-0.004263399634510279,-0.011724349111318588,0.04476569592952728,1.225000023841858,-3.4166667461395264,-4.0916666984558105,23.829999923706055,92095.625,798.4089965820312,1.5163350105285645,
1785276068.1296556,T,130,1441887,1290900,0.1149216815829277,0.090979665517807,-10.491392135620117,-0.00559571199119091,-0.01119142398238182,0.04476569592952728,1.2666666507720947,-3.3333332538604736,-4.358333110809326,23.889999389648438,92094.75,798.4872436523438,1.5143425464630127,
1785276068.145678,T,131,1441903,1300900,0.10055647045373917,0.11013327538967133,-10.496180534362793,-0.005862174555659294,-0.01252373680472374,0.044232770800590515,1.3083332777023315,-3.3499999046325684,-4.3416666984558105,23.93000030517578,92095.515625,798.4187622070312,1.5143425464630127,
1785276068.1617093,T,132,1441919,1310900,0.10055647045373917,0.08619125932455063,-10.51054573059082,-0.006128636654466391,-0.011990811675786972,0.04583154618740082,1.25,-3.3333332538604736,-4.508333206176758,23.989999771118164,92095.8828125,798.3861694335938,1.5163350105285645,
1785276068.1776874,T,133,1441935,1320900,0.11013327538967133,0.09576806426048279,-10.515334129333496,-0.00559571199119091,-0.011724349111318588,0.045032158493995667,1.25,-3.299999952316284,-4.358333110809326,24.020000457763672,92096.171875,798.3595581054688,1.5143425464630127,
1785276068.1937096,T,134,1441951,1330900,0.090979665517807,0.10534487664699554,-10.47702693939209,-0.004796324297785759,-0.011724349111318588,0.045032158493995667,1.225000023841858,-3.3916666507720947,-4.3416666984558105,24.079999923706055,92096.015625,798.3736572265625,1.5183275938034058,
1785276068.209738,T,135,1441967,1340900,0.1149216815829277,0.09576806426048279,-10.524910926818848,-0.004796324297785759,-0.01012557465583086,0.04529862105846405,1.2916666269302368,-3.258333444595337,-4.258333206176758,24.1299991607666,92096.4921875,798.3307495117188,1.5163350105285645,
1785276068.2257838,T,136,1441983,1350900,0.090979665517807,0.10055647045373917,-10.486603736877441,-0.006128636654466391,-0.011724349111318588,0.045032158493995667,1.2916666269302368,-3.3333332538604736,-4.300000190734863,24.190000534057617,92096.859375,798.2981567382812,1.5223126411437988,
1785276068.2417374,T,137,1441999,1360900,0.090979665517807,0.090979665517807,-10.467450141906738,-0.007194486912339926,-0.006395099684596062,0.04476569592952728,1.2666666507720947,-3.3499999046325684,-4.400000095367432,24.209999084472656,92096.703125,798.311767578125,1.520320177078247,
1785276068.2577355,T,138,1442015,1370900,0.11013327538967133,0.08619125932455063,-10.496180534362793,-0.0053292494267225266,-0.011724349111318588,0.04476569592952728,1.149999976158142,-3.3916666507720947,-4.566666603088379,24.239999771118164,92096.953125,798.2894897460938,1.5243052244186401,
1785276068.2736678,T,139,1442031,1380900,0.11971008777618408,0.08140286058187485,-10.496180534362793,-0.005862174555659294,-0.011724349111318588,0.0444992333650589,1.1833332777023315,-3.4583332538604736,-4.4666666984558105,24.25,92096.0078125,798.3742065429688,1.5243052244186401,
1785276068.289642,T,140,1442047,1390900,0.09576806426048279,0.090979665517807,-10.47702693939209,-0.0053292494267225266,-0.01012557465583086,0.0444992333650589,1.1083333492279053,-3.4749999046325684,-4.550000190734863,24.200000762939453,92096.78125,798.3046875,1.5223126411437988,
1785276068.3056233,T,141,1442063,1400900,0.10055647045373917,0.090979665517807,-10.51054573059082,-0.005862174555659294,-0.012257273308932781,0.04529862105846405,1.149999976158142,-3.549999952316284,-4.300000190734863,24.139999389648438,92098.0,798.1954956054688,1.5422382354736328,
1785276068.3216226,T,142,1442079,1410900,0.10534487664699554,0.10534487664699554,-10.515334129333496,-0.006128636654466391,-0.011990811675786972,0.04476569592952728,0.875,-3.299999952316284,-4.525000095367432,24.09000015258789,92097.84375,798.2091064453125,1.5262978076934814,
1785276068.3376317,T,143,1442095,1420900,0.10055647045373917,0.08140286058187485,-10.505757331848145,-0.004796324297785759,-0.011990811675786972,0.0444992333650589,1.1333333253860474,-3.3916666507720947,-4.316666603088379,24.059999465942383,92099.6328125,798.0482788085938,1.5422382354736328,
1785276068.35368,T,144,1442111,1430900,0.10055647045373917,0.10534487664699554,-10.467450141906738,-0.003996937070041895,-0.01119142398238182,0.04396630823612213,1.149999976158142,-3.566666603088379,-4.275000095367432,24.030000686645508,92099.515625,798.05859375,1.5282902717590332,
1785276068.369644,T,145,1442127,1440900,0.10534487664699554,0.08619125932455063,-10.491392135620117,-0.00506278732791543,-0.012257273308932781,0.045565083622932434,1.25,-3.4166667461395264,-4.4666666984558105,24.010000228881836,92098.1484375,798.1819458007812,1.5302828550338745,
1785276127.5107718,T,146,1501269,1450900,0.07182604819536209,0.10534487664699554,-10.491392135620117,-0.00506278732791543,-0.011724349111318588,0.044232770800590515,1.1333333253860474,-3.375,-4.3416666984558105,24.010000228881836,92098.671875,798.1351928710938,1.5502084493637085,
1785276127.5265625,T,147,1501287,1460900,0.08140286058187485,0.09576806426048279,-10.491392135620117,-0.006128636654466391,-0.011724349111318588,0.04529862105846405,1.024999976158142,-3.433333396911621,-4.400000095367432,23.989999771118164,92099.140625,798.0928344726562,1.5482158660888672,
1785276127.542579,T,148,1501303,1470900,0.09576806426048279,0.10055647045373917,-10.486603736877441,-0.00506278732791543,-0.011990811675786972,0.04476569592952728,1.149999976158142,-3.3333332538604736,-4.400000095367432,23.950000762939453,92099.3046875,798.0781860351562,1.5482158660888672,
1785276127.558555,T,149,1501319,1480900,0.08140286058187485,0.08619125932455063,-10.486603736877441,-0.0053292494267225266,-0.011724349111318588,0.044232770800590515,1.0916666984558105,-3.2333333492279053,-4.441666603088379,23.940000534057617,92099.734375,798.0396118164062,1.5482158660888672,
1785276127.5745902,T,150,1501335,1490900,0.10055647045373917,0.09576806426048279,-10.500968933105469,-0.004796324297785759,-0.01252373680472374,0.04529862105846405,1.024999976158142,-3.258333444595337,-4.400000095367432,23.93000030517578,92100.125,798.0042724609375,1.5522010326385498,
1785276127.5905771,T,151,1501351,1500900,0.11013327538967133,0.090979665517807,-10.491392135620117,-0.004796324297785759,-0.011457886546850204,0.044232770800590515,1.1083333492279053,-3.3916666507720947,-4.483333110809326,23.90999984741211,92099.953125,798.0194702148438,1.5502084493637085,
1785276187.510164,T,152,1561269,1510900,0.090979665517807,0.08619125932455063,-10.486603736877441,-0.00506278732791543,-0.01119142398238182,0.0444992333650589,1.0666667222976685,-3.5250000953674316,-4.400000095367432,23.889999389648438,92099.421875,798.0673217773438,1.5522010326385498,
1785276187.5300338,T,153,1561291,1520900,0.10055647045373917,0.08619125932455063,-10.472238540649414,-0.0053292494267225266,-0.011724349111318588,0.04396630823612213,1.1666666269302368,-3.3333332538604736,-4.400000095367432,23.8799991607666,92099.703125,798.0422973632812,1.5522010326385498,
1785276187.5546656,T,154,1561311,1530900,0.09576806426048279,0.08619125932455063,-10.486603736877441,-0.005862174555659294,-0.01252373680472374,0.045032158493995667,1.149999976158142,-3.4166667461395264,-4.425000190734863,23.829999923706055,92100.265625,797.9912109375,1.5721266269683838,
1785276187.5765035,T,155,1561335,1540900,0.11013327538967133,0.08619125932455063,-10.467450141906738,-0.0045298621989786625,-0.01119142398238182,0.045032158493995667,1.2083333730697632,-3.3916666507720947,-4.2166666984558105,23.780000686645508,92101.828125,797.8505249023438,1.5561861991882324,
1785276187.5970256,T,156,1561357,1550900,0.10534487664699554,0.1149216815829277,-10.457873344421387,-0.00506278732791543,-0.012790199369192123,0.04476569592952728,1.2083333730697632,-3.3499999046325684,-4.258333206176758,23.739999771118164,92101.8203125,797.8516235351562,1.5581786632537842,
1785276187.616564,T,157,1561377,1560900,0.10055647045373917,0.07661445438861847,-10.496180534362793,-0.00506278732791543,-0.011990811675786972,0.045565083622932434,1.225000023841858,-3.4166667461395264,-4.358333110809326,23.739999771118164,92101.4453125,797.8853149414062,1.5601712465286255,
1785276247.5080109,T,158,1621269,1570900,0.12449848651885986,0.10055647045373917,-10.491392135620117,-0.00559571199119091,-0.011457886546850204,0.04529862105846405,1.1833332777023315,-3.308333396911621,-4.275000095367432,23.829999923706055,92100.609375,797.9602661132812,1.574119210243225,
1785276247.5301468,T,159,1621291,1580900,0.10534487664699554,0.10055647045373917,-10.44350814819336,-0.0053292494267225266,-0.011990811675786972,0.045032158493995667,1.2083333730697632,-3.3333332538604736,-4.358333110809326,23.8799991607666,92099.359375,798.07275390625,1.5581786632537842,
1785276247.5501943,T,160,1621313,1590900,0.12928688526153564,0.090979665517807,-10.457873344421387,-0.004796324297785759,-0.010924961417913437,0.044232770800590515,1.1833332777023315,-3.3499999046325684,-4.2166666984558105,23.93000030517578,92100.359375,797.9830932617188,1.5541936159133911,
1785276247.5703344,T,161,1621335,1600900,0.10534487664699554,0.07661445438861847,-10.491392135620117,-0.00559571199119091,-0.011457886546850204,0.045565083622932434,1.25,-3.299999952316284,-4.258333206176758,24.040000915527344,92100.4765625,797.9727783203125,1.5601712465286255,
1785276247.5980966,T,162,1621355,1610900,0.10055647045373917,0.090979665517807,-10.500968933105469,-0.017586523666977882,-0.011990811675786972,0.045032158493995667,1.2916666269302368,-3.2750000953674316,-4.2166666984558105,24.1200008392334,92100.34375,797.9847412109375,1.5561861991882324,
1785276247.6161594,T,163,1621383,1620900,0.2346317619085312,0.10534487664699554,-10.481815338134766,-0.004263399634510279,-0.011724349111318588,0.04396630823612213,0.6083333492279053,-3.4166667461395264,-4.275000095367432,24.18000030517578,92100.9453125,797.930419921875,1.5561861991882324,
1785276307.503659,T,164,1681267,1630900,0.2346317619085312,0.10055647045373917,-10.505757331848145,-0.004796324297785759,-0.012257273308932781,0.045032158493995667,0.550000011920929,-3.3916666507720947,-4.316666603088379,24.229999542236328,92101.390625,797.8901977539062,1.5761116743087769,
1785276307.5289521,T,165,1681291,1640900,0.23942017555236816,0.10055647045373917,-10.467450141906738,-0.0053292494267225266,-0.011990811675786972,0.04369984567165375,0.550000011920929,-3.2750000953674316,-4.316666603088379,24.190000534057617,92101.671875,797.8646850585938,1.5621638298034668,
1785276307.5518632,T,166,1681317,1650900,0.22505496442317963,0.11013327538967133,-10.481815338134766,-0.004796324297785759,-0.010924961417913437,0.0444992333650589,0.5666666626930237,-3.299999952316284,-4.316666603088379,24.170000076293945,92103.09375,797.7369995117188,1.5601712465286255,
1785276307.5715697,T,167,1681339,1660900,0.2346317619085312,0.1149216815829277,-10.44350814819336,-0.0045298621989786625,-0.014921898953616619,0.04476569592952728,0.6083333492279053,-3.3916666507720947,-4.300000190734863,24.1299991607666,92102.375,797.8016357421875,1.5761116743087769,
1785276307.5914948,T,168,1681359,1670900,0.21547815203666687,0.1149216815829277,-10.486603736877441,-0.00559571199119091,-0.013323123566806316,0.044232770800590515,0.7250000238418579,-3.299999952316284,-4.275000095367432,24.079999923706055,92102.0390625,797.8320922851562,1.5781042575836182,
1785276307.6112485,T,169,1681379,1680900,0.22505496442317963,0.090979665517807,-10.496180534362793,-0.00559571199119091,-0.011457886546850204,0.044232770800590515,0.6833333373069763,-3.308333396911621,-4.316666603088379,24.100000381469727,92100.875,797.9368896484375,1.574119210243225,
1785276367.4996774,T,170,1741267,1690900,0.20111294090747833,0.09576806426048279,-10.47702693939209,-0.00506278732791543,-0.011724349111318588,0.044232770800590515,0.7250000238418579,-3.2166666984558105,-4.150000095367432,24.079999923706055,92101.7578125,797.8570556640625,1.5800968408584595,
1785276367.523629,T,171,1741291,1700900,0.22026655077934265,0.09576806426048279,-10.472238540649414,-0.005862174555659294,-0.011990811675786972,0.04369984567165375,0.6833333373069763,-3.2333333492279053,-4.2166666984558105,24.06999969482422,92102.328125,797.8060302734375,1.5800968408584595,
1785276367.5472677,T,172,1741315,1710900,0.21547815203666687,0.09576806426048279,-10.438719749450684,-0.0053292494267225266,-0.011457886546850204,0.045565083622932434,0.75,-3.258333444595337,-4.275000095367432,24.049999237060547,92101.7890625,797.8543701171875,1.5800968408584595,
1785276367.5645888,T,173,1741339,1720900,0.24420857429504395,0.11971008777618408,-10.496180534362793,-0.006128636654466391,-0.011724349111318588,0.045032158493995667,0.6833333373069763,-3.2333333492279053,-4.275000095367432,24.100000381469727,92103.09375,797.7369995117188,1.5781042575836182,
1785276367.584953,T,174,1741355,1730900,0.22505496442317963,0.10055647045373917,-10.453084945678711,-0.0053292494267225266,-0.012257273308932781,0.0444992333650589,0.6833333373069763,-3.3333332538604736,-4.3416666984558105,24.149999618530273,92103.8046875,797.6734619140625,1.5800968408584595,
1785276367.605218,T,175,1741377,1740900,0.2298433631658554,0.11013327538967133,-10.500968933105469,-0.006395099684596062,-0.012257273308932781,0.044232770800590515,0.75,-3.1500000953674316,-4.133333206176758,24.149999618530273,92103.7421875,797.6788940429688,1.5781042575836182,
1785276427.4998784,T,176,1801271,1750900,0.21547815203666687,0.090979665517807,-10.472238540649414,-0.00559571199119091,-0.010924961417913437,0.045032158493995667,0.7250000238418579,-3.2333333492279053,-4.2166666984558105,24.149999618530273,92103.2578125,797.7223510742188,1.5800968408584595,
1785276427.5235121,T,177,1801295,1760900,0.2059013396501541,0.11013327538967133,-10.491392135620117,-0.00559571199119091,-0.011724349111318588,0.04476569592952728,0.75,-3.2750000953674316,-4.050000190734863,24.18000030517578,92102.84375,797.75927734375,1.5820893049240112,
1785276427.5485728,T,178,1801319,1770900,0.2346317619085312,0.08619125932455063,-10.47702693939209,-0.00559571199119091,-0.012257273308932781,0.04396630823612213,0.7250000238418579,-3.375,-4.300000190734863,24.200000762939453,92103.0390625,797.7418823242188,1.5840818881988525,
1785276427.568371,T,179,1801343,1780900,0.2298433631658554,0.10055647045373917,-10.448296546936035,-0.005862174555659294,-0.01119142398238182,0.045565083622932434,0.8083333373069763,-3.2333333492279053,-4.191666603088379,24.219999313354492,92103.75,797.6783447265625,1.5840818881988525,
1785276427.5880275,T,180,1801363,1790900,0.2346317619085312,0.10534487664699554,-10.448296546936035,-0.00559571199119091,-0.011990811675786972,0.04476569592952728,0.7250000238418579,-3.3499999046325684,-4.358333110809326,24.200000762939453,92104.734375,797.5892333984375,1.5820893049240112,
1785276427.6080356,T,181,1801383,1800900,0.22505496442317963,0.09576806426048279,-10.491392135620117,-0.004796324297785759,-0.012257273308932781,0.045565083622932434,0.550000011920929,-3.299999952316284,-4.316666603088379,24.110000610351562,92103.734375,797.679443359375,1.5840818881988525,
1785276487.4844701,T,182,1861267,1810900,0.22505496442317963,0.11013327538967133,-10.500968933105469,-0.0045298621989786625,-0.012790199369192123,0.04396630823612213,0.6083333492279053,-3.299999952316284,-4.300000190734863,24.079999923706055,92104.84375,797.5794677734375,1.5880669355392456,
1785276487.5004134,T,183,1861283,1820900,0.2106897532939911,0.09576806426048279,-10.462661743164062,-0.0045298621989786625,-0.012257273308932781,0.045565083622932434,0.6083333492279053,-3.299999952316284,-4.316666603088379,24.079999923706055,92106.046875,797.4713745117188,1.5860744714736938,
1785276487.5164454,T,184,1861299,1830900,0.21547815203666687,0.11013327538967133,-10.462661743164062,-0.006128636654466391,-0.01119142398238182,0.04476569592952728,0.46666666865348816,-3.308333396911621,-4.300000190734863,24.049999237060547,92106.3125,797.447509765625,1.5840818881988525,
1785276487.5324476,T,185,1861315,1840900,0.2106897532939911,0.090979665517807,-10.453084945678711,-0.0045298621989786625,-0.011724349111318588,0.04476569592952728,0.7916666865348816,-3.2750000953674316,-4.108333110809326,24.020000457763672,92107.03125,797.3828125,1.5880669355392456,
1785276487.5484464,T,186,1861331,1850900,0.22505496442317963,0.10534487664699554,-10.486603736877441,-0.004263399634510279,-0.012257273308932781,0.044232770800590515,0.7666666507720947,-3.299999952316284,-4.233333110809326,23.979999542236328,92107.515625,797.3394165039062,1.590059518814087,
1785276487.5644262,T,187,1861347,1860900,0.2298433631658554,0.09576806426048279,-10.481815338134766,-0.00506278732791543,-0.01119142398238182,0.04529862105846405,0.7250000238418579,-3.308333396911621,-4.175000190734863,23.950000762939453,92107.0625,797.380126953125,1.5860744714736938,
1785276547.4921393,T,188,1921271,1870900,0.19153612852096558,0.11971008777618408,-10.467450141906738,-0.005862174555659294,-0.01119142398238182,0.04529862105846405,0.7250000238418579,-3.308333396911621,-4.258333206176758,23.93000030517578,92107.2109375,797.3670654296875,1.5920522212982178,
1785276547.5156336,T,189,1921295,1880900,0.19153612852096558,0.08619125932455063,-10.457873344421387,-0.003996937070041895,-0.01252373680472374,0.0460980087518692,0.8500000238418579,-3.308333396911621,-4.175000190734863,23.899999618530273,92108.03125,797.2926635742188,1.5880669355392456,
1785276547.5396686,T,190,1921319,1890900,0.20111294090747833,0.11971008777618408,-10.457873344421387,-0.0045298621989786625,-0.011724349111318588,0.044232770800590515,0.7250000238418579,-3.375,-4.108333110809326,23.8700008392334,92109.8125,797.1324462890625,1.590059518814087,
1785276547.5593965,T,191,1921343,1900900,0.22505496442317963,0.12928688526153564,-10.47702693939209,-0.004796324297785759,-0.011990811675786972,0.04529862105846405,0.6833333373069763,-3.375,-4.258333206176758,23.8700008392334,92110.9921875,797.0264892578125,1.5920522212982178,
1785276547.579183,T,192,1921363,1910900,0.19153612852096558,0.10055647045373917,-10.457873344421387,-0.006395099684596062,-0.011990811675786972,0.045032158493995667,0.75,-3.3333332538604736,-4.133333206176758,23.8700008392334,92112.0625,796.9303588867188,1.590059518814087,
1785276547.5967827,T,193,1921383,1920900,0.2106897532939911,0.10055647045373917,-10.44350814819336,-0.0053292494267225266,-0.012257273308932781,0.045565083622932434,0.7250000238418579,-3.2333333492279053,-4.233333110809326,23.8799991607666,92110.21875,797.0965576171875,1.609985113143921,
1785276607.4765034,T,194,1981267,1930900,0.19632454216480255,0.1149216815829277,-10.481815338134766,-0.003996937070041895,-0.011724349111318588,0.04529862105846405,0.6333333253860474,-3.308333396911621,-4.300000190734863,23.8700008392334,92111.65625,796.9667358398438,1.6079925298690796,
1785276607.4924643,T,195,1981283,1940900,0.2059013396501541,0.11971008777618408,-10.453084945678711,-0.004796324297785759,-0.011457886546850204,0.04476569592952728,0.5916666388511658,-3.3916666507720947,-4.3416666984558105,23.889999389648438,92111.390625,796.9912109375,1.6059999465942383,
1785276607.508423,T,196,1981299,1950900,0.19632454216480255,0.10534487664699554,-10.486603736877441,-0.0053292494267225266,-0.01252373680472374,0.04583154618740082,0.4833333194255829,-3.3916666507720947,-4.3416666984558105,23.950000762939453,92110.234375,797.094970703125,1.6119776964187622,
1785276607.5244362,T,197,1981315,1960900,0.16759411990642548,0.09576806426048279,-10.453084945678711,-0.004263399634510279,-0.012790199369192123,0.0444992333650589,0.6499999761581421,-3.2333333492279053,-4.191666603088379,23.940000534057617,92109.96875,797.1188354492188,1.6139702796936035,
1785276607.54045,T,198,1981331,1970900,0.19632454216480255,0.10534487664699554,-10.47702693939209,-0.004796324297785759,-0.011990811675786972,0.045032158493995667,0.7083333134651184,-3.258333444595337,-4.358333110809326,23.90999984741211,92111.546875,796.9765625,1.6119776964187622,
1785276607.5568264,T,199,1981347,1980900,0.20111294090747833,0.10534487664699554,-10.453084945678711,-0.00506278732791543,-0.011724349111318588,0.044232770800590515,0.675000011920929,-3.191666603088379,-4.300000190734863,23.899999618530273,92111.109375,797.0161743164062,1.6119776964187622,
1785276667.4842587,T,200,2041271,1990900,0.19153612852096558,0.11013327538967133,-10.486603736877441,-0.00559571199119091,-0.013056661002337933,0.0444992333650589,0.8500000238418579,-3.2166666984558105,-4.150000095367432,23.850000381469727,92111.0078125,797.02490234375,1.6139702796936035,
1785276667.507607,T,201,2041295,2000900,0.21547815203666687,0.10055647045373917,-10.44350814819336,-0.004263399634510279,-0.013589587062597275,0.04529862105846405,0.8333333134651184,-3.299999952316284,-4.275000095367432,23.809999465942383,92111.109375,797.0161743164062,1.6139702796936035,
1785276667.5291648,T,202,2041319,2010900,0.2106897532939911,0.09576806426048279,-10.433931350708008,-0.0053292494267225266,-0.011724349111318588,0.04529862105846405,0.7250000238418579,-3.2166666984558105,-4.150000095367432,23.799999237060547,92110.875,797.0368041992188,1.6139702796936035,
1785276667.5480306,T,203,2041341,2020900,0.181959331035614,0.09576806426048279,-10.467450141906738,-0.00506278732791543,-0.012257273308932781,0.04476569592952728,0.7083333134651184,-3.308333396911621,-4.300000190734863,23.790000915527344,92111.1484375,797.0123901367188,1.6079925298690796,
1785276667.568174,T,204,2041359,2030900,0.21547815203666687,0.1149216815829277,-10.467450141906738,-0.0045298621989786625,-0.011990811675786972,0.045032158493995667,0.8333333134651184,-3.133333444595337,-4.275000095367432,23.770000457763672,92110.75,797.0487670898438,1.619947910308838,
1785276667.5884266,T,205,2041379,2040900,0.19632454216480255,0.11013327538967133,-10.457873344421387,-0.00506278732791543,-0.011457886546850204,0.04476569592952728,0.6499999761581421,-3.299999952316284,-4.191666603088379,23.729999542236328,92110.5078125,797.0699462890625,1.6179553270339966,
1785276727.480302,T,206,2101271,2050900,0.1867477297782898,0.10534487664699554,-10.44350814819336,-0.004263399634510279,-0.011990811675786972,0.04529862105846405,0.6499999761581421,-3.2750000953674316,-4.275000095367432,23.760000228881836,92111.2890625,796.9998779296875,1.6219404935836792,
1785276727.5036693,T,207,2101295,2060900,0.2106897532939911,0.12449848651885986,-10.457873344421387,-0.004796324297785759,-0.010924961417913437,0.04476569592952728,0.675000011920929,-3.299999952316284,-4.300000190734863,23.809999465942383,92113.1875,796.8287963867188,1.6159628629684448,
1785276727.527619,T,208,2101317,2070900,0.19632454216480255,0.11013327538967133,-10.448296546936035,-0.00506278732791543,-0.012257273308932781,0.044232770800590515,0.7250000238418579,-3.2333333492279053,-4.275000095367432,23.799999237060547,92113.46875,796.8038330078125,1.619947910308838,
1785276727.5484874,T,209,2101341,2080900,0.19153612852096558,0.10055647045373917,-10.462661743164062,-0.004796324297785759,-0.013589587062597275,0.0444992333650589,0.75,-3.299999952316284,-4.233333110809326,23.770000457763672,92112.3125,796.9080810546875,1.619947910308838,
1785276727.5677342,T,210,2101363,2090900,0.2298433631658554,0.11971008777618408,-10.462661743164062,-0.004263399634510279,-0.014921898953616619,0.045565083622932434,0.7250000238418579,-3.375,-4.3416666984558105,23.790000915527344,92112.46875,796.8939819335938,1.6418659687042236,
1785276727.5884094,T,211,2101381,2100900,0.19632454216480255,0.11013327538967133,-10.424354553222656,-0.0045298621989786625,-0.014122511260211468,0.045032158493995667,0.6333333253860474,-3.191666603088379,-4.150000095367432,23.829999923706055,92112.3984375,796.9005126953125,1.6378809213638306,
1785276787.4798574,T,212,2161271,2110900,0.22505496442317963,0.1149216815829277,-10.481815338134766,-0.004263399634510279,-0.012790199369192123,0.045032158493995667,0.6833333373069763,-3.299999952316284,-4.383333206176758,23.860000610351562,92112.9375,796.8516235351562,1.6219404935836792,
1785276787.5052035,T,213,2161293,2120900,0.2059013396501541,0.1149216815829277,-10.462661743164062,-0.003996937070041895,-0.011724349111318588,0.04476569592952728,0.675000011920929,-3.3499999046325684,-4.233333110809326,23.84000015258789,92114.0546875,796.7510986328125,1.623932957649231,
1785276787.5321634,T,214,2161319,2130900,0.22026655077934265,0.11971008777618408,-10.472238540649414,-0.004796324297785759,-0.011457886546850204,0.045032158493995667,0.75,-3.299999952316284,-4.108333110809326,23.809999465942383,92113.359375,796.8135986328125,1.623932957649231,
1785276787.5568242,T,215,2161345,2140900,0.181959331035614,0.1149216815829277,-10.448296546936035,-0.0045298621989786625,-0.013323123566806316,0.04529862105846405,0.7250000238418579,-3.299999952316284,-4.3416666984558105,23.790000915527344,92112.5,796.8912353515625,1.6418659687042236,
1785276787.5791025,T,216,2161371,2150900,0.19632454216480255,0.10534487664699554,-10.481815338134766,-0.004796324297785759,-0.011724349111318588,0.0460980087518692,0.7916666865348816,-3.308333396911621,-4.233333110809326,23.8799991607666,92112.7890625,796.8651733398438,1.623932957649231,
1785276787.5989428,T,217,2161393,2160900,0.17238251864910126,0.12449848651885986,-10.457873344421387,-0.0037304747384041548,-0.011457886546850204,0.04476569592952728,0.8083333373069763,-3.299999952316284,-4.175000190734863,23.950000762939453,92112.140625,796.9232788085938,1.6398735046386719,
1785276847.483988,T,218,2221271,2170900,0.20111294090747833,0.11971008777618408,-10.44350814819336,-0.004263399634510279,-0.012790199369192123,0.0444992333650589,0.675000011920929,-3.3916666507720947,-4.316666603088379,23.989999771118164,92112.6015625,796.8814697265625,1.643858551979065,
1785276847.5049286,T,219,2221299,2180900,0.2106897532939911,0.090979665517807,-10.448296546936035,-0.003996937070041895,-0.011990811675786972,0.04529862105846405,0.675000011920929,-3.3333332538604736,-4.300000190734863,23.979999542236328,92111.640625,796.9683837890625,1.6418659687042236,
1785276847.5249043,T,220,2221319,2190900,0.20111294090747833,0.090979665517807,-10.44350814819336,-0.004796324297785759,-0.014388973824679852,0.0444992333650589,0.6083333492279053,-3.4583332538604736,-4.233333110809326,23.950000762939453,92111.6171875,796.9705810546875,1.6418659687042236,
1785276847.5449796,T,221,2221339,2200900,0.19153612852096558,0.1149216815829277,-10.44350814819336,-0.004263399634510279,-0.014122511260211468,0.04476569592952728,0.7916666865348816,-3.2750000953674316,-4.066666603088379,23.969999313354492,92112.15625,796.9216918945312,1.6398735046386719,
1785276847.564876,T,222,2221359,2210900,0.22026655077934265,0.11013327538967133,-10.496180534362793,-0.003996937070041895,-0.01039203628897667,0.045032158493995667,0.675000011920929,-3.375,-4.316666603088379,23.950000762939453,92111.796875,796.9542846679688,1.6398735046386719,
1785276847.5860004,T,223,2221379,2220900,0.19632454216480255,0.12928688526153564,-10.457873344421387,-0.004796324297785759,-0.012790199369192123,0.045565083622932434,0.7083333134651184,-3.299999952316284,-4.425000190734863,23.93000030517578,92110.734375,797.0498657226562,1.643858551979065,
1785276907.4799662,T,224,2281271,2230900,0.20111294090747833,0.10055647045373917,-10.448296546936035,-0.006128636654466391,-0.01252373680472374,0.045032158493995667,0.8333333134651184,-3.308333396911621,-4.275000095367432,23.899999618530273,92111.96875,796.9390869140625,1.6498361825942993,
1785276907.5036213,T,225,2281295,2240900,0.2106897532939911,0.09576806426048279,-10.457873344421387,-0.004796324297785759,-0.011990811675786972,0.045565083622932434,0.7916666865348816,-3.375,-4.275000095367432,23.8700008392334,92113.734375,796.7799072265625,1.6458511352539062,
1785276907.527546,T,226,2281319,2250900,0.19632454216480255,0.090979665517807,-10.448296546936035,-0.0053292494267225266,-0.012257273308932781,0.0460980087518692,0.7083333134651184,-3.3333332538604736,-4.275000095367432,23.90999984741211,92111.375,796.9923095703125,1.647843599319458,
1785276907.5516758,T,227,2281343,2260900,0.19153612852096558,0.10534487664699554,-10.467450141906738,-0.00559571199119091,-0.012790199369192123,0.044232770800590515,0.75,-3.299999952316284,-4.300000190734863,23.969999313354492,92111.1171875,797.015625,1.6458511352539062,
1785276907.5707695,T,228,2281367,2270900,0.19632454216480255,0.10534487664699554,-10.44350814819336,-0.003996937070041895,-0.011724349111318588,0.0444992333650589,0.5916666388511658,-3.2166666984558105,-4.300000190734863,24.020000457763672,92111.703125,796.9629516601562,1.643858551979065,
1785276907.5870411,T,229,2281385,2280900,0.10055647045373917,0.08140286058187485,-10.63504409790039,0.0023981621488928795,-0.029044410213828087,0.04876263439655304,1.2916666269302368,-3.4166667461395264,-4.566666603088379,24.030000686645508,92110.96875,797.0286865234375,1.647843599319458,
1785276967.4758706,T,230,2341269,2290900,-0.028730420395731926,0.5171475410461426,-10.41956615447998,-0.00506278732791543,-0.011990811675786972,0.045565083622932434,1.5499999523162842,-3.133333444595337,-4.550000190734863,24.020000457763672,92111.5625,796.9754638671875,1.647843599319458,
1785276967.497093,T,231,2341291,2300900,0.004788403399288654,0.507570743560791,-10.44350814819336,-0.00506278732791543,-0.011724349111318588,0.045032158493995667,1.5916666984558105,-3.174999952316284,-4.525000095367432,23.989999771118164,92111.9375,796.9417724609375,1.647843599319458,
1785276967.5169108,T,232,2341313,2310900,-0.014365210197865963,0.49320554733276367,-10.400412559509277,-0.0053292494267225266,-0.011724349111318588,0.045032158493995667,1.5499999523162842,-3.2333333492279053,-4.4666666984558105,23.950000762939453,92110.890625,797.0357666015625,1.647843599319458,
1785276967.5378473,T,233,2341333,2320900,-0.009576806798577309,0.5123591423034668,-10.424354553222656,-0.0053292494267225266,-0.011724349111318588,0.0444992333650589,1.5499999523162842,-3.2750000953674316,-4.550000190734863,23.93000030517578,92112.40625,796.8994140625,1.6558139324188232,
1785276967.5579286,T,234,2341353,2330900,-0.023942016065120697,0.49799394607543945,-10.44350814819336,-0.0053292494267225266,-0.011724349111318588,0.04583154618740082,1.7083333730697632,-3.2166666984558105,-4.5916666984558105,23.889999389648438,92113.640625,796.78857421875,1.647843599319458,
1785276967.5776467,T,235,2341373,2340900,-0.028730420395731926,0.5027823448181152,-10.448296546936035,-0.006661561783403158,-0.01012557465583086,0.045032158493995667,1.5083333253860474,-3.308333396911621,-4.441666603088379,23.950000762939453,92112.625,796.8798828125,1.6418659687042236,
1785277027.4684908,T,236,2401269,2350900,-0.019153613597154617,0.5123591423034668,-10.467450141906738,-0.002931087277829647,-0.012257273308932781,0.0444992333650589,1.5499999523162842,-3.299999952316284,-4.508333206176758,24.030000686645508,92112.140625,796.9232788085938,1.653821349143982,
1785277027.4853237,T,237,2401285,2360900,-0.019153613597154617,0.4884171485900879,-10.438719749450684,-0.0037304747384041548,-0.012257273308932781,0.04529862105846405,1.6416666507720947,-3.3333332538604736,-4.525000095367432,24.110000610351562,92112.703125,796.872802734375,1.6498361825942993,
1785277027.502461,T,238,2401303,2370900,-0.009576806798577309,0.49799394607543945,-10.438719749450684,-0.003996937070041895,-0.011724349111318588,0.0460980087518692,1.625,-3.2333333492279053,-4.525000095367432,24.149999618530273,92113.1484375,796.8325805664062,1.653821349143982,
1785277027.5185835,T,239,2401319,2380900,-0.009576806798577309,0.4692635238170624,-10.472238540649414,-0.008793261833488941,-0.008793261833488941,0.045032158493995667,1.5499999523162842,-3.2333333492279053,-4.550000190734863,24.170000076293945,92114.0,796.7559814453125,1.653821349143982,
1785277027.5344799,T,240,2401335,2390900,-0.004788403399288654,0.5123591423034668,-10.44350814819336,-0.00559571199119091,-0.011990811675786972,0.04529862105846405,1.6833332777023315,-3.191666603088379,-4.5916666984558105,24.18000030517578,92114.09375,796.7478637695312,1.6697617769241333,
1785277027.550482,T,241,2401351,2400900,-0.004788403399288654,0.49320554733276367,-10.433931350708008,-0.0045298621989786625,-0.010658498853445053,0.04529862105846405,1.6083333492279053,-3.0999999046325684,-4.566666603088379,24.260000228881836,92115.171875,796.650634765625,1.6558139324188232,
1785277087.468916,T,242,2461271,2410900,0.0,0.49799394607543945,-10.424354553222656,-0.00506278732791543,-0.01252373680472374,0.046364475041627884,1.5916666984558105,-3.2750000953674316,-4.525000095367432,24.299999237060547,92115.75,796.5990600585938,1.6717544794082642,
1785277087.484901,T,243,2461287,2420900,-0.009576806798577309,0.507570743560791,-10.405200958251953,-0.004263399634510279,-0.01252373680472374,0.04529862105846405,1.524999976158142,-3.2750000953674316,-4.508333206176758,24.309999465942383,92117.03125,796.48388671875,1.673746943473816,
1785277087.5008874,T,244,2461303,2430900,0.009576806798577309,0.4884171485900879,-10.448296546936035,-0.004796324297785759,-0.010924961417913437,0.04529862105846405,1.5499999523162842,-3.2333333492279053,-4.566666603088379,24.280000686645508,92116.6015625,796.5219116210938,1.673746943473816,
1785277087.5168548,T,245,2461319,2440900,0.009576806798577309,0.49320554733276367,-10.438719749450684,-0.0053292494267225266,-0.012790199369192123,0.04476569592952728,1.6666666269302368,-3.174999952316284,-4.425000190734863,24.260000228881836,92117.65625,796.4274291992188,1.6558139324188232,
1785277087.532876,T,246,2461335,2450900,-0.004788403399288654,0.49320554733276367,-10.414777755737305,-0.004796324297785759,-0.011990811675786972,0.045032158493995667,1.524999976158142,-3.308333396911621,-4.4666666984558105,24.239999771118164,92118.265625,796.37255859375,1.673746943473816,
1785277087.5488906,T,247,2461351,2460900,-0.009576806798577309,0.49799394607543945,-10.44350814819336,-0.006128636654466391,-0.012257273308932781,0.04476569592952728,1.5916666984558105,-3.191666603088379,-4.483333110809326,24.200000762939453,92118.203125,796.3785400390625,1.6797245740890503,
1785277147.4759836,T,248,2521273,2470900,-0.014365210197865963,0.4884171485900879,-10.44350814819336,-0.00559571199119091,-0.011457886546850204,0.046364475041627884,1.5666667222976685,-3.2750000953674316,-4.550000190734863,24.1299991607666,92117.421875,796.4486083984375,1.6757395267486572,
1785277147.496879,T,249,2521297,2480900,-0.004788403399288654,0.507570743560791,-10.424354553222656,-0.006395099684596062,-0.011724349111318588,0.04529862105846405,1.4833333492279053,-3.2750000953674316,-4.508333206176758,24.139999389648438,92117.703125,796.423583984375,1.677731990814209,
1785277147.5168629,T,250,2521317,2490900,-0.014365210197865963,0.507570743560791,-10.424354553222656,-0.0053292494267225266,-0.011457886546850204,0.045032158493995667,1.6083333492279053,-3.2333333492279053,-4.441666603088379,24.200000762939453,92119.1328125,796.2943115234375,1.677731990814209,
1785277147.5397847,T,251,2521337,2500900,0.009576806798577309,0.47884035110473633,-10.429142951965332,-0.004263399634510279,-0.012257273308932781,0.045032158493995667,1.524999976158142,-3.258333444595337,-4.566666603088379,24.190000534057617,92119.84375,796.2307739257812,1.6797245740890503,
1785277147.5631764,T,252,2521361,2510900,-0.004788403399288654,0.4836287498474121,-10.44350814819336,-0.004263399634510279,-0.012790199369192123,0.045032158493995667,1.4833333492279053,-3.299999952316284,-4.4666666984558105,24.139999389648438,92119.7421875,796.239501953125,1.6797245740890503,
1785277147.5857623,T,253,2521383,2520900,-0.009576806798577309,0.4884171485900879,-10.448296546936035,-0.0037304747384041548,-0.011457886546850204,0.045032158493995667,1.625,-3.1500000953674316,-4.400000095367432,24.229999542236328,92120.078125,796.2090454101562,1.6757395267486572,
1785277207.4722178,T,254,2581271,2530900,0.0,0.507570743560791,-10.429142951965332,-0.00559571199119091,-0.011724349111318588,0.04529862105846405,1.5666667222976685,-3.174999952316284,-4.508333206176758,24.329999923706055,92119.8125,796.2335205078125,1.6797245740890503,
1785277207.495266,T,255,2581295,2540900,0.009576806798577309,0.4644751250743866,-10.41956615447998,-0.007194486912339926,-0.01039203628897667,0.04396630823612213,1.524999976158142,-3.174999952316284,-4.508333206176758,24.329999923706055,92119.8125,796.2335205078125,1.677731990814209,
1785277207.5181632,T,256,2581317,2550900,0.009576806798577309,0.5027823448181152,-10.366893768310547,-0.01039203628897667,-0.01012557465583086,0.04529862105846405,1.6416666507720947,-3.2166666984558105,-4.525000095367432,24.360000610351562,92120.40625,796.1802978515625,1.6757395267486572,
1785277207.5383441,T,257,2581341,2560900,-0.014365210197865963,0.4692635238170624,-10.44350814819336,-0.004796324297785759,-0.011724349111318588,0.04583154618740082,1.5666667222976685,-3.174999952316284,-4.5916666984558105,24.389999389648438,92121.078125,796.1199951171875,1.6797245740890503,
1785277207.5584517,T,258,2581361,2570900,-0.014365210197865963,0.4692635238170624,-10.438719749450684,-0.0037304747384041548,-0.011457886546850204,0.045032158493995667,1.625,-3.308333396911621,-4.400000095367432,24.360000610351562,92120.9296875,796.1329956054688,1.6837096214294434,
1785277207.5782332,T,259,2581381,2580900,-0.009576806798577309,0.45010992884635925,-10.453084945678711,-0.0045298621989786625,-0.011990811675786972,0.04583154618740082,1.4416667222976685,-3.308333396911621,-4.508333206176758,24.31999969482422,92121.453125,796.0857543945312,1.6857022047042847,
1785346343.3838987,T,1,481233,902,0.24899697303771973,0.0,-10.251971244812012,0.13802756369113922,-0.054091885685920715,0.0362388975918293,-2.4666666984558105,6.358333110809326,-3.7083332538604736,22.75,92007.6015625,806.3299560546875,0.21320347487926483,
1785346343.4008315,T,2,481250,10902,0.1628057211637497,-0.16759411990642548,-10.35252857208252,-0.0021316998172551394,-0.012790199369192123,0.045032158493995667,-2.5833332538604736,6.275000095367432,-3.8333332538604736,22.690000534057617,92006.3515625,806.4419555664062,0.22316624224185944,
1785346343.4178212,T,3,481267,20902,0.15322890877723694,-0.17238251864910126,-10.314221382141113,-0.0034640124067664146,-0.013856049627065659,0.044232770800590515,-2.4000000953674316,6.400000095367432,-3.8333332538604736,22.690000534057617,92008.390625,806.2587280273438,0.25504717230796814,
1785346343.4348176,T,4,481284,30902,0.19153612852096558,-0.13407529890537262,-10.347740173339844,-0.009859112091362476,-0.011724349111318588,0.04529862105846405,-2.549999952316284,6.3416666984558105,-3.7249999046325684,22.670000076293945,92008.3671875,806.2609252929688,0.2988833785057068,
1785346343.4518063,T,5,481301,40902,0.181959331035614,-0.14844051003456116,-10.338163375854492,0.008793261833488941,-0.014921898953616619,0.045032158493995667,-2.5250000953674316,6.3416666984558105,-3.7916667461395264,22.670000076293945,92008.3671875,806.2609252929688,0.33474940061569214,
1785346343.467875,T,6,481316,50902,-0.22505496442317963,-0.2106897532939911,-10.323798179626465,-0.012790199369192123,-0.010924961417913437,0.04689739644527435,-2.7249999046325684,6.166666507720947,-3.7083332538604736,22.690000534057617,92008.078125,806.2864379882812,0.3686228394508362,
1785346343.483813,T,7,481333,60902,-0.13407529890537262,-0.12928688526153564,-10.32858657836914,0.01119142398238182,-0.01598774828016758,0.045565083622932434,-2.7083332538604736,6.358333110809326,-3.7666666507720947,22.719999313354492,92008.203125,806.2755737304688,0.4024962782859802,
1785346343.500797,T,8,481350,72353,-0.22026655077934265,-0.13407529890537262,-10.400412559509277,-0.0002664624771568924,-0.016520673409104347,0.04663093388080597,-2.6666667461395264,6.275000095367432,-3.5999999046325684,22.729999542236328,92006.578125,806.4218139648438,0.4403548538684845,
1785346343.5178204,T,9,481367,80902,-0.3016694188117981,-0.06703764945268631,-10.424354553222656,0.006395099684596062,0.04023583605885506,0.042900457978248596,-2.7249999046325684,6.258333206176758,-3.6416666507720947,22.760000228881836,92007.5625,806.3331909179688,0.4702431857585907,
1785346343.534933,T,10,481384,90902,-0.21547815203666687,0.009576806798577309,-10.32858657836914,-0.02025114931166172,-0.006928024813532829,0.04822970926761627,-2.7249999046325684,6.416666507720947,-3.5999999046325684,22.790000915527344,92006.921875,806.390869140625,0.498138964176178,
1785346343.5558805,T,11,481401,100902,-0.22505496442317963,-0.14365209639072418,-10.371682167053223,-0.007194486912339926,-0.011724349111318588,0.046364475041627884,-2.7666666507720947,6.316666603088379,-3.7916667461395264,22.799999237060547,92006.921875,806.390869140625,0.5280272960662842,
1785346343.572952,T,12,481422,122827,-0.31124621629714966,-0.10055647045373917,-10.35252857208252,0.008260336704552174,-0.014655436389148235,0.0444992333650589,-2.799999952316284,6.316666603088379,-3.5416667461395264,22.84000015258789,92006.2421875,806.4517211914062,0.5937816500663757,
1785346343.5899227,T,13,481439,122830,-0.2968810200691223,-0.10534487664699554,-10.333374977111816,0.01119142398238182,-0.014122511260211468,0.0444992333650589,-2.799999952316284,6.316666603088379,-3.5416667461395264,22.84000015258789,92006.2421875,806.4517211914062,0.5937816500663757,
1785346343.6069074,T,14,481456,130902,-0.22505496442317963,-0.07182604819536209,-10.472238540649414,-0.016254210844635963,0.016254210844635963,0.0460980087518692,-2.75,6.3416666984558105,-3.5,22.850000381469727,92007.203125,806.3658447265625,0.6216774582862854,
1785346343.6239243,T,15,481473,140902,-0.29209262132644653,0.15801730751991272,-10.520122528076172,-0.01678713597357273,-0.024248085916042328,0.045032158493995667,-2.6416666507720947,6.416666507720947,-3.5999999046325684,22.889999389648438,92007.53125,806.3359375,0.6495732069015503,
1785346343.6409068,T,16,481490,159673,-0.272938996553421,-0.2346317619085312,-10.290278434753418,-0.04156814515590668,-0.0034640124067664146,0.04663093388080597,-2.7083332538604736,6.358333110809326,-3.6666667461395264,22.899999618530273,92006.625,806.4180297851562,0.6954019665718079,
1785346343.657953,T,17,481507,160902,-0.2346317619085312,-0.17717093229293823,-10.362105369567871,-0.015188361518085003,-0.01039203628897667,0.0460980087518692,-2.7249999046325684,6.183333396911621,-3.7666666507720947,22.899999618530273,92006.796875,806.4017333984375,0.6934094429016113,
1785346343.6749382,T,18,481524,170902,-0.23942017555236816,-0.090979665517807,-10.319009780883789,0.0005329249543137848,-0.008526799269020557,0.0444992333650589,-2.7083332538604736,6.358333110809326,-3.683333396911621,22.90999984741211,92007.03125,806.3810424804688,0.7213051915168762,
1785346343.6921055,T,19,481541,244767,-0.28730419278144836,-0.14844051003456116,-10.371682167053223,-0.03916998580098152,-0.01119142398238182,0.04822970926761627,-2.883333444595337,6.141666889190674,-3.6416666507720947,23.020000457763672,92006.0078125,806.4735107421875,0.8747319579124451,
1785346343.7089322,T,20,481558,244771,-0.2825157940387726,-0.11971008777618408,-10.400412559509277,-0.0362388975918293,-0.006928024813532829,0.04743032157421112,-2.883333444595337,6.141666889190674,-3.6416666507720947,23.020000457763672,92006.0078125,806.4735107421875,0.8827022314071655,
1785346343.7259347,T,21,481575,244774,-0.31603461503982544,-0.10055647045373917,-10.44350814819336,-0.02504747360944748,-0.013856049627065659,0.04663093388080597,-2.924999952316284,6.183333396911621,-3.6666667461395264,23.020000457763672,92006.0078125,806.4735107421875,0.8866873979568481,
1785346343.742901,T,22,481592,244778,-0.3495534360408783,-0.14844051003456116,-10.400412559509277,-0.01598774828016758,-0.014388973824679852,0.04663093388080597,-2.9000000953674316,6.058333396911621,-3.5833332538604736,23.020000457763672,92006.0078125,806.4735107421875,0.880709707736969,
1785346343.7599156,T,23,481609,244781,-0.24420857429504395,-0.11013327538967133,-10.47702693939209,-0.007727412041276693,-0.006661561783403158,0.046364475041627884,-2.9000000953674316,6.058333396911621,-3.5833332538604736,23.020000457763672,92006.0078125,806.4735107421875,0.8827022314071655,
1785346343.7769005,T,24,481626,244784,-0.2968810200691223,-0.13407529890537262,-10.429142951965332,0.00799387414008379,-0.01598774828016758,0.045032158493995667,-2.75,6.183333396911621,-3.5999999046325684,23.020000457763672,92006.0078125,806.4735107421875,0.880709707736969,
1785346343.7938974,T,25,481643,244788,-0.3926490843296051,-0.15801730751991272,-10.347740173339844,0.01252373680472374,-0.016520673409104347,0.04529862105846405,-2.883333444595337,6.183333396911621,-3.7083332538604736,23.020000457763672,92006.0078125,806.4735107421875,0.8787171244621277,
1785346343.810893,T,26,481660,250902,-0.3064578175544739,-0.17717093229293823,-10.347740173339844,-0.003996937070041895,-0.01119142398238182,0.045032158493995667,-2.7249999046325684,6.316666603088379,-3.7083332538604736,23.020000457763672,92006.25,806.451171875,0.8906724452972412,
1785346343.8279052,T,27,481677,312994,-0.29209262132644653,-0.07182604819536209,-10.429142951965332,0.011457886546850204,-0.017053598538041115,0.04529862105846405,-2.6416666507720947,6.383333206176758,-3.625,23.030000686645508,92004.9609375,806.5675659179688,0.9743597507476807,
1785346343.8448896,T,28,481694,312998,-0.2777273952960968,-0.05267243832349777,-10.44350814819336,0.020517610013484955,-0.016254210844635963,0.045032158493995667,-2.6416666507720947,6.383333206176758,-3.625,23.030000686645508,92004.9609375,806.5675659179688,0.9763523936271667,
1785346343.8619497,T,29,481711,313001,-0.26815059781074524,-0.05746084079146385,-10.453084945678711,0.030376723036170006,-0.017053598538041115,0.044232770800590515,-2.8416666984558105,6.208333492279053,-3.7083332538604736,23.030000686645508,92004.9609375,806.5675659179688,0.9544342160224915,
1785346343.8800743,T,30,481728,314085,-0.28730419278144836,-0.05267243832349777,-10.429142951965332,-0.017053598538041115,0.02291577309370041,0.05089433491230011,-2.816666603088379,6.300000190734863,-3.7083332538604736,23.030000686645508,92004.9609375,806.5675659179688,0.9803374409675598,
1785346343.8958952,T,31,481745,314089,-0.22505496442317963,-0.033518824726343155,-10.462661743164062,-0.009592648595571518,0.019185297191143036,0.04956202208995819,-2.7750000953674316,6.224999904632568,-3.7249999046325684,23.030000686645508,92004.9609375,806.5675659179688,0.9783449172973633,
1785346343.9129217,T,32,481762,314092,-0.21547815203666687,-0.043095629662275314,-10.5344877243042,-0.0013323123566806316,0.009859112091362476,0.04529862105846405,-2.7750000953674316,6.224999904632568,-3.7249999046325684,23.030000686645508,92004.9609375,806.5675659179688,0.9783449172973633,
1785346343.929889,T,33,481779,320902,-0.3447650372982025,-0.13407529890537262,-10.323798179626465,-0.0007993874605745077,-0.011724349111318588,0.04529862105846405,-2.308333396911621,6.300000190734863,-3.433333396911621,23.040000915527344,92004.8515625,806.5773315429688,0.9803374409675598,
1785346343.9468827,T,34,481796,330902,-0.33039984107017517,-0.15801730751991272,-10.342951774597168,-0.0034640124067664146,-0.010658498853445053,0.045032158493995667,-2.6666667461395264,6.141666889190674,-3.75,23.059999465942383,92005.25,806.5414428710938,1.0022555589675903,
1785346343.963901,T,35,481813,340902,-0.33039984107017517,-0.15801730751991272,-10.342951774597168,-0.003197549842298031,-0.011990811675786972,0.045032158493995667,-2.508333444595337,6.300000190734863,-3.6416666507720947,23.059999465942383,92004.5625,806.6029052734375,1.0082333087921143,
1785346343.9809093,T,36,481830,480980,-0.35434186458587646,-0.14844051003456116,-10.338163375854492,-0.012790199369192123,-0.013856049627065659,0.04529862105846405,-2.816666603088379,6.258333206176758,-3.75,23.049999237060547,92005.8125,806.4909057617188,1.1696302890777588,
1785346343.9978848,T,37,481847,480983,-0.33039984107017517,-0.1388636976480484,-10.32858657836914,-0.013856049627065659,-0.013056661002337933,0.045032158493995667,-2.6666667461395264,6.233333110809326,-3.75,23.049999237060547,92005.8125,806.4909057617188,1.1636526584625244,
1785346344.0148838,T,38,481864,480987,-0.3495534360408783,-0.14365209639072418,-10.319009780883789,-0.014122511260211468,-0.013856049627065659,0.04529862105846405,-2.683333396911621,6.258333206176758,-3.6666667461395264,23.049999237060547,92005.8125,806.4909057617188,1.1656451225280762,
1785346344.0319128,T,39,481881,480990,-0.3447650372982025,-0.12928688526153564,-10.342951774597168,-0.015454824082553387,-0.011990811675786972,0.04529862105846405,-2.683333396911621,6.258333206176758,-3.6666667461395264,23.049999237060547,92005.8125,806.4909057617188,1.1636526584625244,
1785346344.0488822,T,40,481898,480993,-0.38307225704193115,-0.12928688526153564,-10.342951774597168,-0.013856049627065659,-0.01598774828016758,0.04583154618740082,-2.75,6.300000190734863,-3.7249999046325684,23.049999237060547,92005.8125,806.4909057617188,1.1457196474075317,
1785346344.065914,T,41,481915,480997,-0.3447650372982025,-0.13407529890537262,-10.323798179626465,-0.013856049627065659,-0.012257273308932781,0.046364475041627884,-2.7666666507720947,6.383333206176758,-3.8499999046325684,23.049999237060547,92005.8125,806.4909057617188,1.1636526584625244,
1785346344.0828767,T,42,481932,481000,-0.35913026332855225,-0.11971008777618408,-10.376470565795898,-0.012257273308932781,-0.013056661002337933,0.04663093388080597,-2.7750000953674316,6.400000095367432,-3.7666666507720947,23.049999237060547,92005.8125,806.4909057617188,1.1696302890777588,
1785346344.099871,T,43,481949,481004,-0.3734954595565796,-0.15322890877723694,-10.314221382141113,-0.009592648595571518,-0.011990811675786972,0.04716385900974274,-2.7750000953674316,6.400000095367432,-3.7666666507720947,23.049999237060547,92005.8125,806.4909057617188,1.1636526584625244,
1785346344.116881,T,44,481966,481007,-0.3447650372982025,-0.11971008777618408,-10.362105369567871,-0.008526799269020557,-0.009326186962425709,0.04796324670314789,-2.816666603088379,6.383333206176758,-3.3916666507720947,23.049999237060547,92005.8125,806.4909057617188,1.1636526584625244,
1785346344.1340368,T,45,481983,481011,-0.3495534360408783,-0.12449848651885986,-10.342951774597168,-0.003996937070041895,-0.01119142398238182,0.04663093388080597,-2.2666666507720947,6.458333492279053,-3.4166667461395264,23.049999237060547,92005.8125,806.4909057617188,1.1716228723526,
1785346344.1511316,T,46,482000,481014,-0.33039984107017517,-0.13407529890537262,-10.32858657836914,-0.0037304747384041548,-0.007727412041276693,0.046364475041627884,-2.2666666507720947,6.458333492279053,-3.4166667461395264,23.049999237060547,92005.8125,806.4909057617188,1.1696302890777588,
1785346344.1681666,T,47,482017,481017,-0.4165911078453064,-0.16759411990642548,-10.251971244812012,-0.0005329249543137848,-0.009859112091362476,0.04796324670314789,-2.308333396911621,6.400000095367432,-3.433333396911621,23.049999237060547,92005.8125,806.4909057617188,1.1457196474075317,
1785346344.1883323,T,48,482034,481021,-0.3208230137825012,-0.14844051003456116,-10.309432983398438,-0.006128636654466391,0.002931087277829647,0.04743032157421112,-2.2666666507720947,6.316666603088379,-3.5,23.049999237060547,92005.8125,806.4909057617188,1.1696302890777588,
1785346344.2081323,T,49,482053,481024,-0.26815059781074524,-0.07661445438861847,-10.457873344421387,-0.0034640124067664146,-0.01252373680472374,0.04583154618740082,-2.2666666507720947,6.316666603088379,-3.5,23.049999237060547,92005.8125,806.4909057617188,1.1696302890777588,
1785346406.6383605,T,50,544485,490902,-0.2968810200691223,-0.1149216815829277,-10.35252857208252,-0.004796324297785759,-0.01039203628897667,0.04583154618740082,-2.3583333492279053,6.458333492279053,-3.3916666507720947,23.079999923706055,92004.921875,806.5713500976562,1.1955335140228271,
1785346406.657524,T,51,544508,500902,-0.3495534360408783,-0.15322890877723694,-10.342951774597168,-0.00506278732791543,-0.01119142398238182,0.04476569592952728,-2.7249999046325684,6.224999904632568,-3.5999999046325684,23.09000015258789,92004.1953125,806.6365966796875,1.1756079196929932,
1785346406.6775422,T,52,544527,510902,-0.3208230137825012,-0.08140286058187485,-10.333374977111816,-0.0037304747384041548,-0.012257273308932781,0.046364475041627884,-2.7666666507720947,6.166666507720947,-3.625,23.100000381469727,92005.328125,806.5343627929688,1.1955335140228271,
1785346406.6986687,T,53,544548,520902,-0.31603461503982544,-0.09576806426048279,-10.342951774597168,-0.0037304747384041548,-0.010658498853445053,0.046364475041627884,-2.7083332538604736,6.316666603088379,-3.683333396911621,23.110000610351562,92005.359375,806.5316772460938,1.2054963111877441,
1785346406.7188342,T,54,544569,530902,-0.31603461503982544,-0.12449848651885986,-10.319009780883789,0.0,-0.011724349111318588,0.04529862105846405,-2.799999952316284,6.275000095367432,-3.6666667461395264,23.110000610351562,92005.046875,806.5593872070312,1.1995186805725098,
1785346406.7382648,T,55,544590,540902,-0.3208230137825012,-0.09576806426048279,-10.357316970825195,-0.0023981621488928795,-0.010658498853445053,0.04743032157421112,-2.7666666507720947,6.258333206176758,-3.6666667461395264,23.1200008392334,92005.625,806.5072021484375,1.2035037279129028,
1785346466.638872,T,56,604487,550902,-0.3208230137825012,-0.08619125932455063,-10.309432983398438,-0.0023981621488928795,-0.011990811675786972,0.0460980087518692,-2.8583333492279053,6.416666507720947,-3.683333396911621,23.1200008392334,92004.9375,806.5697021484375,1.2254219055175781,
1785346466.6628754,T,57,604510,560902,-0.3208230137825012,-0.08140286058187485,-10.314221382141113,-0.003996937070041895,-0.01119142398238182,0.04583154618740082,-2.75,6.275000095367432,-3.625,23.1200008392334,92005.96875,806.4767456054688,1.2254219055175781,
1785346466.6834579,T,58,604533,570902,-0.31603461503982544,-0.08140286058187485,-10.342951774597168,-0.0034640124067664146,-0.01119142398238182,0.0460980087518692,-2.924999952316284,6.358333110809326,-3.5833332538604736,23.110000610351562,92005.25,806.5414428710938,1.2353845834732056,
1785346466.70384,T,59,604554,580902,-0.3256114423274994,-0.090979665517807,-10.342951774597168,-0.0037304747384041548,-0.010658498853445053,0.04583154618740082,-2.799999952316284,6.383333206176758,-3.5166666507720947,23.110000610351562,92004.734375,806.587646484375,1.2393697500228882,
1785346466.7234712,T,60,604575,590902,-0.3064578175544739,-0.07661445438861847,-10.338163375854492,-0.003996937070041895,-0.010924961417913437,0.04583154618740082,-2.8416666984558105,6.383333206176758,-3.5999999046325684,23.1200008392334,92002.578125,806.7822875976562,1.2413623332977295,
1785346466.7433007,T,61,604594,600902,-0.31124621629714966,-0.09576806426048279,-10.338163375854492,-0.0045298621989786625,-0.011457886546850204,0.04529862105846405,-2.816666603088379,6.3416666984558105,-3.683333396911621,23.139999389648438,92002.1953125,806.8159790039062,1.2573027610778809,
1785346526.6349962,T,62,664483,610902,-0.3208230137825012,-0.10534487664699554,-10.333374977111816,-0.003197549842298031,-0.010924961417913437,0.045032158493995667,-2.883333444595337,6.3416666984558105,-3.7916667461395264,23.170000076293945,92000.7265625,806.9486694335938,1.2652729749679565,
1785346526.6589134,T,63,664506,620902,-0.3256114423274994,-0.07182604819536209,-10.333374977111816,-0.0037304747384041548,-0.01119142398238182,0.04476569592952728,-2.799999952316284,6.300000190734863,-3.6416666507720947,23.170000076293945,92000.96875,806.9263916015625,1.2672655582427979,
1785346526.6802135,T,64,664531,630902,-0.3208230137825012,-0.07661445438861847,-10.319009780883789,-0.003197549842298031,-0.011724349111318588,0.045565083622932434,-2.883333444595337,6.416666507720947,-3.7249999046325684,23.15999984741211,92000.1796875,806.9981689453125,1.2732433080673218,
1785346526.701236,T,65,664552,640902,-0.3256114423274994,-0.08140286058187485,-10.32858657836914,-0.0034640124067664146,-0.011457886546850204,0.045032158493995667,-2.75,6.358333110809326,-3.5999999046325684,23.15999984741211,91999.484375,807.0601196289062,1.2712507247924805,
1785346526.721298,T,66,664573,650902,-0.33039984107017517,-0.07661445438861847,-10.338163375854492,-0.003996937070041895,-0.011457886546850204,0.0460980087518692,-2.683333396911621,6.300000190734863,-3.5166666507720947,23.15999984741211,91998.1015625,807.1846313476562,1.2991464138031006,
1785346526.7404912,T,67,664592,660902,-0.31603461503982544,-0.090979665517807,-10.347740173339844,-0.0045298621989786625,-0.010924961417913437,0.046364475041627884,-2.816666603088379,6.3416666984558105,-3.5999999046325684,23.170000076293945,91999.0,807.1041870117188,1.291176199913025,
1785346826.611861,T,68,964485,670902,-0.3064578175544739,-0.07661445438861847,-10.323798179626465,-0.0037304747384041548,-0.01119142398238182,0.0460980087518692,-2.7750000953674316,6.358333110809326,-3.5833332538604736,23.18000030517578,92000.0234375,807.01171875,1.325049638748169,
1785346826.6290112,T,69,964502,680902,-0.3016694188117981,-0.090979665517807,-10.333374977111816,-0.0023981621488928795,-0.010658498853445053,0.04529862105846405,-2.75,6.3416666984558105,-3.683333396911621,23.200000762939453,92000.015625,807.0122680664062,1.3210645914077759,
1785346826.6447937,T,70,964518,690902,-0.3016694188117981,-0.090979665517807,-10.323798179626465,-0.004796324297785759,-0.010924961417913437,0.045032158493995667,-2.8416666984558105,6.433333396911621,-3.5,23.219999313354492,92000.171875,806.9987182617188,1.3230570554733276,
1785346826.6617644,T,71,964535,700902,-0.3256114423274994,-0.07661445438861847,-10.32858657836914,-0.003197549842298031,-0.011724349111318588,0.045032158493995667,-2.7750000953674316,6.224999904632568,-3.5833332538604736,23.219999313354492,92000.0625,807.0084838867188,1.3310272693634033,
1785346826.6794944,T,72,964552,710902,-0.2968810200691223,-0.08140286058187485,-10.338163375854492,-0.003996937070041895,-0.010924961417913437,0.0460980087518692,-2.7750000953674316,6.275000095367432,-3.558333396911621,23.219999313354492,92000.5546875,806.9638671875,1.35493803024292,
1785346826.6958358,T,73,964569,720902,-0.3256114423274994,-0.10055647045373917,-10.32858657836914,-0.0021316998172551394,-0.01119142398238182,0.046364475041627884,-2.816666603088379,6.233333110809326,-3.5416667461395264,23.219999313354492,92001.2734375,806.899169921875,1.335012435913086,
1785346826.7128305,T,74,964586,730902,-0.31603461503982544,-0.07661445438861847,-10.357316970825195,-0.004263399634510279,-0.010658498853445053,0.045565083622932434,-2.6416666507720947,6.400000095367432,-3.5166666507720947,23.229999542236328,92000.1953125,806.9965209960938,1.35493803024292,
1785346826.729848,T,75,964603,740902,-0.33039984107017517,-0.11013327538967133,-10.333374977111816,-0.003197549842298031,-0.01119142398238182,0.045565083622932434,-2.75,6.275000095367432,-3.6416666507720947,23.239999771118164,92000.1171875,807.0036010742188,1.3649007081985474,
1785346826.746837,T,76,964620,750902,-0.2968810200691223,-0.05746084079146385,-10.357316970825195,-0.006128636654466391,-0.011724349111318588,0.0460980087518692,-2.799999952316284,6.258333206176758,-3.7249999046325684,23.25,92000.53125,806.966064453125,1.3609156608581543,
1785346826.7637992,T,77,964637,760902,-0.3256114423274994,-0.090979665517807,-10.323798179626465,-0.0021316998172551394,-0.010658498853445053,0.04583154618740082,-2.7750000953674316,6.258333206176758,-3.683333396911621,23.260000228881836,91999.703125,807.0410766601562,1.3668932914733887,
1785346826.7807882,T,78,964654,770902,-0.3256114423274994,-0.07661445438861847,-10.362105369567871,-0.006395099684596062,-0.010924961417913437,0.046364475041627884,-2.883333444595337,6.141666889190674,-3.683333396911621,23.260000228881836,92000.65625,806.9546508789062,1.36888587474823,
1785346826.797798,T,79,964671,780902,-0.31603461503982544,-0.090979665517807,-10.333374977111816,-0.0045298621989786625,-0.011724349111318588,0.04529862105846405,-2.7083332538604736,6.183333396911621,-3.5,23.270000457763672,92000.484375,806.9703979492188,1.3868188858032227,
1785346826.814767,T,80,964688,790902,-0.3064578175544739,-0.09576806426048279,-10.362105369567871,-0.00559571199119091,-0.010658498853445053,0.045565083622932434,-2.799999952316284,6.258333206176758,-3.6416666507720947,23.239999771118164,92000.1171875,807.0036010742188,1.3888113498687744,
1785346826.8317654,T,81,964705,800902,-0.3064578175544739,-0.08140286058187485,-10.314221382141113,-0.004796324297785759,-0.010658498853445053,0.046364475041627884,-2.816666603088379,6.275000095367432,-3.6416666507720947,23.229999542236328,91999.640625,807.0465087890625,1.3868188858032227,
1785346826.8487687,T,82,964722,810902,-0.31124621629714966,-0.090979665517807,-10.32858657836914,-0.004796324297785759,-0.01119142398238182,0.04583154618740082,-2.75,6.416666507720947,-3.4166667461395264,23.239999771118164,91999.328125,807.0742797851562,1.394789218902588,
1785346826.8657887,T,83,964739,820902,-0.3256114423274994,-0.10055647045373917,-10.32858657836914,-0.006395099684596062,-0.010924961417913437,0.04583154618740082,-2.7249999046325684,6.3416666984558105,-3.5999999046325684,23.260000228881836,91999.2421875,807.0818481445312,1.3967816829681396,
1785346826.882823,T,84,964756,830902,-0.2968810200691223,-0.09576806426048279,-10.342951774597168,-0.00506278732791543,-0.011724349111318588,0.04583154618740082,-2.7666666507720947,6.300000190734863,-3.3916666507720947,23.280000686645508,91999.4375,807.064453125,1.4007667303085327,
1785346826.8998148,T,85,964773,840902,-0.33039984107017517,-0.090979665517807,-10.338163375854492,-0.004263399634510279,-0.010924961417913437,0.045565083622932434,-2.75,6.258333206176758,-3.5999999046325684,23.299999237060547,91999.109375,807.0943603515625,1.3967816829681396,
1785346826.9167995,T,86,964790,850902,-0.31124621629714966,-0.08619125932455063,-10.299856185913086,-0.00559571199119091,-0.010924961417913437,0.046364475041627884,-2.6666667461395264,6.300000190734863,-3.5833332538604736,23.31999969482422,92000.3125,806.9862060546875,1.4167072772979736,
1785346826.933821,T,87,964807,860902,-0.3064578175544739,-0.05267243832349777,-10.319009780883789,-0.003996937070041895,-0.010658498853445053,0.04529862105846405,-2.7666666507720947,6.099999904632568,-3.6666667461395264,23.329999923706055,92000.578125,806.9617309570312,1.4186997413635254,
1785346826.9508038,T,88,964824,870902,-0.31603461503982544,-0.08619125932455063,-10.32858657836914,-0.003996937070041895,-0.01119142398238182,0.04529862105846405,-2.7083332538604736,6.224999904632568,-3.7249999046325684,23.329999923706055,92000.75,806.9464721679688,1.4206923246383667,
1785346826.9678447,T,89,964841,880902,-0.31124621629714966,-0.07182604819536209,-10.333374977111816,-0.0010658499086275697,-0.011457886546850204,0.04529862105846405,-2.7750000953674316,6.208333492279053,-3.6416666507720947,23.299999237060547,92001.53125,806.8763427734375,1.4286625385284424,
1785346826.9847693,T,90,964858,890902,-0.31124621629714966,-0.09576806426048279,-10.32858657836914,-0.0026646247133612633,-0.011457886546850204,0.04476569592952728,-2.799999952316284,6.300000190734863,-3.5999999046325684,23.270000457763672,92001.5859375,806.8709106445312,1.4286625385284424,
1785346827.0018222,T,91,964875,900902,-0.33518823981285095,-0.08140286058187485,-10.338163375854492,-0.002931087277829647,-0.010658498853445053,0.04583154618740082,-2.7249999046325684,6.183333396911621,-3.6666667461395264,23.280000686645508,92000.578125,806.9617309570312,1.426669955253601,
1785346827.0189617,T,92,964892,910902,-0.33997663855552673,-0.08140286058187485,-10.371682167053223,-0.002931087277829647,-0.011724349111318588,0.0460980087518692,-2.8416666984558105,6.258333206176758,-3.558333396911621,23.290000915527344,91999.296875,807.0769653320312,1.4306550025939941,
1785346827.037032,T,93,964909,920902,-0.3256114423274994,-0.11013327538967133,-10.304644584655762,-0.005862174555659294,-0.01039203628897667,0.045565083622932434,-2.75,6.300000190734863,-3.7666666507720947,23.280000686645508,91999.921875,807.02099609375,1.4485880136489868,
1785346827.0528815,T,94,964926,930902,-0.3208230137825012,-0.090979665517807,-10.285490036010742,-0.003996937070041895,-0.011457886546850204,0.045565083622932434,-2.7666666507720947,6.233333110809326,-3.6666667461395264,23.270000457763672,92000.546875,806.9644165039062,1.452573299407959,
1785346827.0699236,T,95,964943,940902,-0.33039984107017517,-0.08619125932455063,-10.338163375854492,-0.003996937070041895,-0.011724349111318588,0.046364475041627884,-2.683333396911621,6.258333206176758,-3.6416666507720947,23.260000228881836,92000.046875,807.0095825195312,1.456558346748352,
1785346827.0868454,T,96,964960,950902,-0.31603461503982544,-0.10534487664699554,-10.299856185913086,-0.003996937070041895,-0.011457886546850204,0.045565083622932434,-2.7083332538604736,6.233333110809326,-3.5999999046325684,23.25,91999.078125,807.0971069335938,1.456558346748352,
1785346827.1038945,T,97,964977,960902,-0.2968810200691223,-0.08619125932455063,-10.338163375854492,-0.003197549842298031,-0.010658498853445053,0.04583154618740082,-2.75,6.166666507720947,-3.683333396911621,23.239999771118164,91999.421875,807.0661010742188,1.4545658826828003,
1785346985.2187116,T,1,121127,902,-0.828393816947937,-0.004788403399288654,-10.113107681274414,-0.09192955493927002,0.023981623351573944,0.1287013739347458,-2.7083332538604736,6.5,-3.8916666507720947,23.329999923706055,91999.5078125,807.0584716796875,1.4167072772979736,
1785346985.23566,T,2,121144,10902,0.7374141216278076,-0.11971008777618408,-10.342951774597168,-0.0034640124067664146,-0.011457886546850204,0.0460980087518692,-2.2666666507720947,6.383333206176758,-3.9833333492279053,23.260000228881836,91998.34375,807.1629028320312,1.398774266242981,
1785346985.252804,T,3,121161,20902,0.727837324142456,-0.12449848651885986,-10.338163375854492,-0.0037304747384041548,-0.011457886546850204,0.04663093388080597,-2.0833332538604736,6.5,-3.9666666984558105,23.239999771118164,91998.84375,807.1177368164062,1.4167072772979736,
1785346985.269688,T,4,121178,30902,0.7469909191131592,-0.043095629662275314,-10.35252857208252,-0.0045298621989786625,-0.011724349111318588,0.0460980087518692,-2.3416666984558105,6.541666507720947,-3.8333332538604736,23.239999771118164,91998.5,807.1492919921875,1.4186997413635254,
1785346985.2866359,T,5,121195,40902,0.7326257228851318,-0.07661445438861847,-10.319009780883789,-0.0037304747384041548,-0.011990811675786972,0.0460980087518692,-2.25,6.458333492279053,-3.9166667461395264,23.239999771118164,91998.734375,807.1275634765625,1.4206923246383667,
1785346985.302309,T,6,121210,50902,0.7422025203704834,-0.06224924325942993,-10.32858657836914,-0.003197549842298031,-0.010658498853445053,0.0460980087518692,-2.2916667461395264,6.474999904632568,-3.933333396911621,23.25,91997.421875,807.24609375,1.426669955253601,
1785346985.3190508,T,7,121227,60902,0.7422025203704834,-0.05267243832349777,-10.323798179626465,-0.002931087277829647,-0.010924961417913437,0.046364475041627884,-2.308333396911621,6.416666507720947,-3.808333396911621,23.25,91996.203125,807.3558959960938,1.426669955253601,
1785346985.3356657,T,8,121244,70902,0.7374141216278076,-0.023942016065120697,-10.32858657836914,-0.00506278732791543,-0.012790199369192123,0.04663093388080597,-2.316666603088379,6.358333110809326,-3.875,23.25,91994.34375,807.5233764648438,1.4346402883529663,
1785346985.3526611,T,9,121261,80902,0.7230489253997803,-0.047884032130241394,-10.299856185913086,-0.004263399634510279,-0.01119142398238182,0.04583154618740082,-2.0833332538604736,6.474999904632568,-3.875,23.260000228881836,91992.875,807.655517578125,1.446595549583435,
1785346985.3697646,T,10,121278,90902,0.7422025203704834,-0.019153613597154617,-10.323798179626465,-0.0026646247133612633,-0.010924961417913437,0.04529862105846405,-2.25,6.458333492279053,-3.808333396911621,23.270000457763672,91993.2578125,807.6212768554688,1.4505805969238281,
1785346985.3867965,T,11,121295,100902,0.7422025203704834,-0.019153613597154617,-10.299856185913086,-0.004263399634510279,-0.01252373680472374,0.0460980087518692,-2.183333396911621,6.474999904632568,-3.875,23.25,91992.578125,807.68212890625,1.4505805969238281,
1785346985.403748,T,12,121312,110902,0.7374141216278076,-0.038307227194309235,-10.338163375854492,-0.004263399634510279,-0.01119142398238182,0.046364475041627884,-2.2249999046325684,6.400000095367432,-3.875,23.25,91992.921875,807.6511840820312,1.4585509300231934,
1785346985.4207463,T,13,121329,120902,0.7230489253997803,-0.043095629662275314,-10.32858657836914,-0.004263399634510279,-0.012257273308932781,0.04583154618740082,-2.316666603088379,6.275000095367432,-3.8333332538604736,23.270000457763672,91990.640625,807.8561401367188,1.452573299407959,
1785347045.2183008,T,14,181127,130902,0.7565677165985107,-0.038307227194309235,-10.338163375854492,-0.006395099684596062,-0.009859112091362476,0.045565083622932434,-2.308333396911621,6.233333110809326,-4.066666603088379,23.290000915527344,91990.890625,807.8338623046875,1.4545658826828003,
1785347045.23437,T,15,181144,140902,0.7374141216278076,-0.05746084079146385,-10.323798179626465,-0.004263399634510279,-0.010924961417913437,0.045032158493995667,-2.4666666984558105,6.233333110809326,-4.150000095367432,23.31999969482422,91990.59375,807.8610229492188,1.4625359773635864,
1785347045.2513962,T,16,181161,150902,0.7326257228851318,-0.05267243832349777,-10.323798179626465,-0.0053292494267225266,-0.011724349111318588,0.046364475041627884,-2.3583333492279053,6.300000190734863,-4.133333206176758,23.329999923706055,91991.0390625,807.82080078125,1.4645285606384277,
1785347045.2683818,T,17,181178,160902,0.727837324142456,-0.05267243832349777,-10.342951774597168,-0.0023981621488928795,-0.01252373680472374,0.046364475041627884,-2.2666666507720947,6.233333110809326,-4.0916666984558105,23.31999969482422,91989.734375,807.938232421875,1.4824615716934204,
1785347045.285363,T,18,181195,170902,0.7134721279144287,-0.06224924325942993,-10.319009780883789,-0.0026646247133612633,-0.010658498853445053,0.045565083622932434,-2.3583333492279053,6.224999904632568,-4.175000190734863,23.309999465942383,91990.734375,807.8480224609375,1.4844540357589722,
1785347045.302357,T,19,181212,180902,0.7326257228851318,-0.05267243832349777,-10.27591323852539,-0.0015987749211490154,-0.01252373680472374,0.04583154618740082,-2.316666603088379,6.233333110809326,-4.050000190734863,23.31999969482422,91990.453125,807.87353515625,1.4824615716934204,
1785348121.8566847,T,1,61253,904,-0.05267243832349777,3.4763808250427246,-9.682151794433594,-0.003996937070041895,-0.01252373680472374,0.046364475041627884,-3.6666667461395264,6.808333396911621,-2.4583332538604736,24.020000457763672,91969.359375,809.7725219726562,1.7076202630996704,
1785348121.8733628,T,2,61270,10904,-0.014365210197865963,3.4811692237854004,-9.672574996948242,-0.0037304747384041548,-0.012257273308932781,0.0460980087518692,-3.758333444595337,6.974999904632568,-2.3333332538604736,23.93000030517578,91969.1875,809.7882690429688,1.7056277990341187,
1785348121.8886187,T,3,61285,20904,-0.033518824726343155,3.4955344200134277,-9.667786598205566,-0.004263399634510279,-0.011724349111318588,0.045565083622932434,-3.6666667461395264,6.958333492279053,-2.2666666507720947,23.889999389648438,91971.4375,809.5859985351562,1.7036352157592773,
1785348121.9053378,T,4,61302,30904,-0.028730420395731926,3.5051112174987793,-9.691728591918945,-0.0037304747384041548,-0.012257273308932781,0.045565083622932434,-3.6666667461395264,7.0,-2.558333396911621,23.8799991607666,91971.203125,809.6066284179688,1.7096128463745117,
1785348121.9205482,T,5,61317,40904,-0.033518824726343155,3.4955344200134277,-9.653421401977539,-0.003996937070041895,-0.01252373680472374,0.04663093388080597,-3.7083332538604736,6.974999904632568,-2.4583332538604736,23.889999389648438,91971.4375,809.5859985351562,1.7135981321334839,
1785348121.9373412,T,6,61334,50904,-0.014365210197865963,3.509899616241455,-9.66299819946289,-0.0045298621989786625,-0.01252373680472374,0.0460980087518692,-3.7083332538604736,7.050000190734863,-2.433333396911621,23.84000015258789,91972.921875,809.45166015625,1.7155905961990356,
1785348121.9525745,T,7,61349,60904,-0.033518824726343155,3.514688014984131,-9.68694019317627,-0.004263399634510279,-0.01119142398238182,0.0460980087518692,-3.6416666507720947,6.974999904632568,-2.625,23.780000686645508,91973.15625,809.4309692382812,1.7135981321334839,
1785348181.8993676,T,8,121272,70904,-0.023942016065120697,3.4955344200134277,-9.667786598205566,-0.004263399634510279,-0.012257273308932781,0.0460980087518692,-3.7166666984558105,7.0,-2.5999999046325684,23.729999542236328,91973.1796875,809.4288330078125,1.7355161905288696,
1785348181.9183478,T,9,121295,80904,-0.023942016065120697,3.509899616241455,-9.696516990661621,-0.004263399634510279,-0.012790199369192123,0.04583154618740082,-3.6666667461395264,6.974999904632568,-2.4583332538604736,23.700000762939453,91974.796875,809.2830810546875,1.72156822681427,
1785348181.9383945,T,10,121314,90904,-0.023942016065120697,3.5051112174987793,-9.653421401977539,-0.003996937070041895,-0.011457886546850204,0.0460980087518692,-3.7333333492279053,6.958333492279053,-2.5416667461395264,23.670000076293945,91975.5859375,809.2123413085938,1.737508773803711,
1785348181.9584162,T,11,121335,100904,-0.028730420395731926,3.5003228187561035,-9.672574996948242,-0.004263399634510279,-0.011724349111318588,0.04583154618740082,-3.9000000953674316,7.133333206176758,-2.7333333492279053,23.6299991607666,91975.0625,809.2597045898438,1.741493821144104,
1785348181.9784007,T,12,121354,110904,-0.023942016065120697,3.509899616241455,-9.66299819946289,-0.00506278732791543,-0.011990811675786972,0.0460980087518692,-3.5,6.849999904632568,-2.3333332538604736,23.649999618530273,91975.359375,809.2324829101562,1.7395012378692627,
1785348181.997557,T,13,121375,120904,-0.033518824726343155,3.5051112174987793,-9.653421401977539,-0.0045298621989786625,-0.014655436389148235,0.04663093388080597,-3.558333396911621,6.916666507720947,-2.2666666507720947,23.6299991607666,91975.203125,809.2466430664062,1.7494639158248901,
1785348241.8840032,T,14,181272,130904,-0.009576806798577309,3.485957622528076,-9.648633003234863,-0.004263399634510279,-0.012790199369192123,0.04583154618740082,-3.5166666507720947,6.958333492279053,-2.4166667461395264,23.6200008392334,91975.140625,809.2520751953125,1.7494639158248901,
1785348241.9083898,T,15,181295,140904,-0.014365210197865963,3.509899616241455,-9.696516990661621,-0.004796324297785759,-0.012257273308932781,0.046364475041627884,-3.5166666507720947,6.974999904632568,-2.3499999046325684,23.6299991607666,91975.40625,809.2281494140625,1.7494639158248901,
1785348241.9305098,T,16,181320,150904,-0.038307227194309235,3.5051112174987793,-9.66299819946289,-0.0045298621989786625,-0.012257273308932781,0.04476569592952728,-3.5833332538604736,6.974999904632568,-2.375,23.6299991607666,91976.078125,809.1677856445312,1.7634118795394897,
1785348241.9503286,T,17,181343,160904,-0.023942016065120697,3.5242648124694824,-9.667786598205566,-0.0037304747384041548,-0.01252373680472374,0.046364475041627884,-3.625,7.066666603088379,-2.308333396911621,23.6200008392334,91975.765625,809.196044921875,1.765404462814331,
1785348241.9701812,T,18,181362,170904,-0.023942016065120697,3.5051112174987793,-9.634267807006836,-0.003996937070041895,-0.01252373680472374,0.046364475041627884,-3.625,7.133333206176758,-2.375,23.610000610351562,91975.8515625,809.1878662109375,1.7673969268798828,
1785348241.9901376,T,19,181382,180904,-0.033518824726343155,3.5003228187561035,-9.639056205749512,-0.004263399634510279,-0.011990811675786972,0.045565083622932434,-3.6416666507720947,6.974999904632568,-2.2916667461395264,23.59000015258789,91974.65625,809.2955932617188,1.7673969268798828,
1785348301.8720467,T,20,241274,190904,-0.019153613597154617,3.533841609954834,-9.68694019317627,-0.0037304747384041548,-0.012257273308932781,0.04529862105846405,-3.5166666507720947,7.008333206176758,-2.308333396911621,23.56999969482422,91974.671875,809.2944946289062,1.7693895101547241,
1785348301.8958972,T,21,241297,200904,-0.028730420395731926,3.509899616241455,-9.658209800720215,-0.0045298621989786625,-0.012257273308932781,0.045032158493995667,-3.5,7.224999904632568,-2.4166667461395264,23.559999465942383,91974.578125,809.3026123046875,1.771382212638855,
1785348301.9199286,T,22,241320,210904,-0.028730420395731926,3.4955344200134277,-9.682151794433594,-0.004796324297785759,-0.012257273308932781,0.0460980087518692,-3.6666667461395264,7.050000190734863,-2.3499999046325684,23.559999465942383,91974.046875,809.3505249023438,1.7733747959136963,
1785348301.943035,T,23,241345,220904,-0.028730420395731926,3.514688014984131,-9.682151794433594,-0.003996937070041895,-0.012257273308932781,0.045565083622932434,-3.5999999046325684,6.891666889190674,-2.5,23.549999237060547,91974.3046875,809.32763671875,1.7793524265289307,
1785348301.9597123,T,24,241368,230904,-0.028730420395731926,3.5003228187561035,-9.696516990661621,-0.004263399634510279,-0.01252373680472374,0.0460980087518692,-3.683333396911621,6.974999904632568,-2.4749999046325684,23.510000228881836,91974.296875,809.3281860351562,1.7733747959136963,
1785348301.976684,T,25,241385,240904,-0.009576806798577309,3.4955344200134277,-9.658209800720215,-0.00506278732791543,-0.011724349111318588,0.0460980087518692,-3.625,7.008333206176758,-2.3916666507720947,23.5,91974.515625,809.30810546875,1.7793524265289307,
1785348361.8681254,T,26,301274,250904,-0.028730420395731926,3.5051112174987793,-9.706093788146973,-0.0053292494267225266,-0.012257273308932781,0.0460980087518692,-3.683333396911621,6.958333492279053,-2.4749999046325684,23.510000228881836,91975.28125,809.2395629882812,1.7773598432540894,
1785348361.8910224,T,27,301297,260904,-0.028730420395731926,3.4955344200134277,-9.667786598205566,-0.0045298621989786625,-0.011724349111318588,0.04583154618740082,-3.6666667461395264,7.050000190734863,-2.5833332538604736,23.559999465942383,91974.75,809.2874145507812,1.7793524265289307,
1785348361.9104102,T,28,301320,270904,-0.014365210197865963,3.5003228187561035,-9.677363395690918,-0.00506278732791543,-0.013056661002337933,0.046364475041627884,-3.5999999046325684,7.025000095367432,-2.433333396911621,23.600000381469727,91974.265625,809.3309326171875,1.7793524265289307,
1785348361.9303172,T,29,301339,280904,-0.014365210197865963,3.5003228187561035,-9.672574996948242,-0.00506278732791543,-0.01252373680472374,0.04529862105846405,-3.5166666507720947,7.066666603088379,-2.433333396911621,23.59000015258789,91974.171875,809.339599609375,1.7813448905944824,
1785348361.9503472,T,30,301360,290904,-0.019153613597154617,3.4955344200134277,-9.672574996948242,-0.003996937070041895,-0.01252373680472374,0.04689739644527435,-3.6666667461395264,7.050000190734863,-2.5416667461395264,23.56999969482422,91973.046875,809.4407958984375,1.8012704849243164,
1785348361.97032,T,31,301379,300904,-0.047884032130241394,3.490746021270752,-9.66299819946289,-0.0045298621989786625,-0.011990811675786972,0.04583154618740082,-3.6666667461395264,7.0916666984558105,-2.2916667461395264,23.579999923706055,91974.25,809.3325805664062,1.8032630681991577,
1785348421.8678868,T,32,361276,310904,-0.023942016065120697,3.485957622528076,-9.658209800720215,-0.003996937070041895,-0.01252373680472374,0.04583154618740082,-3.7333333492279053,7.175000190734863,-2.5,23.59000015258789,91973.828125,809.37060546875,1.8012704849243164,
1785348421.8918571,T,33,361299,320904,-0.043095629662275314,3.509899616241455,-9.677363395690918,-0.0045298621989786625,-0.012257273308932781,0.04583154618740082,-3.5999999046325684,7.150000095367432,-2.633333444595337,23.6299991607666,91972.75,809.4679565429688,1.8012704849243164,
1785348421.9158604,T,34,361322,330904,-0.028730420395731926,3.485957622528076,-9.653421401977539,-0.003996937070041895,-0.012257273308932781,0.045565083622932434,-3.6666667461395264,7.0916666984558105,-2.4166667461395264,23.639999389648438,91973.046875,809.4407958984375,1.8032630681991577,
1785348421.9398248,T,35,361347,340904,0.004788403399288654,3.4811692237854004,-9.672574996948242,-0.0037304747384041548,-0.012257273308932781,0.045565083622932434,-3.7750000953674316,7.050000190734863,-2.5999999046325684,23.6299991607666,91972.265625,809.5109252929688,1.8012704849243164,
1785348421.9554312,T,36,361370,350904,-0.033518824726343155,3.5051112174987793,-9.696516990661621,-0.0045298621989786625,-0.011457886546850204,0.04529862105846405,-3.7333333492279053,7.050000190734863,-2.5416667461395264,23.610000610351562,91972.109375,809.525634765625,1.8072481155395508,
1785348421.972409,T,37,361387,360904,-0.028730420395731926,3.5003228187561035,-9.66299819946289,-0.0053292494267225266,-0.012790199369192123,0.045032158493995667,-3.7166666984558105,7.0916666984558105,-2.5166666507720947,23.610000610351562,91971.53125,809.5772705078125,1.8052555322647095,
1785348481.859948,T,38,421271,370904,-0.038307227194309235,3.485957622528076,-9.648633003234863,-0.0037304747384041548,-0.011724349111318588,0.0460980087518692,-3.7083332538604736,7.0,-2.674999952316284,23.610000610351562,91972.046875,809.5310668945312,1.8112332820892334,
1785348481.8822114,T,39,421296,380904,-0.023942016065120697,3.490746021270752,-9.66299819946289,-0.004796324297785759,-0.011990811675786972,0.045565083622932434,-3.5999999046325684,7.008333206176758,-2.625,23.610000610351562,91972.453125,809.4940795898438,1.8132258653640747,
1785348481.9012578,T,40,421317,390904,-0.019153613597154617,3.490746021270752,-9.677363395690918,-0.004263399634510279,-0.012257273308932781,0.046364475041627884,-3.758333444595337,7.008333206176758,-2.5999999046325684,23.600000381469727,91971.2890625,809.5990600585938,1.8132258653640747,
1785348481.9212623,T,41,421336,400904,-0.009576806798577309,3.4955344200134277,-9.677363395690918,-0.0045298621989786625,-0.013056661002337933,0.04663093388080597,-3.6416666507720947,7.025000095367432,-2.5416667461395264,23.600000381469727,91971.1484375,809.6115112304688,1.8112332820892334,
1785348481.9412286,T,42,421357,410904,-0.033518824726343155,3.5003228187561035,-9.677363395690918,-0.004263399634510279,-0.012790199369192123,0.046364475041627884,-3.6666667461395264,7.025000095367432,-2.5833332538604736,23.600000381469727,91971.640625,809.5669555664062,1.8052555322647095,
1785348481.961232,T,43,421376,420904,-0.033518824726343155,3.4380736351013184,-9.701305389404297,0.0559571199119091,-0.049828484654426575,0.14282388985157013,-3.683333396911621,7.0,-2.2916667461395264,23.6200008392334,91972.0,809.535400390625,1.8311588764190674,
1785349714.1065822,T,1,121247,900,0.014365210197865963,2.8586769104003906,-10.055646896362305,0.003197549842298031,-0.00506278732791543,0.04796324670314789,-2.2916667461395264,7.599999904632568,-2.5416667461395264,23.579999923706055,91969.75,809.7377319335938,0.007970224134624004,
1785349714.1288135,T,2,121272,10900,-0.043095629662275314,2.8826189041137695,-9.830592155456543,-0.0034640124067664146,-0.013323123566806316,0.045565083622932434,-2.1666667461395264,7.5916666984558105,-2.625,23.510000228881836,91967.84375,809.9090576171875,0.0498138964176178,
1785349714.1481595,T,3,121295,20900,-0.019153613597154617,2.868253707885742,-9.859322547912598,-0.0034640124067664146,-0.013589587062597275,0.04476569592952728,-2.049999952316284,7.566666603088379,-2.5833332538604736,23.510000228881836,91969.28125,809.7801513671875,0.09165756404399872,
1785349714.1680892,T,4,121314,30900,-0.028730420395731926,2.8395233154296875,-9.77791976928711,-0.007194486912339926,-0.01012557465583086,0.0460980087518692,-2.1416666507720947,7.550000190734863,-2.5833332538604736,23.540000915527344,91970.234375,809.6942138671875,0.1494416892528534,
1785349714.188306,T,5,121333,40900,-0.047884032130241394,2.8634653091430664,-9.892841339111328,-0.0034640124067664146,-0.013589587062597275,0.04529862105846405,-2.125,7.566666603088379,-2.7333333492279053,23.56999969482422,91970.3125,809.6871337890625,0.20722581446170807,
1785349714.2055342,T,6,121354,50900,-0.004788403399288654,2.868253707885742,-9.86889934539795,-0.0037304747384041548,-0.014655436389148235,0.04529862105846405,-2.0833332538604736,7.550000190734863,-2.691666603088379,23.59000015258789,91969.78125,809.7349853515625,0.24707692861557007,
1785349714.2221262,T,7,121371,60900,-0.023942016065120697,2.8347349166870117,-9.792284965515137,-0.005862174555659294,-0.01012557465583086,0.04529862105846405,-2.008333444595337,7.625,-2.674999952316284,23.6200008392334,91969.375,809.7714233398438,0.30286848545074463,
1785349714.2387319,T,8,121388,70900,-0.043095629662275314,2.853888511657715,-9.897629737854004,-0.004263399634510279,-0.01252373680472374,0.04689739644527435,-2.008333444595337,7.599999904632568,-2.816666603088379,23.649999618530273,91969.484375,809.7616577148438,0.33474940061569214,
1785349714.2557619,T,9,121405,80900,-0.038307227194309235,2.8826189041137695,-9.873687744140625,-0.0037304747384041548,-0.013323123566806316,0.04583154618740082,-2.1666667461395264,7.4666666984558105,-2.5166666507720947,23.670000076293945,91968.1484375,809.8823852539062,0.37460049986839294,
1785349714.2728467,T,10,121422,90900,-0.028730420395731926,2.8634653091430664,-9.864110946655273,-0.003996937070041895,-0.014655436389148235,0.045032158493995667,-2.1416666507720947,7.391666889190674,-2.691666603088379,23.68000030517578,91968.3828125,809.860595703125,0.41245904564857483,
1785349714.2898653,T,11,121439,100900,-0.023942016065120697,2.8874073028564453,-9.8784761428833,-0.0034640124067664146,-0.012790199369192123,0.04663093388080597,-2.3583333492279053,7.625,-2.5999999046325684,23.649999618530273,91969.171875,809.7899169921875,0.44234737753868103,
1785349714.306871,T,12,121456,110900,-0.019153613597154617,2.8874073028564453,-9.907206535339355,-0.004263399634510279,-0.01252373680472374,0.045565083622932434,-2.2666666507720947,7.641666889190674,-2.633333444595337,23.6200008392334,91969.203125,809.7872314453125,0.49216127395629883,
1785349714.3238645,T,13,121473,120900,-0.023942016065120697,2.868253707885742,-9.8784761428833,-0.0037304747384041548,-0.012790199369192123,0.045565083622932434,-2.183333396911621,7.599999904632568,-2.4749999046325684,23.59000015258789,91969.328125,809.7752685546875,0.5240422487258911,
1785349774.1174872,T,14,181270,130900,-0.047884032130241394,2.892195701599121,-9.897629737854004,-0.0045298621989786625,-0.012257273308932781,0.04529862105846405,-2.1416666507720947,7.483333110809326,-2.625,23.579999923706055,91969.578125,809.7529296875,0.5579156279563904,
1785349774.1413262,T,15,181295,140900,-0.023942016065120697,2.892195701599121,-9.888052940368652,-0.0026646247133612633,-0.013589587062597275,0.04529862105846405,-2.125,7.483333110809326,-2.6500000953674316,23.579999923706055,91969.171875,809.7899169921875,0.5917891263961792,
1785349774.16531,T,16,181318,150900,-0.033518824726343155,2.868253707885742,-9.854534149169922,-0.004796324297785759,-0.01252373680472374,0.04529862105846405,-1.9833333492279053,7.550000190734863,-2.674999952316284,23.579999923706055,91969.0234375,809.802978515625,0.6196848750114441,
1785349774.1892817,T,17,181341,160900,-0.004788403399288654,2.8778305053710938,-9.892841339111328,-0.005862174555659294,-0.012790199369192123,0.04529862105846405,-2.0833332538604736,7.550000190734863,-2.758333444595337,23.59000015258789,91968.921875,809.8121948242188,0.6515657901763916,
1785349774.2105424,T,18,181366,170900,-0.043095629662275314,2.8634653091430664,-9.888052940368652,-0.002931087277829647,-0.011990811675786972,0.04529862105846405,-2.066666603088379,7.525000095367432,-2.6500000953674316,23.59000015258789,91968.4609375,809.8535766601562,0.667506217956543,
1785349774.2265728,T,19,181387,180900,-0.033518824726343155,2.873042106628418,-9.873687744140625,-0.003996937070041895,-0.012790199369192123,0.045565083622932434,-2.066666603088379,7.525000095367432,-2.633333444595337,23.600000381469727,91968.3515625,809.8633422851562,0.697394609451294,
1785349834.1016328,T,20,241270,190900,-0.014365210197865963,2.8634653091430664,-9.84495735168457,-0.00506278732791543,-0.012257273308932781,0.045565083622932434,-2.125,7.599999904632568,-2.5999999046325684,23.6200008392334,91969.0625,809.7997436523438,0.7252902984619141,
1785349834.1255062,T,21,241293,200900,-0.038307227194309235,2.853888511657715,-9.849745750427246,-0.003996937070041895,-0.012257273308932781,0.046364475041627884,-2.0833332538604736,7.483333110809326,-2.7166666984558105,23.6200008392334,91969.890625,809.7252197265625,0.7492009997367859,
1785349834.1494708,T,22,241316,210900,-0.043095629662275314,2.8778305053710938,-9.86889934539795,-0.0034640124067664146,-0.012790199369192123,0.0460980087518692,-2.0999999046325684,7.625,-2.558333396911621,23.610000610351562,91969.28125,809.7801513671875,0.7591637969017029,
1785349834.1698585,T,23,241341,220900,-0.033518824726343155,2.873042106628418,-9.892841339111328,-0.004263399634510279,-0.01252373680472374,0.045032158493995667,-2.049999952316284,7.5916666984558105,-2.5,23.610000610351562,91968.6171875,809.8399658203125,0.7950297594070435,
1785349834.1894379,T,24,241360,230900,-0.047884032130241394,2.8586769104003906,-9.888052940368652,-0.00506278732791543,-0.013056661002337933,0.04529862105846405,-2.1666667461395264,7.641666889190674,-2.9000000953674316,23.6200008392334,91969.203125,809.7872314453125,0.8189404606819153,
1785349834.2093017,T,25,241381,240900,-0.047884032130241394,2.8443117141723633,-9.8784761428833,-0.0037304747384041548,-0.013056661002337933,0.0460980087518692,-2.3416666984558105,7.550000190734863,-2.7166666984558105,23.6200008392334,91969.03125,809.8024291992188,0.8488287925720215,
1785416808.4547503,T,1,121278,902,-0.26336219906806946,4.67827033996582,-9.126696586608887,-0.0007993874605745077,-0.016254210844635963,0.04396630823612213,-7.608333110809326,0.4416666626930237,-5.733333110809326,20.8799991607666,92596.5625,753.4478759765625,1.8690173625946045,
1785416808.4788141,T,2,121303,10902,-0.2585737705230713,4.687847137451172,-9.155426979064941,-0.0021316998172551394,-0.01598774828016758,0.0444992333650589,-8.008333206176758,0.46666666865348816,-5.958333492279053,20.799999237060547,92597.0,753.408935546875,1.8749951124191284,
1785416808.5026724,T,3,121326,20902,-0.2825157940387726,4.683058738708496,-9.141061782836914,-0.0021316998172551394,-0.015188361518085003,0.04396630823612213,-8.091666221618652,0.5083333253860474,-5.916666507720947,20.770000457763672,92600.421875,753.102294921875,1.873002529144287,
1785416808.5223272,T,4,121351,30902,-0.272938996553421,4.6734819412231445,-9.14585018157959,-0.0007993874605745077,-0.016520673409104347,0.04343338683247566,-8.091666221618652,0.46666666865348816,-5.858333110809326,20.719999313354492,92599.015625,753.228271484375,1.8710099458694458,
1785416808.5389578,T,5,121370,40903,-0.2585737705230713,4.668693542480469,-9.136273384094238,-0.0026646247133612633,-0.014655436389148235,0.04396630823612213,-7.9666666984558105,0.4833333194255829,-5.8416666984558105,20.729999542236328,92600.8671875,753.0628051757812,1.8710099458694458,
1785416808.5591555,T,6,121387,50902,-0.2585737705230713,4.6734819412231445,-9.14585018157959,-0.0013323123566806316,-0.015721285715699196,0.04396630823612213,-8.050000190734863,0.4416666626930237,-6.041666507720947,20.75,92601.78125,752.9805908203125,1.8769875764846802,
1785416808.5784705,T,7,121406,60902,-0.26815059781074524,4.668693542480469,-9.131484985351562,-0.0021316998172551394,-0.01811944879591465,0.044232770800590515,-8.583333015441895,0.4416666626930237,-6.041666507720947,20.770000457763672,92602.1875,752.9443359375,1.8809727430343628,
1785416808.5943544,T,8,121425,70902,-0.26336219906806946,4.692635536193848,-9.165003776550293,-0.0015987749211490154,-0.015454824082553387,0.04476569592952728,-8.141666412353516,0.5083333253860474,-6.016666889190674,20.809999465942383,92599.53125,753.1823120117188,1.8809727430343628,
1785416808.6111202,T,9,121443,80902,-0.272938996553421,4.6734819412231445,-9.141061782836914,-0.0013323123566806316,-0.015454824082553387,0.04396630823612213,-8.791666984558105,0.46666666865348816,-5.974999904632568,20.799999237060547,92597.5625,753.3580932617188,1.9008982181549072,
1785416808.630056,T,10,121459,90903,-0.2585737705230713,4.67827033996582,-9.17936897277832,-0.0018652373692020774,-0.015721285715699196,0.04476569592952728,-8.091666221618652,0.5083333253860474,-5.933333396911621,20.770000457763672,92599.46875,753.187744140625,1.8809727430343628,
1785416808.6469972,T,11,121478,100902,-0.26336219906806946,4.67827033996582,-9.136273384094238,-0.0018652373692020774,-0.015721285715699196,0.04369984567165375,-8.266666412353516,0.4833333194255829,-5.933333396911621,20.770000457763672,92598.265625,753.2953491210938,1.8969131708145142,
1785416808.665748,T,12,121495,110902,-0.2777273952960968,4.668693542480469,-9.17936897277832,-0.003197549842298031,-0.014655436389148235,0.0444992333650589,-7.925000190734863,0.3499999940395355,-6.041666507720947,20.790000915527344,92597.0625,753.4030151367188,1.892928123474121,
1785416808.6829908,T,13,121514,120902,-0.29209262132644653,4.6734819412231445,-9.155426979064941,-0.0005329249543137848,-0.01598774828016758,0.044232770800590515,-7.849999904632568,0.5249999761581421,-5.916666507720947,20.809999465942383,92595.890625,753.5079345703125,1.8989057540893555,
1785416868.4745493,T,14,181297,130902,-0.2777273952960968,4.668693542480469,-9.14585018157959,-0.0013323123566806316,-0.015454824082553387,0.04396630823612213,-7.833333492279053,0.4833333194255829,-5.733333110809326,20.84000015258789,92596.3984375,753.4624633789062,1.8969131708145142,
1785416868.498465,T,15,181320,140903,-0.2825157940387726,4.683058738708496,-9.160215377807617,-0.0007993874605745077,-0.015721285715699196,0.044232770800590515,-7.941666603088379,0.4416666626930237,-5.775000095367432,20.860000610351562,92596.7109375,753.4349365234375,1.8969131708145142,
1785416868.522523,T,16,181345,150902,-0.2537853717803955,4.6734819412231445,-9.126696586608887,-0.0010658499086275697,-0.015721285715699196,0.044232770800590515,-7.925000190734863,0.4416666626930237,-5.900000095367432,20.860000610351562,92596.6640625,753.439208984375,1.9028908014297485,
1785416868.5465257,T,17,181368,160902,-0.26336219906806946,4.668693542480469,-9.14585018157959,-0.0021316998172551394,-0.014921898953616619,0.0444992333650589,-7.724999904632568,0.4833333194255829,-5.758333206176758,20.860000610351562,92596.53125,753.4506225585938,1.8969131708145142,
1785416868.5685434,T,18,181393,170902,-0.2585737705230713,4.659116744995117,-9.136273384094238,-0.0021316998172551394,-0.016254210844635963,0.04476569592952728,-7.849999904632568,0.4000000059604645,-5.933333396911621,20.8700008392334,92597.515625,753.3629760742188,1.8989057540893555,
1785416868.585933,T,19,181414,180902,-0.2537853717803955,4.668693542480469,-9.17936897277832,-0.0023981621488928795,-0.015188361518085003,0.044232770800590515,-7.983333110809326,0.550000011920929,-5.883333206176758,20.8700008392334,92597.78125,753.3391723632812,1.9008982181549072,
1785416928.4788034,T,20,241301,190902,-0.2777273952960968,4.659116744995117,-9.155426979064941,-0.0018652373692020774,-0.015454824082553387,0.04396630823612213,-8.066666603088379,0.38333332538604736,-5.775000095367432,20.8799991607666,92597.40625,753.3726806640625,1.9028908014297485,
1785416928.50254,T,21,241324,200902,-0.22026655077934265,4.668693542480469,-9.059659004211426,-0.0021316998172551394,-0.01039203628897667,0.04369984567165375,-7.983333110809326,0.5666666626930237,-5.916666507720947,20.899999618530273,92597.6796875,753.3478393554688,1.9048833847045898,
1785416928.523017,T,22,241347,210902,-0.272938996553421,4.668693542480469,-9.131484985351562,-0.0021316998172551394,-0.014388973824679852,0.0444992333650589,-7.683333396911621,0.5083333253860474,-5.733333110809326,20.93000030517578,92597.8515625,753.3327026367188,1.9068758487701416,
1785416928.5429802,T,23,241369,220902,-0.26336219906806946,4.683058738708496,-9.174580574035645,-0.0013323123566806316,-0.015454824082553387,0.0444992333650589,-7.708333492279053,0.550000011920929,-5.733333110809326,20.959999084472656,92598.671875,753.2596435546875,1.9048833847045898,
1785416928.5629983,T,24,241387,230902,-0.2537853717803955,4.668693542480469,-9.150638580322266,-0.002931087277829647,-0.014655436389148235,0.0444992333650589,-7.416666507720947,0.5083333253860474,-5.775000095367432,20.979999542236328,92599.0,753.2299194335938,1.9068758487701416,
1785416928.5829873,T,25,241408,240902,-0.26336219906806946,4.663905143737793,-9.14585018157959,-0.0026646247133612633,-0.015188361518085003,0.04316692054271698,-7.650000095367432,0.46666666865348816,-5.7166666984558105,20.989999771118164,92598.015625,753.3180541992188,1.9068758487701416,
1785417177.1696663,T,1,121279,903,0.4692635238170624,3.2130186557769775,-9.768342971801758,-0.0010658499086275697,-0.013856049627065659,0.04343338683247566,-0.17499999701976776,8.041666984558105,-2.8416666984558105,21.020000457763672,92601.9375,752.967041015625,1.799277901649475,
1785417177.1861842,T,2,121296,10903,0.507570743560791,3.2178070545196533,-9.806650161743164,-0.0015987749211490154,-0.015721285715699196,0.04396630823612213,-0.09166666865348816,8.083333015441895,-3.008333444595337,20.90999984741211,92601.0625,753.044921875,1.7853299379348755,
1785417177.2032604,T,3,121313,20903,0.4644751250743866,3.203441858291626,-9.768342971801758,-0.0015987749211490154,-0.033041346818208694,0.033041346818208694,-0.05000000074505806,8.016666412353516,-2.941666603088379,20.860000610351562,92606.515625,752.5565795898438,1.7793524265289307,
1785417177.220237,T,4,121330,30903,0.4884171485900879,3.2130186557769775,-9.81143856048584,0.0,-0.015454824082553387,0.04396630823612213,-0.09166666865348816,8.041666984558105,-2.799999952316284,20.809999465942383,92607.53125,752.4656982421875,1.7793524265289307,
1785417177.2385447,T,5,121347,40903,0.47405192255973816,3.1938650608062744,-9.797073364257812,-0.0018652373692020774,-0.015188361518085003,0.04396630823612213,-0.008333333767950535,8.058333396911621,-2.9000000953674316,20.760000228881836,92609.3359375,752.3040161132812,1.7833374738693237,
1785417177.2547083,T,6,121364,50903,0.40222588181495667,3.1651346683502197,-9.830592155456543,-0.0010658499086275697,-0.016254210844635963,0.04343338683247566,0.008333333767950535,8.083333015441895,-2.758333444595337,20.700000762939453,92610.7109375,752.1812744140625,1.7853299379348755,
1785417177.2712085,T,7,121381,60903,0.3926490843296051,3.155557870864868,-9.801861763000488,-0.0007993874605745077,-0.015721285715699196,0.04369984567165375,0.06666667014360428,8.0,-2.7750000953674316,20.649999618530273,92610.09375,752.2363891601562,1.8032630681991577,
1785417177.2883236,T,8,121398,70903,0.3926490843296051,3.179499864578247,-9.859322547912598,-0.0013323123566806316,-0.015454824082553387,0.04476569592952728,-0.05000000074505806,7.974999904632568,-2.674999952316284,20.610000610351562,92609.6328125,752.2775268554688,1.8072481155395508,
1785417177.3059273,T,9,121415,80903,0.3926490843296051,3.1507694721221924,-9.835380554199219,-0.0015987749211490154,-0.015454824082553387,0.044232770800590515,0.06666667014360428,8.083333015441895,-2.7750000953674316,20.56999969482422,92610.2421875,752.222900390625,1.8052555322647095,
1785417177.3224049,T,10,121432,90903,0.3926490843296051,3.1747114658355713,-9.859322547912598,-0.0021316998172551394,-0.016254210844635963,0.044232770800590515,0.13333334028720856,8.175000190734863,-2.6500000953674316,20.540000915527344,92610.265625,752.220703125,1.8072481155395508,
1785417177.339359,T,11,121449,100904,0.3878606855869293,3.1747114658355713,-9.797073364257812,-0.0015987749211490154,-0.015454824082553387,0.04476569592952728,0.13333334028720856,8.083333015441895,-2.691666603088379,20.510000228881836,92609.5390625,752.2861938476562,1.8311588764190674,
1785417177.356416,T,12,121466,110903,0.363918662071228,3.1316158771514893,-9.830592155456543,-0.0015987749211490154,-0.014921898953616619,0.044232770800590515,-0.02500000037252903,8.100000381469727,-2.758333444595337,20.489999771118164,92608.953125,752.338623046875,1.8311588764190674,
1785417177.3738012,T,13,121484,120903,0.38307225704193115,3.160346269607544,-9.849745750427246,-0.0021316998172551394,-0.015721285715699196,0.04476569592952728,0.10833333432674408,8.058333396911621,-2.7333333492279053,20.459999084472656,92608.6171875,752.3683471679688,1.8411215543746948,
1785417237.1772199,T,14,181298,130903,0.38307225704193115,3.1459810733795166,-9.835380554199219,-0.0021316998172551394,-0.015188361518085003,0.0444992333650589,0.05000000074505806,8.125,-2.7750000953674316,20.450000762939453,92609.3515625,752.3029174804688,1.8331514596939087,
1785417237.1939316,T,15,181315,140903,0.3878606855869293,3.155557870864868,-9.830592155456543,-0.0015987749211490154,-0.014921898953616619,0.044232770800590515,-0.05000000074505806,8.0,-2.6500000953674316,20.459999084472656,92609.0859375,752.326171875,1.8311588764190674,
1785417237.2109218,T,16,181332,150903,0.3687070608139038,3.1507694721221924,-9.77791976928711,-0.0023981621488928795,-0.015454824082553387,0.044232770800590515,0.02500000037252903,8.100000381469727,-2.674999952316284,20.5,92609.890625,752.2548217773438,1.8331514596939087,
1785417237.2292638,T,17,181349,160904,0.3687070608139038,3.1651346683502197,-9.840168952941895,-0.0015987749211490154,-0.014655436389148235,0.044232770800590515,-0.06666667014360428,8.125,-2.7333333492279053,20.59000015258789,92610.390625,752.2098999023438,1.8371365070343018,
1785417237.250071,T,18,181368,170904,0.3734954595565796,3.1507694721221924,-9.81143856048584,-0.0018652373692020774,-0.015721285715699196,0.04529862105846405,-0.06666667014360428,8.041666984558105,-2.625,20.68000030517578,92610.578125,752.193115234375,1.8431141376495361,
1785417237.2658184,T,19,181387,180903,0.37828385829925537,3.1459810733795166,-9.821015357971191,-0.0018652373692020774,-0.016254210844635963,0.0444992333650589,0.10833333432674408,8.141666412353516,-2.6500000953674316,20.68000030517578,92611.1640625,752.1406860351562,1.839129090309143,
1785417357.1684175,T,20,301302,190903,0.38307225704193115,3.1507694721221924,-9.825803756713867,-0.0010658499086275697,-0.015721285715699196,0.0444992333650589,0.05000000074505806,8.058333396911621,-2.674999952316284,20.65999984741211,92611.7578125,752.0877075195312,1.8431141376495361,
1785417357.1934175,T,21,301325,200904,0.3734954595565796,3.1459810733795166,-9.821015357971191,-0.0023981621488928795,-0.015188361518085003,0.045032158493995667,0.05000000074505806,8.125,-2.7166666984558105,20.65999984741211,92611.375,752.1212158203125,1.8451067209243774,
1785417357.2163699,T,22,301350,210904,0.35434186458587646,3.1699230670928955,-9.835380554199219,-0.00506278732791543,-0.014655436389148235,0.045032158493995667,-0.008333333767950535,8.083333015441895,-2.7166666984558105,20.760000228881836,92610.15625,752.2310180664062,1.8451067209243774,
1785417357.2391052,T,23,301373,220904,0.363918662071228,3.184288263320923,-9.801861763000488,-0.0005329249543137848,-0.015454824082553387,0.0444992333650589,0.008333333767950535,8.083333015441895,-2.7166666984558105,20.940000534057617,92608.9140625,752.3424072265625,1.8670247793197632,
1785417357.2567208,T,24,301396,230903,0.37828385829925537,3.155557870864868,-9.806650161743164,-0.0013323123566806316,-0.014921898953616619,0.04396630823612213,-0.02500000037252903,8.016666412353516,-2.691666603088379,21.059999465942383,92608.9140625,752.3424072265625,1.8431141376495361,
1785417357.2768245,T,25,301413,240903,0.3447650372982025,3.1747114658355713,-9.816226959228516,-0.002931087277829647,-0.015454824082553387,0.04529862105846405,0.008333333767950535,8.041666984558105,-2.674999952316284,21.100000381469727,92608.5078125,752.3781127929688,1.8451067209243774,
1785417357.2965283,T,26,301434,250903,0.363918662071228,3.141192674636841,-9.821015357971191,-0.0015987749211490154,-0.014655436389148235,0.044232770800590515,0.10833333432674408,8.058333396911621,-2.633333444595337,21.139999389648438,92608.71875,752.3597412109375,1.8590545654296875,
1785417357.3167045,T,27,301453,260903,0.3878606855869293,3.1747114658355713,-9.854534149169922,-0.002931087277829647,-0.015188361518085003,0.045032158493995667,-0.05000000074505806,7.941666603088379,-2.6500000953674316,21.18000030517578,92609.546875,752.28564453125,1.8470991849899292,
1785417357.336493,T,28,301474,270903,0.3878606855869293,3.155557870864868,-9.84495735168457,-0.0015987749211490154,-0.014388973824679852,0.04476569592952728,-0.008333333767950535,8.100000381469727,-2.674999952316284,21.190000534057617,92609.8359375,752.2590942382812,1.8630397319793701,
1785417357.3550773,T,29,301493,280903,0.38307225704193115,3.155557870864868,-9.821015357971191,-0.0021316998172551394,-0.014655436389148235,0.04476569592952728,0.0,8.058333396911621,-2.633333444595337,21.18000030517578,92610.203125,752.2261352539062,1.8610471487045288,
1785417357.3713799,T,30,301512,290904,0.38307225704193115,3.160346269607544,-9.854534149169922,-0.0021316998172551394,-0.014655436389148235,0.0444992333650589,0.008333333767950535,8.166666984558105,-2.7166666984558105,21.149999618530273,92610.28125,752.2196655273438,1.8690173625946045,
1785417357.3884094,T,31,301529,300904,0.38307225704193115,3.1699230670928955,-9.854534149169922,-0.0018652373692020774,-0.01598774828016758,0.04476569592952728,0.0,8.058333396911621,-2.6500000953674316,21.1299991607666,92611.015625,752.1536865234375,1.8749951124191284,
1785417417.157004,T,32,361298,310903,0.35913026332855225,3.1651346683502197,-9.830592155456543,-0.0015987749211490154,-0.015188361518085003,0.0444992333650589,0.05000000074505806,8.175000190734863,-2.7166666984558105,21.100000381469727,92610.8828125,752.1655883789062,1.8670247793197632,
1785417417.1729705,T,33,361315,320904,0.3734954595565796,3.1651346683502197,-9.835380554199219,-0.0018652373692020774,-0.014388973824679852,0.04369984567165375,0.0,8.083333015441895,-2.8583333492279053,21.09000015258789,92610.9375,752.1607055664062,1.8710099458694458,
1785417417.189991,T,34,361332,330903,0.3687070608139038,3.160346269607544,-9.840168952941895,-0.0034640124067664146,-0.015721285715699196,0.045032158493995667,-0.008333333767950535,8.016666412353516,-2.6500000953674316,21.079999923706055,92611.03125,752.152587890625,1.8670247793197632,
1785417417.206963,T,35,361349,340903,0.35434186458587646,3.1459810733795166,-9.816226959228516,-0.0013323123566806316,-0.014655436389148235,0.0444992333650589,0.008333333767950535,8.100000381469727,-2.758333444595337,21.06999969482422,92610.5703125,752.1936645507812,1.8670247793197632,
1785417417.2239842,T,36,361366,350904,0.35913026332855225,3.155557870864868,-9.840168952941895,-0.0023981621488928795,-0.015454824082553387,0.044232770800590515,-0.02500000037252903,8.0,-2.625,21.040000915527344,92610.921875,752.1622924804688,1.8690173625946045,
1785417417.2411664,T,37,361384,360903,0.37828385829925537,3.155557870864868,-9.821015357971191,-0.0013323123566806316,-0.014921898953616619,0.044232770800590515,-0.008333333767950535,8.0,-2.758333444595337,21.049999237060547,92611.203125,752.1369018554688,1.8710099458694458,
1785417477.160227,T,38,421298,370903,0.37828385829925537,3.136404275894165,-9.840168952941895,-0.003197549842298031,-0.01598774828016758,0.04529862105846405,0.10833333432674408,8.125,-2.5833332538604736,21.25,92611.0,752.1552734375,1.8670247793197632,
1785417477.18487,T,39,421324,380904,0.35434186458587646,3.179499864578247,-9.806650161743164,-0.0010658499086275697,-0.014921898953616619,0.044232770800590515,-0.06666667014360428,8.058333396911621,-2.6500000953674316,21.389999389648438,92611.109375,752.1455688476562,1.8769875764846802,
1785417477.2080665,T,40,421347,390904,0.3734954595565796,3.155557870864868,-9.825803756713867,-0.0015987749211490154,-0.013589587062597275,0.044232770800590515,-0.05000000074505806,8.125,-2.625,21.540000915527344,92609.2109375,752.3153686523438,1.8710099458694458,
1785417477.23209,T,41,421370,400903,0.35913026332855225,3.1651346683502197,-9.830592155456543,-0.0026646247133612633,-0.014122511260211468,0.04396630823612213,-0.02500000037252903,8.016666412353516,-2.691666603088379,21.68000030517578,92609.5078125,752.2888793945312,1.8690173625946045,
1785417477.2539623,T,42,421395,410903,0.363918662071228,3.1699230670928955,-9.873687744140625,-0.0021316998172551394,-0.014655436389148235,0.0444992333650589,0.008333333767950535,8.0,-2.625,21.770000457763672,92608.234375,752.4029541015625,1.8650321960449219,
1785417477.270269,T,43,421416,420903,0.37828385829925537,3.160346269607544,-9.825803756713867,-0.003197549842298031,-0.014122511260211468,0.04476569592952728,0.008333333767950535,8.141666412353516,-2.558333396911621,21.81999969482422,92607.96875,752.4262084960938,1.8690173625946045,
1785417537.1562026,T,44,481300,430903,0.3878606855869293,3.160346269607544,-9.835380554199219,-0.002931087277829647,-0.015188361518085003,0.04343338683247566,-0.17499999701976776,8.041666984558105,-2.7166666984558105,21.81999969482422,92607.890625,752.4332885742188,1.8690173625946045,
1785417537.1802123,T,45,481324,440903,0.3734954595565796,3.160346269607544,-9.825803756713867,-0.002931087277829647,-0.014388973824679852,0.04396630823612213,0.0,8.041666984558105,-2.6500000953674316,21.780000686645508,92611.421875,752.117431640625,1.8670247793197632,
1785417537.2040648,T,46,481347,450903,0.38307225704193115,3.155557870864868,-9.854534149169922,-0.0010658499086275697,-0.014655436389148235,0.04476569592952728,-0.02500000037252903,8.058333396911621,-2.674999952316284,21.709999084472656,92611.5625,752.10498046875,1.873002529144287,
1785417537.2281182,T,47,481370,460903,0.3687070608139038,3.160346269607544,-9.849745750427246,-0.0021316998172551394,-0.015188361518085003,0.04529862105846405,0.02500000037252903,8.166666984558105,-2.758333444595337,21.639999389648438,92612.5078125,752.0200805664062,1.8690173625946045,
1785417537.2495055,T,48,481395,470903,0.3734954595565796,3.155557870864868,-9.840168952941895,-0.0015987749211490154,-0.014122511260211468,0.045565083622932434,0.02500000037252903,8.216666221618652,-2.5,21.56999969482422,92612.828125,751.991455078125,1.8690173625946045,
1785417537.2655582,T,49,481416,480904,0.3734954595565796,3.155557870864868,-9.835380554199219,-0.0018652373692020774,-0.014921898953616619,0.04396630823612213,-0.06666667014360428,8.100000381469727,-2.7166666984558105,21.510000228881836,92613.8125,751.9032592773438,1.873002529144287,
1785417597.1522276,T,50,541300,490904,0.3734954595565796,3.155557870864868,-9.825803756713867,-0.0026646247133612633,-0.014122511260211468,0.04529862105846405,0.008333333767950535,8.058333396911621,-2.674999952316284,21.469999313354492,92614.828125,751.8124389648438,1.8749951124191284,
1785417597.1770084,T,51,541324,500903,0.3734954595565796,3.184288263320923,-9.849745750427246,-0.002931087277829647,-0.014122511260211468,0.044232770800590515,0.0,8.016666412353516,-2.5416667461395264,21.440000534057617,92615.390625,751.7615966796875,1.8690173625946045,
1785417597.1983974,T,52,541349,510903,0.37828385829925537,3.1459810733795166,-9.840168952941895,-0.0018652373692020774,-0.013856049627065659,0.045032158493995667,-0.02500000037252903,8.016666412353516,-2.625,21.420000076293945,92615.515625,751.7507934570312,1.8710099458694458,
1785417597.2166407,T,53,541370,520903,0.35434186458587646,3.1747114658355713,-9.830592155456543,-0.0021316998172551394,-0.014655436389148235,0.0444992333650589,0.05000000074505806,8.058333396911621,-2.691666603088379,21.3799991607666,92615.65625,751.7383422851562,1.873002529144287,
1785417597.2370124,T,54,541389,530903,0.3687070608139038,3.1651346683502197,-9.830592155456543,-0.0021316998172551394,-0.014388973824679852,0.04369984567165375,0.008333333767950535,7.974999904632568,-2.633333444595337,21.34000015258789,92615.375,751.7632446289062,1.873002529144287,
1785417597.2567096,T,55,541408,540903,0.3734954595565796,3.155557870864868,-9.821015357971191,-0.002931087277829647,-0.014388973824679852,0.044232770800590515,0.09166666865348816,8.125,-2.691666603088379,21.309999465942383,92615.71875,751.73291015625,1.8789801597595215,
1785417657.152121,T,56,601302,550903,0.38307225704193115,3.1507694721221924,-9.835380554199219,-0.0021316998172551394,-0.015188361518085003,0.04476569592952728,0.05000000074505806,8.041666984558105,-2.674999952316284,21.280000686645508,92615.0,751.7967529296875,1.8749951124191284,
1785417657.1761074,T,57,601325,560903,0.363918662071228,3.1651346683502197,-9.864110946655273,-0.0018652373692020774,-0.014921898953616619,0.04369984567165375,0.0,8.100000381469727,-2.7750000953674316,21.260000228881836,92614.046875,751.8827514648438,1.8690173625946045,
1785417657.2000225,T,58,601348,570904,0.3734954595565796,3.1699230670928955,-9.840168952941895,-0.0005329249543137848,-0.014388973824679852,0.04396630823612213,0.05000000074505806,8.083333015441895,-2.5999999046325684,21.239999771118164,92614.7890625,751.8162231445312,1.8749951124191284,
1785417657.2198853,T,59,601373,580903,0.35913026332855225,3.1507694721221924,-9.835380554199219,-0.0023981621488928795,-0.014921898953616619,0.04529862105846405,0.008333333767950535,8.058333396911621,-2.5999999046325684,21.239999771118164,92614.40625,751.8502807617188,1.8710099458694458,
1785417657.2359965,T,60,601392,590903,0.3926490843296051,3.155557870864868,-9.825803756713867,-0.0021316998172551394,-0.014921898953616619,0.04476569592952728,-0.05000000074505806,8.100000381469727,-2.691666603088379,21.219999313354492,92614.8671875,751.8086547851562,1.8710099458694458,
1785417657.2529893,T,61,601409,600903,0.3687070608139038,3.1507694721221924,-9.849745750427246,-0.0015987749211490154,-0.014655436389148235,0.04529862105846405,0.0,8.166666984558105,-2.816666603088379,21.200000762939453,92615.125,751.7859497070312,1.8710099458694458,
1785417717.1486816,T,62,661300,610904,0.33997663855552673,3.1651346683502197,-9.821015357971191,-0.002931087277829647,-0.014122511260211468,0.045032158493995667,-0.06666667014360428,8.016666412353516,-2.5416667461395264,21.18000030517578,92615.921875,751.7145385742188,1.8710099458694458,
1785417717.1720998,T,63,661324,620903,0.37828385829925537,3.141192674636841,-9.835380554199219,-0.0023981621488928795,-0.014655436389148235,0.04343338683247566,-0.008333333767950535,8.041666984558105,-2.674999952316284,21.149999618530273,92616.828125,751.6334228515625,1.8710099458694458,
1785417717.1962276,T,64,661347,630903,0.3734954595565796,3.1507694721221924,-9.821015357971191,-0.0023981621488928795,-0.014921898953616619,0.04369984567165375,0.05000000074505806,8.083333015441895,-2.691666603088379,21.110000610351562,92616.5,751.6631469726562,1.8690173625946045,
1785417717.2200637,T,65,661372,640903,0.3687070608139038,3.1507694721221924,-9.84495735168457,-0.0021316998172551394,-0.015721285715699196,0.04476569592952728,-0.008333333767950535,8.016666412353516,-2.758333444595337,21.049999237060547,92616.1640625,751.6929321289062,1.873002529144287,
1785417717.2392082,T,66,661395,650903,0.35913026332855225,3.155557870864868,-9.830592155456543,-0.0023981621488928795,-0.014921898953616619,0.04343338683247566,0.10833333432674408,8.175000190734863,-2.674999952316284,21.059999465942383,92617.34375,751.5869140625,1.8710099458694458,
1785417717.255725,T,67,661414,660904,0.3734954595565796,3.1316158771514893,-9.797073364257812,-0.002931087277829647,-0.014388973824679852,0.04396630823612213,-0.10833333432674408,8.0,-2.7166666984558105,21.209999084472656,92618.03125,751.5258178710938,1.8749951124191284,
1785417777.144179,T,68,721298,670904,0.3878606855869293,3.1316158771514893,-9.830592155456543,-0.0026646247133612633,-0.015454824082553387,0.0444992333650589,-0.09166666865348816,7.9666666984558105,-2.633333444595337,21.389999389648438,92617.484375,751.574462890625,1.873002529144287,
1785417777.166714,T,69,721324,680903,0.3687070608139038,3.155557870864868,-9.835380554199219,-0.0023981621488928795,-0.014388973824679852,0.04396630823612213,0.008333333767950535,8.166666984558105,-2.7166666984558105,21.510000228881836,92615.53125,751.7491455078125,1.8690173625946045,
1785417777.186756,T,70,721345,690903,0.38307225704193115,3.160346269607544,-9.84495735168457,-0.0021316998172551394,-0.013856049627065659,0.0444992333650589,0.02500000037252903,8.016666412353516,-2.625,21.610000610351562,92615.03125,751.7940673828125,1.8749951124191284,
1785417777.2066689,T,71,721364,700903,0.37828385829925537,3.160346269607544,-9.859322547912598,-0.0034640124067664146,-0.014388973824679852,0.04476569592952728,0.02500000037252903,8.016666412353516,-2.633333444595337,21.719999313354492,92616.671875,751.64697265625,1.8630397319793701,
1785417777.2277327,T,72,721385,710903,0.35913026332855225,3.160346269607544,-9.816226959228516,-0.002931087277829647,-0.013856049627065659,0.0444992333650589,0.05000000074505806,8.016666412353516,-2.691666603088379,21.780000686645508,92617.5234375,751.5712280273438,1.8490917682647705,
1785417777.2466924,T,73,721406,720903,0.38307225704193115,3.160346269607544,-9.81143856048584,-0.0021316998172551394,-0.015454824082553387,0.045565083622932434,-0.13333334028720856,8.100000381469727,-2.5,21.829999923706055,92616.078125,751.7005004882812,1.8490917682647705,
1785417837.1410584,T,74,781298,730904,0.3734954595565796,3.160346269607544,-9.830592155456543,-0.003197549842298031,-0.014122511260211468,0.04476569592952728,0.008333333767950535,8.058333396911621,-2.633333444595337,21.860000610351562,92613.65625,751.9173583984375,1.8650321960449219,
1785417837.1643794,T,75,781324,740904,0.37828385829925537,3.1316158771514893,-9.835380554199219,-0.0021316998172551394,-0.015188361518085003,0.045565083622932434,-0.02500000037252903,8.100000381469727,-2.758333444595337,21.81999969482422,92616.828125,751.6334228515625,1.8710099458694458,
1785417837.1872854,T,76,781347,750904,0.3687070608139038,3.179499864578247,-9.830592155456543,-0.0034640124067664146,-0.013323123566806316,0.04529862105846405,0.05000000074505806,8.141666412353516,-2.6500000953674316,21.790000915527344,92618.84375,751.4528198242188,1.8670247793197632,
1785417837.2046387,T,77,781368,760903,0.363918662071228,3.141192674636841,-9.830592155456543,-0.0026646247133612633,-0.014655436389148235,0.045565083622932434,0.0,8.016666412353516,-2.7333333492279053,21.809999465942383,92617.609375,751.5636596679688,1.8670247793197632,
1785417837.224663,T,78,781387,770903,0.3687070608139038,3.141192674636841,-9.840168952941895,-0.0007993874605745077,-0.013856049627065659,0.04529862105846405,-0.02500000037252903,8.100000381469727,-2.758333444595337,21.829999923706055,92615.3203125,751.7686157226562,1.8690173625946045,
1785417837.2446473,T,79,781406,780903,0.35434186458587646,3.160346269607544,-9.816226959228516,-0.0034640124067664146,-0.014122511260211468,0.04529862105846405,-0.008333333767950535,8.141666412353516,-2.7333333492279053,21.860000610351562,92613.03125,751.9735717773438,1.8690173625946045,
1785418701.460792,T,1,62118,902,0.12928688526153564,3.7158010005950928,-9.57201862335205,0.0005329249543137848,-0.01598774828016758,0.045565083622932434,-6.675000190734863,7.224999904632568,-3.066666603088379,20.739999771118164,92608.59375,752.3705444335938,1.609985113143921,
1785418701.4765656,T,2,62133,10903,0.12928688526153564,3.73016619682312,-9.576807022094727,-0.0010658499086275697,-0.017053598538041115,0.04343338683247566,-7.25,7.133333206176758,-3.258333444595337,20.670000076293945,92607.359375,752.4808349609375,1.609985113143921,
1785418701.4927363,T,3,62150,20903,0.1149216815829277,3.758896589279175,-9.605537414550781,-0.0002664624771568924,-0.015454824082553387,0.0444992333650589,-7.375,7.108333110809326,-3.3499999046325684,20.65999984741211,92611.375,752.1212158203125,1.6179553270339966,
1785418701.5085368,T,4,62165,30903,0.12928688526153564,3.73016619682312,-9.591172218322754,-0.0005329249543137848,-0.015721285715699196,0.0444992333650589,-7.833333492279053,7.066666603088379,-3.5416667461395264,20.65999984741211,92611.71875,752.0909423828125,1.6418659687042236,
1785418701.525032,T,5,62182,40903,0.10534487664699554,3.7397429943084717,-9.57201862335205,-0.0015987749211490154,-0.016254210844635963,0.04396630823612213,-7.25,7.108333110809326,-3.3499999046325684,20.670000076293945,92612.1796875,752.04931640625,1.6179553270339966,
1785418701.5417244,T,6,62199,50903,0.1149216815829277,3.7253777980804443,-9.610325813293457,-0.0007993874605745077,-0.016254210844635963,0.04343338683247566,-7.224999904632568,7.0,-3.8333332538604736,20.65999984741211,92611.890625,752.0758056640625,1.6378809213638306,
1785418701.5567095,T,7,62214,60903,0.12449848651885986,3.73016619682312,-9.610325813293457,-0.0013323123566806316,-0.015188361518085003,0.045565083622932434,-7.133333206176758,7.108333110809326,-3.5833332538604736,20.6299991607666,92611.4140625,752.1179809570312,1.647843599319458,
1785418760.6878278,T,8,121316,70903,0.11971008777618408,3.7253777980804443,-9.605537414550781,-0.0005329249543137848,-0.01598774828016758,0.0444992333650589,-7.608333110809326,7.133333206176758,-3.625,20.600000381469727,92610.578125,752.193115234375,1.6717544794082642,
1785418760.7117703,T,9,121339,80903,0.11971008777618408,3.73016619682312,-9.59596061706543,-0.0013323123566806316,-0.014921898953616619,0.04396630823612213,-7.291666507720947,7.133333206176758,-3.433333396911621,20.579999923706055,92611.5546875,752.1055297851562,1.6518288850784302,
1785418760.735746,T,10,121364,90903,0.10534487664699554,3.734954595565796,-9.610325813293457,-0.0023981621488928795,-0.015188361518085003,0.045032158493995667,-7.183333396911621,7.066666603088379,-3.258333444595337,20.56999969482422,92611.09375,752.1466064453125,1.6518288850784302,
1785418760.7609413,T,11,121387,100903,0.11971008777618408,3.7397429943084717,-9.600749015808105,-0.0013323123566806316,-0.015721285715699196,0.045032158493995667,-7.308333396911621,7.150000095367432,-3.1500000953674316,20.559999465942383,92611.765625,752.0866088867188,1.6578065156936646,
1785418760.7796767,T,12,121412,110903,0.1149216815829277,3.7445313930511475,-9.610325813293457,-0.0018652373692020774,-0.016520673409104347,0.04476569592952728,-6.891666889190674,7.191666603088379,-3.133333444595337,20.540000915527344,92611.8125,752.0828247070312,1.6558139324188232,
1785418760.7957559,T,13,121431,120903,0.11971008777618408,3.7397429943084717,-9.605537414550781,-0.0002664624771568924,-0.016254210844635963,0.045032158493995667,-6.983333110809326,7.133333206176758,-3.174999952316284,20.540000915527344,92610.1875,752.228271484375,1.6757395267486572,
1785418820.6721556,T,14,181316,130903,0.1149216815829277,3.73016619682312,-9.624691009521484,-0.0018652373692020774,-0.015188361518085003,0.0444992333650589,-7.008333206176758,7.0916666984558105,-3.174999952316284,20.540000915527344,92610.09375,752.2363891601562,1.677731990814209,
1785418820.6957588,T,15,181341,140903,0.10055647045373917,3.734954595565796,-9.57201862335205,-0.0005329249543137848,-0.014921898953616619,0.0444992333650589,-6.9666666984558105,7.133333206176758,-3.1083333492279053,20.540000915527344,92610.09375,752.2363891601562,1.677731990814209,
1785418820.717106,T,16,181364,150903,0.11971008777618408,3.7445313930511475,-9.586383819580078,-0.0013323123566806316,-0.015721285715699196,0.045032158493995667,-7.008333206176758,7.066666603088379,-3.2333333492279053,20.549999237060547,92610.0390625,752.2412719726562,1.6757395267486572,
1785418820.7371898,T,17,181385,160903,0.11971008777618408,3.7253777980804443,-9.619902610778809,-0.0015987749211490154,-0.015188361518085003,0.04529862105846405,-6.958333492279053,7.150000095367432,-3.0916666984558105,20.549999237060547,92609.9296875,752.2510375976562,1.6837096214294434,
1785418820.7571275,T,18,181406,170903,0.12449848651885986,3.73016619682312,-9.600749015808105,-0.0013323123566806316,-0.014655436389148235,0.045032158493995667,-6.849999904632568,7.108333110809326,-3.174999952316284,20.540000915527344,92610.578125,752.193115234375,1.6797245740890503,
1785418820.777091,T,19,181425,180903,0.12928688526153564,3.711012601852417,-9.586383819580078,-0.0021316998172551394,-0.015721285715699196,0.044232770800590515,-6.833333492279053,7.175000190734863,-2.9666666984558105,20.549999237060547,92611.515625,752.1087646484375,1.7056277990341187,
1785418880.6558843,T,20,241316,190903,0.11971008777618408,3.7445313930511475,-9.591172218322754,-0.0015987749211490154,-0.015454824082553387,0.04476569592952728,-7.0916666984558105,7.150000095367432,-3.1083333492279053,20.549999237060547,92611.234375,752.1342163085938,1.7056277990341187,
1785418880.6797774,T,21,241339,200903,0.11971008777618408,3.7158010005950928,-9.624691009521484,-0.0015987749211490154,-0.014921898953616619,0.04476569592952728,-7.0916666984558105,7.025000095367432,-3.1083333492279053,20.559999465942383,92610.9375,752.1607055664062,1.7056277990341187,
1785418880.7037575,T,22,241362,210903,0.11013327538967133,3.7253777980804443,-9.581595420837402,-0.0023981621488928795,-0.015188361518085003,0.045032158493995667,-7.008333206176758,7.133333206176758,-3.174999952316284,20.56999969482422,92611.2734375,752.1309814453125,1.7116055488586426,
1785418880.7277374,T,23,241387,220903,0.1388636976480484,3.734954595565796,-9.619902610778809,-0.0005329249543137848,-0.015721285715699196,0.0444992333650589,-6.983333110809326,7.066666603088379,-3.1500000953674316,20.579999923706055,92611.90625,752.0741577148438,1.7096128463745117,
1785418880.747456,T,24,241410,230903,0.11013327538967133,3.73016619682312,-9.600749015808105,-0.0018652373692020774,-0.014655436389148235,0.045565083622932434,-7.008333206176758,7.133333206176758,-3.133333444595337,20.59000015258789,92611.15625,752.1412353515625,1.7116055488586426,
1785418880.7645133,T,25,241431,240903,0.1149216815829277,3.734954595565796,-9.591172218322754,-0.0021316998172551394,-0.014655436389148235,0.04476569592952728,-7.008333206176758,7.133333206176758,-3.191666603088379,20.600000381469727,92610.40625,752.2083129882812,1.7195756435394287,
1785418940.650967,T,26,301316,250903,0.11971008777618408,3.7205893993377686,-9.59596061706543,-0.0015987749211490154,-0.015454824082553387,0.045032158493995667,-7.066666603088379,7.150000095367432,-3.0916666984558105,20.6200008392334,92610.78125,752.1747436523438,1.72156822681427,
1785418940.670504,T,27,301337,260903,0.13407529890537262,3.73016619682312,-9.59596061706543,-0.0015987749211490154,-0.014921898953616619,0.04396630823612213,-7.108333110809326,7.108333110809326,-3.308333396911621,20.6200008392334,92610.8125,752.1715087890625,1.7195756435394287,
1785418940.6899,T,28,301358,270903,0.1149216815829277,3.7397429943084717,-9.605537414550781,-0.0015987749211490154,-0.014921898953616619,0.04476569592952728,-7.066666603088379,7.191666603088379,-3.0916666984558105,20.649999618530273,92612.109375,752.0557861328125,1.72156822681427,
1785418940.709291,T,29,301377,280903,0.10534487664699554,3.7397429943084717,-9.586383819580078,-0.0013323123566806316,-0.014122511260211468,0.04396630823612213,-7.050000190734863,7.133333206176758,-3.174999952316284,20.65999984741211,92613.171875,751.9606323242188,1.7355161905288696,
1785418940.7293136,T,30,301396,290903,0.1149216815829277,3.7205893993377686,-9.605537414550781,-0.0026646247133612633,-0.015454824082553387,0.045032158493995667,-7.050000190734863,7.066666603088379,-3.133333444595337,20.68000030517578,92612.4609375,752.0244140625,1.72156822681427,
1785418940.7492568,T,31,301415,300903,0.12449848651885986,3.7158010005950928,-9.59596061706543,-0.0021316998172551394,-0.015721285715699196,0.045032158493995667,-6.9666666984558105,7.0916666984558105,-3.133333444595337,20.690000534057617,92613.140625,751.9633178710938,1.7474714517593384,
1785419000.651957,T,32,361316,310903,0.11971008777618408,3.6774938106536865,-9.524134635925293,-0.0023981621488928795,-0.017586523666977882,0.047696780413389206,-7.066666603088379,7.208333492279053,-3.191666603088379,20.700000762939453,92613.6328125,751.9194946289062,1.7395012378692627,
1785419000.6759064,T,33,361339,320903,0.11971008777618408,3.7253777980804443,-9.610325813293457,-0.0023981621488928795,-0.015721285715699196,0.04476569592952728,-7.008333206176758,7.133333206176758,-3.0916666984558105,20.719999313354492,92614.0,751.8865356445312,1.7434862852096558,
1785419000.6963336,T,34,361362,330903,0.10534487664699554,3.73016619682312,-9.610325813293457,-0.0023981621488928795,-0.015454824082553387,0.04529862105846405,-8.050000190734863,7.0,-3.6416666507720947,20.729999542236328,92612.5703125,752.01416015625,1.7494639158248901,
1785419000.7167904,T,35,361383,340903,0.10534487664699554,3.73016619682312,-9.586383819580078,-0.0026646247133612633,-0.013589587062597275,0.044232770800590515,-6.766666889190674,7.108333110809326,-3.1083333492279053,20.739999771118164,92613.5390625,751.9281616210938,1.7355161905288696,
1785419000.736476,T,36,361403,350903,0.11013327538967133,3.7158010005950928,-9.610325813293457,-0.003197549842298031,-0.014921898953616619,0.0444992333650589,-6.833333492279053,7.108333110809326,-3.2333333492279053,20.760000228881836,92614.078125,751.8794555664062,1.741493821144104,
1785419000.7565317,T,37,361423,360903,0.10534487664699554,3.7205893993377686,-9.605537414550781,-0.0023981621488928795,-0.015454824082553387,0.04369984567165375,-7.150000095367432,7.066666603088379,-2.924999952316284,20.790000915527344,92614.703125,751.8237915039062,1.7474714517593384,
1785419060.6466577,T,38,421316,370903,0.11013327538967133,3.754108190536499,-9.615114212036133,-0.0010658499086275697,-0.014921898953616619,0.044232770800590515,-6.916666507720947,7.108333110809326,-3.008333444595337,20.850000381469727,92613.9765625,751.888671875,1.7395012378692627,
1785419060.6663666,T,39,421337,380903,0.10055647045373917,3.7493197917938232,-9.624691009521484,-0.0018652373692020774,-0.015454824082553387,0.04583154618740082,-6.849999904632568,7.066666603088379,-3.1083333492279053,20.93000030517578,92611.890625,752.0758056640625,1.751456618309021,
1785419060.6862612,T,40,421356,390903,0.10055647045373917,3.7445313930511475,-9.591172218322754,-0.0023981621488928795,-0.014388973824679852,0.04476569592952728,-7.066666603088379,7.050000190734863,-3.0250000953674316,20.979999542236328,92611.578125,752.1033935546875,1.7534492015838623,
1785419060.706484,T,41,421377,400903,0.1149216815829277,3.73016619682312,-9.619902610778809,-0.0015987749211490154,-0.015188361518085003,0.04476569592952728,-6.983333110809326,7.0916666984558105,-3.2166666984558105,21.0,92611.109375,752.1455688476562,1.7494639158248901,
1785419060.7261944,T,42,421398,410903,0.11013327538967133,3.7397429943084717,-9.591172218322754,-0.0026646247133612633,-0.014921898953616619,0.045565083622932434,-7.050000190734863,7.066666603088379,-3.133333444595337,21.040000915527344,92612.3359375,752.0357666015625,1.765404462814331,
1785419060.7426672,T,43,421417,420903,0.12928688526153564,3.7158010005950928,-9.643844604492188,-0.0026646247133612633,-0.015454824082553387,0.045032158493995667,-6.891666889190674,7.050000190734863,-3.0916666984558105,21.010000228881836,92611.7421875,752.0887451171875,1.7673969268798828,
